index,y,x
0,354,510
1,355,508
2,355,509
3,355,510
4,355,511
5,356,505
6,356,506
7,356,507
8,356,508
9,356,509
10,356,510
11,356,511
12,356,512
13,357,492
14,357,493
15,357,494
16,357,495
17,357,496
18,357,503
19,357,504
20,357,505
21,357,506
22,357,507
23,357,508
24,357,509
25,357,510
26,357,511
27,357,512
28,357,513
29,357,521
30,357,522
31,357,523
32,357,524
33,357,525
34,357,526
35,357,527
36,357,528
37,357,529
38,358,490
39,358,491
40,358,492
41,358,493
42,358,494
43,358,495
44,358,496
45,358,497
46,358,498
47,358,499
48,358,500
49,358,502
50,358,503
51,358,504
52,358,505
53,358,506
54,358,507
55,358,508
56,358,509
57,358,510
58,358,511
59,358,512
60,358,513
61,358,514
62,358,520
63,358,521
64,358,522
65,358,523
66,358,524
67,358,525
68,358,526
69,358,527
70,358,528
71,358,529
72,358,530
73,358,531
74,358,532
75,358,539
76,358,540
77,358,541
78,359,491
79,359,492
80,359,493
81,359,494
82,359,495
83,359,496
84,359,502
85,359,503
86,359,504
87,359,505
88,359,506
89,359,507
90,359,508
91,359,509
92,359,510
93,359,511
94,359,512
95,359,513
96,359,520
97,359,521
98,359,522
99,359,523
100,359,524
101,359,525
102,359,526
103,359,527
104,359,528
105,359,529
106,359,530
107,360,491
108,360,492
109,360,493
110,360,494
111,360,501
112,360,502
113,360,503
114,360,504
115,360,505
116,360,506
117,360,507
118,360,508
119,360,509
120,360,510
121,360,511
122,360,518
123,360,519
124,360,520
125,360,521
126,360,522
127,360,523
128,360,524
129,360,525
130,360,526
131,360,527
132,360,528
133,360,529
134,360,536
135,360,537
136,361,492
137,361,493
138,361,501
139,361,502
140,361,503
141,361,509
142,361,510
143,361,518
144,361,519
145,361,520
146,361,521
147,361,522
148,361,523
149,361,524
150,361,525
151,361,526
152,361,527
153,361,528
154,361,529
155,361,535
156,361,536
157,361,537
158,361,543
159,361,544
160,361,545
161,362,491
162,362,492
163,362,493
164,362,501
165,362,502
166,362,503
167,362,504
168,362,505
169,362,506
170,362,507
171,362,508
172,362,509
173,362,510
174,362,511
175,362,512
176,362,516
177,362,517
178,362,518
179,362,519
180,362,520
181,362,521
182,362,522
183,362,523
184,362,524
185,362,525
186,362,526
187,362,527
188,362,528
189,362,529
190,362,535
191,362,536
192,362,537
193,362,538
194,362,542
195,362,543
196,362,544
197,362,545
198,362,546
199,363,486
200,363,487
201,363,488
202,363,489
203,363,490
204,363,491
205,363,492
206,363,493
207,363,494
208,363,495
209,363,499
210,363,500
211,363,501
212,363,502
213,363,503
214,363,504
215,363,505
216,363,506
217,363,507
218,363,508
219,363,509
220,363,510
221,363,511
222,363,512
223,363,513
224,363,514
225,363,515
226,363,516
227,363,517
228,363,518
229,363,519
230,363,520
231,363,521
232,363,522
233,363,523
234,363,524
235,363,525
236,363,526
237,363,527
238,363,528
239,363,529
240,363,530
241,363,535
242,363,536
243,363,537
244,363,538
245,363,539
246,363,540
247,363,541
248,363,542
249,363,543
250,363,544
251,363,545
252,363,546
253,363,547
254,364,485
255,364,486
256,364,487
257,364,488
258,364,489
259,364,490
260,364,491
261,364,492
262,364,493
263,364,494
264,364,495
265,364,496
266,364,497
267,364,498
268,364,499
269,364,500
270,364,501
271,364,502
272,364,503
273,364,504
274,364,505
275,364,506
276,364,507
277,364,508
278,364,509
279,364,510
280,364,511
281,364,512
282,364,513
283,364,514
284,364,515
285,364,516
286,364,517
287,364,518
288,364,519
289,364,520
290,364,521
291,364,522
292,364,523
293,364,524
294,364,525
295,364,526
296,364,527
297,364,528
298,364,529
299,364,530
300,364,531
301,364,532
302,364,533
303,364,534
304,364,538
305,364,539
306,364,540
307,364,541
308,364,542
309,364,543
310,364,544
311,364,545
312,364,546
313,364,547
314,364,548
315,364,549
316,365,480
317,365,485
318,365,486
319,365,487
320,365,488
321,365,489
322,365,490
323,365,491
324,365,492
325,365,493
326,365,494
327,365,495
328,365,496
329,365,497
330,365,498
331,365,499
332,365,500
333,365,501
334,365,502
335,365,503
336,365,504
337,365,505
338,365,506
339,365,507
340,365,508
341,365,509
342,365,510
343,365,511
344,365,512
345,365,513
346,365,514
347,365,515
348,365,516
349,365,517
350,365,518
351,365,519
352,365,520
353,365,521
354,365,522
355,365,523
356,365,524
357,365,525
358,365,526
359,365,527
360,365,528
361,365,529
362,365,530
363,365,531
364,365,532
365,365,533
366,365,534
367,365,537
368,365,538
369,365,539
370,365,540
371,365,541
372,365,542
373,365,543
374,365,544
375,365,545
376,365,546
377,365,547
378,365,548
379,365,549
380,365,550
381,366,486
382,366,487
383,366,488
384,366,489
385,366,490
386,366,491
387,366,492
388,366,493
389,366,494
390,366,495
391,366,496
392,366,497
393,366,498
394,366,499
395,366,500
396,366,501
397,366,502
398,366,503
399,366,504
400,366,505
401,366,506
402,366,507
403,366,508
404,366,509
405,366,510
406,366,511
407,366,512
408,366,513
409,366,514
410,366,515
411,366,516
412,366,517
413,366,518
414,366,519
415,366,520
416,366,521
417,366,522
418,366,523
419,366,524
420,366,525
421,366,526
422,366,527
423,366,528
424,366,529
425,366,530
426,366,531
427,366,532
428,366,533
429,366,534
430,366,535
431,366,536
432,366,537
433,366,538
434,366,539
435,366,540
436,366,541
437,366,542
438,366,543
439,366,544
440,366,545
441,366,546
442,366,547
443,366,548
444,366,549
445,366,550
446,367,487
447,367,488
448,367,489
449,367,490
450,367,491
451,367,492
452,367,493
453,367,494
454,367,495
455,367,496
456,367,497
457,367,498
458,367,499
459,367,500
460,367,501
461,367,502
462,367,503
463,367,504
464,367,505
465,367,506
466,367,507
467,367,508
468,367,509
469,367,510
470,367,511
471,367,512
472,367,513
473,367,514
474,367,515
475,367,516
476,367,517
477,367,518
478,367,519
479,367,520
480,367,521
481,367,522
482,367,523
483,367,524
484,367,525
485,367,526
486,367,527
487,367,528
488,367,529
489,367,530
490,367,531
491,367,532
492,367,533
493,367,534
494,367,535
495,367,536
496,367,537
497,367,538
498,367,539
499,367,540
500,367,541
501,367,542
502,367,543
503,367,544
504,367,545
505,367,546
506,367,547
507,367,548
508,367,549
509,368,489
510,368,490
511,368,491
512,368,492
513,368,493
514,368,494
515,368,495
516,368,498
517,368,499
518,368,500
519,368,501
520,368,502
521,368,503
522,368,504
523,368,505
524,368,506
525,368,507
526,368,508
527,368,509
528,368,510
529,368,511
530,368,512
531,368,513
532,368,514
533,368,515
534,368,516
535,368,517
536,368,518
537,368,519
538,368,520
539,368,521
540,368,522
541,368,523
542,368,524
543,368,525
544,368,526
545,368,527
546,368,528
547,368,529
548,368,530
549,368,531
550,368,532
551,368,533
552,368,534
553,368,535
554,368,536
555,368,537
556,368,538
557,368,539
558,368,540
559,368,541
560,368,552
561,368,553
562,368,554
563,369,491
564,369,492
565,369,493
566,369,494
567,369,495
568,369,496
569,369,497
570,369,498
571,369,499
572,369,500
573,369,501
574,369,502
575,369,503
576,369,504
577,369,505
578,369,506
579,369,507
580,369,508
581,369,509
582,369,510
583,369,511
584,369,512
585,369,513
586,369,514
587,369,515
588,369,516
589,369,517
590,369,518
591,369,519
592,369,520
593,369,521
594,369,522
595,369,523
596,369,524
597,369,525
598,369,526
599,369,527
600,369,528
601,369,529
602,369,530
603,369,531
604,369,532
605,369,533
606,369,534
607,369,535
608,369,536
609,369,537
610,369,538
611,369,539
612,369,540
613,369,541
614,369,542
615,369,543
616,369,544
617,369,545
618,369,546
619,369,552
620,369,553
621,369,554
622,370,494
623,370,495
624,370,496
625,370,497
626,370,498
627,370,499
628,370,500
629,370,501
630,370,502
631,370,503
632,370,504
633,370,505
634,370,506
635,370,507
636,370,508
637,370,509
638,370,510
639,370,511
640,370,512
641,370,513
642,370,514
643,370,515
644,370,516
645,370,517
646,370,518
647,370,519
648,370,520
649,370,521
650,370,522
651,370,523
652,370,524
653,370,525
654,370,526
655,370,527
656,370,528
657,370,529
658,370,530
659,370,531
660,370,532
661,370,533
662,370,534
663,370,535
664,370,536
665,370,537
666,370,538
667,370,539
668,370,540
669,370,541
670,370,542
671,370,543
672,370,544
673,370,545
674,370,546
675,370,547
676,370,548
677,370,549
678,370,550
679,370,551
680,370,556
681,370,557
682,370,558
683,371,494
684,371,495
685,371,496
686,371,497
687,371,498
688,371,499
689,371,500
690,371,501
691,371,502
692,371,503
693,371,504
694,371,505
695,371,506
696,371,507
697,371,508
698,371,509
699,371,510
700,371,511
701,371,512
702,371,513
703,371,514
704,371,515
705,371,516
706,371,517
707,371,518
708,371,519
709,371,520
710,371,521
711,371,522
712,371,523
713,371,524
714,371,525
715,371,526
716,371,527
717,371,528
718,371,529
719,371,530
720,371,531
721,371,532
722,371,533
723,371,534
724,371,535
725,371,536
726,371,537
727,371,538
728,371,539
729,371,540
730,371,541
731,371,542
732,371,543
733,371,544
734,371,545
735,371,546
736,371,547
737,371,548
738,371,549
739,371,550
740,371,551
741,371,555
742,371,556
743,371,557
744,371,558
745,372,495
746,372,496
747,372,497
748,372,498
749,372,499
750,372,500
751,372,501
752,372,502
753,372,503
754,372,504
755,372,505
756,372,506
757,372,507
758,372,508
759,372,509
760,372,510
761,372,511
762,372,512
763,372,513
764,372,514
765,372,515
766,372,516
767,372,517
768,372,518
769,372,519
770,372,520
771,372,521
772,372,522
773,372,523
774,372,524
775,372,525
776,372,526
777,372,527
778,372,528
779,372,529
780,372,530
781,372,531
782,372,532
783,372,533
784,372,534
785,372,535
786,372,536
787,372,537
788,372,538
789,372,539
790,372,540
791,372,541
792,372,542
793,372,543
794,372,544
795,372,545
796,372,546
797,372,547
798,372,548
799,372,549
800,372,550
801,372,551
802,372,555
803,372,556
804,372,557
805,372,558
806,372,559
807,373,497
808,373,498
809,373,499
810,373,500
811,373,501
812,373,502
813,373,503
814,373,504
815,373,505
816,373,506
817,373,507
818,373,508
819,373,509
820,373,510
821,373,511
822,373,512
823,373,513
824,373,514
825,373,515
826,373,516
827,373,517
828,373,518
829,373,519
830,373,520
831,373,521
832,373,522
833,373,523
834,373,524
835,373,525
836,373,526
837,373,527
838,373,528
839,373,529
840,373,530
841,373,531
842,373,532
843,373,533
844,373,534
845,373,535
846,373,536
847,373,537
848,373,538
849,373,539
850,373,540
851,373,541
852,373,542
853,373,543
854,373,544
855,373,545
856,373,546
857,373,547
858,373,548
859,373,549
860,373,550
861,373,555
862,373,556
863,373,557
864,373,558
865,373,559
866,374,502
867,374,503
868,374,504
869,374,505
870,374,506
871,374,507
872,374,508
873,374,509
874,374,510
875,374,511
876,374,512
877,374,513
878,374,514
879,374,515
880,374,516
881,374,517
882,374,518
883,374,519
884,374,520
885,374,521
886,374,522
887,374,523
888,374,524
889,374,525
890,374,526
891,374,527
892,374,528
893,374,529
894,374,530
895,374,531
896,374,532
897,374,533
898,374,534
899,374,535
900,374,536
901,374,537
902,374,538
903,374,539
904,374,540
905,374,541
906,374,542
907,374,543
908,374,544
909,374,545
910,374,546
911,374,547
912,374,548
913,374,556
914,374,557
915,374,558
916,375,503
917,375,504
918,375,505
919,375,506
920,375,507
921,375,508
922,375,509
923,375,510
924,375,511
925,375,512
926,375,513
927,375,514
928,375,515
929,375,516
930,375,517
931,375,518
932,375,519
933,375,520
934,375,521
935,375,522
936,375,523
937,375,524
938,375,525
939,375,526
940,375,527
941,375,528
942,375,529
943,375,530
944,375,531
945,375,532
946,375,533
947,375,534
948,375,535
949,375,536
950,375,537
951,375,538
952,375,539
953,375,540
954,375,541
955,375,542
956,375,543
957,375,544
958,375,545
959,375,546
960,375,547
961,375,553
962,376,503
963,376,504
964,376,505
965,376,506
966,376,507
967,376,508
968,376,509
969,376,510
970,376,511
971,376,512
972,376,513
973,376,514
974,376,515
975,376,516
976,376,517
977,376,518
978,376,519
979,376,520
980,376,521
981,376,522
982,376,523
983,376,524
984,376,525
985,376,526
986,376,527
987,376,528
988,376,529
989,376,530
990,376,531
991,376,532
992,376,533
993,376,534
994,376,535
995,376,536
996,376,537
997,376,538
998,376,539
999,376,540
1000,376,541
1001,376,542
1002,376,543
1003,376,544
1004,376,545
1005,376,546
1006,376,547
1007,376,548
1008,377,504
1009,377,505
1010,377,506
1011,377,507
1012,377,508
1013,377,509
1014,377,510
1015,377,511
1016,377,512
1017,377,513
1018,377,514
1019,377,515
1020,377,516
1021,377,517
1022,377,518
1023,377,519
1024,377,520
1025,377,521
1026,377,522
1027,377,523
1028,377,524
1029,377,525
1030,377,526
1031,377,527
1032,377,528
1033,377,529
1034,377,530
1035,377,531
1036,377,532
1037,377,533
1038,377,534
1039,377,535
1040,377,536
1041,377,537
1042,377,538
1043,377,539
1044,377,540
1045,377,541
1046,377,542
1047,377,543
1048,377,544
1049,377,545
1050,377,546
1051,377,547
1052,377,548
1053,377,549
1054,377,550
1055,377,551
1056,377,557
1057,377,558
1058,378,505
1059,378,506
1060,378,507
1061,378,508
1062,378,509
1063,378,510
1064,378,511
1065,378,512
1066,378,513
1067,378,514
1068,378,515
1069,378,516
1070,378,517
1071,378,518
1072,378,519
1073,378,520
1074,378,521
1075,378,522
1076,378,523
1077,378,524
1078,378,525
1079,378,526
1080,378,527
1081,378,528
1082,378,529
1083,378,530
1084,378,531
1085,378,532
1086,378,533
1087,378,534
1088,378,535
1089,378,536
1090,378,537
1091,378,538
1092,378,539
1093,378,540
1094,378,541
1095,378,542
1096,378,543
1097,378,544
1098,378,545
1099,378,546
1100,378,547
1101,378,548
1102,378,549
1103,378,550
1104,378,551
1105,378,556
1106,378,557
1107,378,558
1108,378,559
1109,379,511
1110,379,512
1111,379,513
1112,379,514
1113,379,515
1114,379,516
1115,379,517
1116,379,518
1117,379,519
1118,379,520
1119,379,521
1120,379,522
1121,379,523
1122,379,524
1123,379,525
1124,379,526
1125,379,527
1126,379,528
1127,379,529
1128,379,530
1129,379,531
1130,379,532
1131,379,533
1132,379,534
1133,379,535
1134,379,536
1135,379,537
1136,379,538
1137,379,539
1138,379,540
1139,379,541
1140,379,542
1141,379,543
1142,379,544
1143,379,545
1144,379,546
1145,379,547
1146,379,548
1147,379,549
1148,379,550
1149,379,551
1150,379,552
1151,379,556
1152,379,557
1153,379,558
1154,379,559
1155,379,560
1156,380,514
1157,380,515
1158,380,516
1159,380,517
1160,380,518
1161,380,519
1162,380,520
1163,380,521
1164,380,522
1165,380,523
1166,380,524
1167,380,525
1168,380,526
1169,380,527
1170,380,528
1171,380,529
1172,380,530
1173,380,531
1174,380,532
1175,380,533
1176,380,534
1177,380,535
1178,380,536
1179,380,537
1180,380,538
1181,380,539
1182,380,540
1183,380,541
1184,380,542
1185,380,543
1186,380,544
1187,380,545
1188,380,546
1189,380,547
1190,380,548
1191,380,549
1192,380,550
1193,380,551
1194,380,552
1195,380,553
1196,380,554
1197,380,555
1198,380,556
1199,380,557
1200,380,558
1201,380,559
1202,380,560
1203,380,561
1204,381,517
1205,381,518
1206,381,519
1207,381,520
1208,381,521
1209,381,522
1210,381,523
1211,381,524
1212,381,525
1213,381,526
1214,381,527
1215,381,528
1216,381,529
1217,381,530
1218,381,531
1219,381,532
1220,381,533
1221,381,534
1222,381,535
1223,381,536
1224,381,537
1225,381,538
1226,381,539
1227,381,540
1228,381,541
1229,381,542
1230,381,543
1231,381,544
1232,381,545
1233,381,546
1234,381,547
1235,381,548
1236,381,549
1237,381,550
1238,381,551
1239,381,552
1240,381,553
1241,381,554
1242,381,555
1243,381,556
1244,381,557
1245,381,558
1246,381,559
1247,381,560
1248,381,561
1249,381,562
1250,382,519
1251,382,520
1252,382,525
1253,382,526
1254,382,527
1255,382,528
1256,382,529
1257,382,530
1258,382,531
1259,382,532
1260,382,533
1261,382,534
1262,382,535
1263,382,536
1264,382,537
1265,382,538
1266,382,539
1267,382,542
1268,382,543
1269,382,544
1270,382,545
1271,382,546
1272,382,547
1273,382,548
1274,382,549
1275,382,550
1276,382,551
1277,382,552
1278,382,553
1279,382,554
1280,382,555
1281,382,556
1282,382,557
1283,382,558
1284,382,559
1285,382,560
1286,382,561
1287,382,562
1288,383,525
1289,383,526
1290,383,527
1291,383,528
1292,383,529
1293,383,530
1294,383,531
1295,383,532
1296,383,533
1297,383,534
1298,383,535
1299,383,536
1300,383,537
1301,383,538
1302,383,539
1303,383,540
1304,383,541
1305,383,542
1306,383,543
1307,383,544
1308,383,545
1309,383,546
1310,383,547
1311,383,548
1312,383,549
1313,383,550
1314,383,551
1315,383,552
1316,383,553
1317,383,554
1318,383,555
1319,383,556
1320,383,557
1321,383,558
1322,383,559
1323,383,560
1324,383,561
1325,383,562
1326,384,524
1327,384,525
1328,384,526
1329,384,527
1330,384,528
1331,384,529
1332,384,530
1333,384,531
1334,384,532
1335,384,533
1336,384,534
1337,384,535
1338,384,536
1339,384,537
1340,384,538
1341,384,539
1342,384,540
1343,384,541
1344,384,542
1345,384,543
1346,384,544
1347,384,545
1348,384,546
1349,384,547
1350,384,548
1351,384,549
1352,384,550
1353,384,551
1354,384,552
1355,384,553
1356,384,554
1357,384,555
1358,384,556
1359,384,557
1360,384,558
1361,384,559
1362,384,560
1363,384,561
1364,384,562
1365,384,563
1366,385,523
1367,385,524
1368,385,525
1369,385,526
1370,385,527
1371,385,528
1372,385,529
1373,385,530
1374,385,531
1375,385,532
1376,385,533
1377,385,534
1378,385,535
1379,385,536
1380,385,537
1381,385,538
1382,385,539
1383,385,540
1384,385,541
1385,385,542
1386,385,543
1387,385,544
1388,385,545
1389,385,546
1390,385,547
1391,385,548
1392,385,549
1393,385,550
1394,385,551
1395,385,552
1396,385,553
1397,385,554
1398,385,555
1399,385,556
1400,385,557
1401,385,558
1402,385,559
1403,385,560
1404,385,561
1405,385,562
1406,385,563
1407,386,529
1408,386,530
1409,386,531
1410,386,532
1411,386,533
1412,386,534
1413,386,535
1414,386,536
1415,386,537
1416,386,538
1417,386,539
1418,386,540
1419,386,541
1420,386,542
1421,386,543
1422,386,544
1423,386,545
1424,386,546
1425,386,547
1426,386,548
1427,386,549
1428,386,550
1429,386,551
1430,386,552
1431,386,553
1432,386,554
1433,386,555
1434,386,556
1435,386,557
1436,386,558
1437,386,559
1438,386,560
1439,386,561
1440,386,562
1441,386,563
1442,386,564
1443,387,534
1444,387,535
1445,387,536
1446,387,537
1447,387,538
1448,387,539
1449,387,540
1450,387,541
1451,387,542
1452,387,543
1453,387,544
1454,387,545
1455,387,546
1456,387,547
1457,387,548
1458,387,549
1459,387,550
1460,387,551
1461,387,552
1462,387,553
1463,387,554
1464,387,555
1465,387,556
1466,387,557
1467,387,558
1468,387,559
1469,387,560
1470,387,561
1471,387,562
1472,387,563
1473,387,564
1474,388,536
1475,388,537
1476,388,538
1477,388,539
1478,388,540
1479,388,541
1480,388,542
1481,388,543
1482,388,544
1483,388,545
1484,388,546
1485,388,547
1486,388,548
1487,388,549
1488,388,550
1489,388,551
1490,388,552
1491,388,553
1492,388,554
1493,388,555
1494,388,556
1495,388,557
1496,388,558
1497,388,559
1498,388,560
1499,388,561
1500,388,562
1501,388,563
1502,388,564
1503,389,541
1504,389,542
1505,389,543
1506,389,544
1507,389,545
1508,389,546
1509,389,547
1510,389,548
1511,389,550
1512,389,551
1513,389,552
1514,389,553
1515,389,554
1516,389,555
1517,389,556
1518,389,557
1519,389,558
1520,389,559
1521,389,560
1522,389,561
1523,389,562
1524,389,563
1525,389,564
1526,390,544
1527,390,545
1528,390,546
1529,390,547
1530,390,550
1531,390,551
1532,390,552
1533,390,553
1534,390,554
1535,390,555
1536,390,556
1537,390,557
1538,390,558
1539,390,559
1540,390,560
1541,390,561
1542,390,562
1543,390,563
1544,390,564
1545,391,550
1546,391,551
1547,391,552
1548,391,553
1549,391,554
1550,391,555
1551,391,556
1552,391,557
1553,391,558
1554,391,559
1555,391,560
1556,391,561
1557,391,562
1558,391,563
1559,391,564
1560,391,565
1561,392,550
1562,392,551
1563,392,552
1564,392,553
1565,392,554
1566,392,555
1567,392,556
1568,392,557
1569,392,558
1570,392,559
1571,392,560
1572,392,561
1573,392,562
1574,392,563
1575,392,564
1576,392,565
1577,392,566
1578,393,552
1579,393,553
1580,393,554
1581,393,555
1582,393,556
1583,393,557
1584,393,558
1585,393,559
1586,393,560
1587,393,561
1588,393,562
1589,393,563
1590,393,564
1591,393,565
1592,393,566
1593,394,553
1594,394,554
1595,394,555
1596,394,556
1597,394,557
1598,394,558
1599,394,559
1600,394,560
1601,394,561
1602,394,562
1603,394,563
1604,394,564
1605,394,565
1606,394,566
1607,395,554
1608,395,555
1609,395,556
1610,395,557
1611,395,558
1612,395,559
1613,395,560
1614,395,561
1615,395,562
1616,395,563
1617,395,564
1618,395,565
1619,396,554
1620,396,555
1621,396,556
1622,396,557
1623,396,558
1624,396,559
1625,396,560
1626,396,561
1627,396,562
1628,396,563
1629,396,564
1630,396,565
1631,397,549
1632,397,550
1633,397,551
1634,397,552
1635,397,553
1636,397,554
1637,397,555
1638,397,556
1639,397,557
1640,397,558
1641,397,559
1642,397,560
1643,397,561
1644,397,562
1645,397,563
1646,397,564
1647,397,565
1648,397,566
1649,398,549
1650,398,550
1651,398,551
1652,398,552
1653,398,553
1654,398,554
1655,398,555
1656,398,556
1657,398,557
1658,398,558
1659,398,559
1660,398,560
1661,398,561
1662,398,562
1663,398,563
1664,398,564
1665,398,565
1666,398,566
1667,399,549
1668,399,550
1669,399,551
1670,399,552
1671,399,553
1672,399,554
1673,399,555
1674,399,556
1675,399,557
1676,399,558
1677,399,559
1678,399,560
1679,399,561
1680,399,562
1681,399,563
1682,399,564
1683,399,565
1684,399,566
1685,399,567
1686,400,549
1687,400,550
1688,400,551
1689,400,552
1690,400,553
1691,400,554
1692,400,555
1693,400,556
1694,400,557
1695,400,558
1696,400,559
1697,400,560
1698,400,561
1699,400,562
1700,400,563
1701,400,564
1702,400,565
1703,400,566
1704,400,567
1705,401,549
1706,401,550
1707,401,551
1708,401,554
1709,401,555
1710,401,556
1711,401,557
1712,401,558
1713,401,559
1714,401,560
1715,401,561
1716,401,562
1717,401,563
1718,401,564
1719,401,565
1720,401,566
1721,401,567
1722,402,554
1723,402,555
1724,402,556
1725,402,557
1726,402,558
1727,402,559
1728,402,560
1729,402,561
1730,402,562
1731,402,563
1732,402,564
1733,402,565
1734,402,566
1735,403,554
1736,403,555
1737,403,556
1738,403,557
1739,403,558
1740,403,559
1741,403,560
1742,403,561
1743,403,562
1744,403,563
1745,403,564
1746,403,565
1747,403,566
1748,404,549
1749,404,550
1750,404,554
1751,404,555
1752,404,556
1753,404,557
1754,404,558
1755,404,559
1756,404,560
1757,404,561
1758,404,562
1759,404,563
1760,404,564
1761,404,565
1762,404,566
1763,404,567
1764,405,549
1765,405,550
1766,405,551
1767,405,554
1768,405,555
1769,405,556
1770,405,557
1771,405,558
1772,405,559
1773,405,560
1774,405,561
1775,405,562
1776,405,563
1777,405,564
1778,405,565
1779,405,566
1780,405,567
1781,405,568
1782,406,548
1783,406,549
1784,406,550
1785,406,551
1786,406,555
1787,406,556
1788,406,557
1789,406,558
1790,406,559
1791,406,560
1792,406,561
1793,406,562
1794,406,563
1795,406,564
1796,406,565
1797,406,566
1798,406,567
1799,406,568
1800,407,548
1801,407,549
1802,407,550
1803,407,551
1804,407,555
1805,407,556
1806,407,557
1807,407,558
1808,407,559
1809,407,560
1810,407,561
1811,407,562
1812,407,563
1813,407,564
1814,407,565
1815,407,566
1816,407,567
1817,407,568
1818,408,548
1819,408,549
1820,408,550
1821,408,551
1822,408,555
1823,408,556
1824,408,557
1825,408,558
1826,408,559
1827,408,560
1828,408,561
1829,408,562
1830,408,563
1831,408,564
1832,408,565
1833,408,566
1834,408,567
1835,408,568
1836,409,548
1837,409,549
1838,409,550
1839,409,551
1840,409,556
1841,409,557
1842,409,558
1843,409,559
1844,409,560
1845,409,561
1846,409,562
1847,409,563
1848,409,564
1849,409,565
1850,409,566
1851,409,567
1852,409,568
1853,409,569
1854,410,548
1855,410,549
1856,410,550
1857,410,551
1858,410,556
1859,410,557
1860,410,558
1861,410,559
1862,410,560
1863,410,561
1864,410,562
1865,410,563
1866,410,564
1867,410,565
1868,410,566
1869,410,567
1870,410,568
1871,410,569
1872,410,570
1873,411,548
1874,411,549
1875,411,550
1876,411,556
1877,411,557
1878,411,558
1879,411,559
1880,411,560
1881,411,561
1882,411,562
1883,411,563
1884,411,564
1885,411,565
1886,411,566
1887,411,567
1888,411,568
1889,411,569
1890,411,570
1891,412,548
1892,412,549
1893,412,550
1894,412,556
1895,412,557
1896,412,558
1897,412,559
1898,412,560
1899,412,561
1900,412,562
1901,412,563
1902,412,564
1903,412,565
1904,412,566
1905,412,567
1906,412,568
1907,412,569
1908,412,570
1909,413,547
1910,413,548
1911,413,549
1912,413,550
1913,413,556
1914,413,557
1915,413,558
1916,413,559
1917,413,560
1918,413,561
1919,413,562
1920,413,563
1921,413,564
1922,413,565
1923,413,566
1924,413,567
1925,413,568
1926,413,569
1927,414,547
1928,414,548
1929,414,549
1930,414,550
1931,414,555
1932,414,556
1933,414,557
1934,414,558
1935,414,559
1936,414,560
1937,414,561
1938,414,562
1939,414,563
1940,414,564
1941,414,565
1942,414,566
1943,414,567
1944,414,568
1945,414,569
1946,414,570
1947,415,547
1948,415,548
1949,415,549
1950,415,550
1951,415,551
1952,415,552
1953,415,554
1954,415,555
1955,415,556
1956,415,557
1957,415,558
1958,415,559
1959,415,560
1960,415,561
1961,415,562
1962,415,563
1963,415,564
1964,415,565
1965,415,566
1966,415,567
1967,415,568
1968,415,569
1969,415,570
1970,416,449
1971,416,546
1972,416,547
1973,416,548
1974,416,549
1975,416,550
1976,416,551
1977,416,552
1978,416,553
1979,416,554
1980,416,555
1981,416,556
1982,416,557
1983,416,558
1984,416,559
1985,416,560
1986,416,561
1987,416,562
1988,416,563
1989,416,564
1990,416,565
1991,416,568
1992,416,569
1993,416,570
1994,416,571
1995,417,449
1996,417,450
1997,417,546
1998,417,547
1999,417,548
2000,417,549
2001,417,550
2002,417,551
2003,417,552
2004,417,553
2005,417,554
2006,417,555
2007,417,556
2008,417,557
2009,417,558
2010,417,559
2011,417,560
2012,417,561
2013,417,562
2014,417,563
2015,417,564
2016,417,565
2017,417,569
2018,417,570
2019,417,571
2020,418,449
2021,418,450
2022,418,451
2023,418,452
2024,418,545
2025,418,546
2026,418,547
2027,418,548
2028,418,549
2029,418,550
2030,418,551
2031,418,552
2032,418,553
2033,418,554
2034,418,555
2035,418,556
2036,418,557
2037,418,558
2038,418,559
2039,418,560
2040,418,561
2041,418,562
2042,418,563
2043,418,564
2044,418,565
2045,418,566
2046,418,567
2047,418,568
2048,418,569
2049,418,570
2050,418,571
2051,419,449
2052,419,450
2053,419,451
2054,419,452
2055,419,453
2056,419,454
2057,419,455
2058,419,456
2059,419,457
2060,419,458
2061,419,459
2062,419,460
2063,419,461
2064,419,462
2065,419,463
2066,419,464
2067,419,544
2068,419,545
2069,419,546
2070,419,547
2071,419,548
2072,419,549
2073,419,550
2074,419,551
2075,419,552
2076,419,553
2077,419,554
2078,419,555
2079,419,556
2080,419,557
2081,419,558
2082,419,559
2083,419,560
2084,419,561
2085,419,562
2086,419,563
2087,419,564
2088,419,565
2089,419,566
2090,419,567
2091,419,568
2092,419,569
2093,419,570
2094,420,449
2095,420,450
2096,420,451
2097,420,452
2098,420,453
2099,420,454
2100,420,455
2101,420,456
2102,420,457
2103,420,458
2104,420,459
2105,420,460
2106,420,461
2107,420,462
2108,420,463
2109,420,464
2110,420,465
2111,420,466
2112,420,467
2113,420,468
2114,420,543
2115,420,544
2116,420,545
2117,420,546
2118,420,547
2119,420,548
2120,420,549
2121,420,550
2122,420,551
2123,420,552
2124,420,555
2125,420,556
2126,420,557
2127,420,558
2128,420,559
2129,420,560
2130,420,561
2131,420,562
2132,420,563
2133,420,564
2134,420,565
2135,420,566
2136,420,567
2137,420,568
2138,420,569
2139,420,570
2140,421,449
2141,421,450
2142,421,451
2143,421,452
2144,421,453
2145,421,454
2146,421,455
2147,421,456
2148,421,457
2149,421,458
2150,421,459
2151,421,460
2152,421,461
2153,421,462
2154,421,463
2155,421,464
2156,421,465
2157,421,466
2158,421,467
2159,421,468
2160,421,469
2161,421,544
2162,421,545
2163,421,546
2164,421,547
2165,421,548
2166,421,549
2167,421,550
2168,421,551
2169,421,552
2170,421,553
2171,421,554
2172,421,555
2173,421,556
2174,421,557
2175,421,558
2176,421,559
2177,421,560
2178,421,561
2179,421,562
2180,421,563
2181,421,564
2182,421,565
2183,421,566
2184,421,567
2185,421,568
2186,421,569
2187,421,570
2188,421,571
2189,421,572
2190,422,449
2191,422,450
2192,422,451
2193,422,452
2194,422,453
2195,422,454
2196,422,455
2197,422,456
2198,422,457
2199,422,458
2200,422,459
2201,422,460
2202,422,461
2203,422,462
2204,422,463
2205,422,464
2206,422,465
2207,422,466
2208,422,467
2209,422,468
2210,422,469
2211,422,470
2212,422,544
2213,422,545
2214,422,546
2215,422,547
2216,422,548
2217,422,549
2218,422,550
2219,422,551
2220,422,552
2221,422,553
2222,422,554
2223,422,555
2224,422,556
2225,422,557
2226,422,558
2227,422,559
2228,422,560
2229,422,561
2230,422,562
2231,422,563
2232,422,564
2233,422,565
2234,422,566
2235,422,567
2236,422,568
2237,422,569
2238,422,570
2239,422,571
2240,422,572
2241,422,573
2242,423,449
2243,423,450
2244,423,451
2245,423,452
2246,423,453
2247,423,454
2248,423,455
2249,423,456
2250,423,457
2251,423,458
2252,423,459
2253,423,460
2254,423,461
2255,423,462
2256,423,463
2257,423,464
2258,423,465
2259,423,466
2260,423,467
2261,423,468
2262,423,469
2263,423,470
2264,423,471
2265,423,472
2266,423,545
2267,423,546
2268,423,547
2269,423,548
2270,423,549
2271,423,550
2272,423,551
2273,423,552
2274,423,553
2275,423,554
2276,423,555
2277,423,556
2278,423,557
2279,423,558
2280,423,559
2281,423,560
2282,423,561
2283,423,562
2284,423,563
2285,423,564
2286,423,565
2287,423,568
2288,423,569
2289,423,570
2290,423,571
2291,423,572
2292,423,573
2293,424,449
2294,424,450
2295,424,451
2296,424,452
2297,424,453
2298,424,454
2299,424,455
2300,424,456
2301,424,457
2302,424,458
2303,424,459
2304,424,460
2305,424,461
2306,424,462
2307,424,463
2308,424,464
2309,424,465
2310,424,466
2311,424,467
2312,424,468
2313,424,469
2314,424,470
2315,424,471
2316,424,472
2317,424,473
2318,424,474
2319,424,545
2320,424,546
2321,424,547
2322,424,548
2323,424,549
2324,424,550
2325,424,551
2326,424,552
2327,424,553
2328,424,554
2329,424,555
2330,424,556
2331,424,557
2332,424,558
2333,424,559
2334,424,560
2335,424,561
2336,424,562
2337,424,563
2338,424,564
2339,424,565
2340,424,567
2341,424,568
2342,424,569
2343,424,570
2344,424,571
2345,424,572
2346,424,573
2347,425,449
2348,425,450
2349,425,451
2350,425,452
2351,425,453
2352,425,454
2353,425,455
2354,425,456
2355,425,457
2356,425,458
2357,425,459
2358,425,460
2359,425,461
2360,425,462
2361,425,463
2362,425,464
2363,425,465
2364,425,466
2365,425,467
2366,425,468
2367,425,469
2368,425,470
2369,425,471
2370,425,472
2371,425,473
2372,425,474
2373,425,475
2374,425,476
2375,425,477
2376,425,478
2377,425,479
2378,425,480
2379,425,481
2380,425,482
2381,425,483
2382,425,544
2383,425,545
2384,425,546
2385,425,547
2386,425,548
2387,425,549
2388,425,550
2389,425,551
2390,425,552
2391,425,553
2392,425,554
2393,425,555
2394,425,556
2395,425,557
2396,425,558
2397,425,559
2398,425,560
2399,425,561
2400,425,562
2401,425,563
2402,425,564
2403,425,565
2404,425,566
2405,425,567
2406,425,568
2407,425,569
2408,425,570
2409,425,571
2410,425,572
2411,425,573
2412,425,574
2413,426,449
2414,426,450
2415,426,451
2416,426,452
2417,426,453
2418,426,454
2419,426,455
2420,426,456
2421,426,457
2422,426,458
2423,426,459
2424,426,460
2425,426,461
2426,426,462
2427,426,463
2428,426,464
2429,426,465
2430,426,466
2431,426,467
2432,426,468
2433,426,469
2434,426,470
2435,426,471
2436,426,472
2437,426,473
2438,426,474
2439,426,475
2440,426,476
2441,426,477
2442,426,478
2443,426,479
2444,426,480
2445,426,481
2446,426,482
2447,426,483
2448,426,484
2449,426,485
2450,426,543
2451,426,544
2452,426,545
2453,426,546
2454,426,547
2455,426,548
2456,426,549
2457,426,550
2458,426,551
2459,426,552
2460,426,553
2461,426,554
2462,426,555
2463,426,556
2464,426,557
2465,426,558
2466,426,559
2467,426,560
2468,426,561
2469,426,562
2470,426,563
2471,426,564
2472,426,565
2473,426,566
2474,426,567
2475,426,568
2476,426,569
2477,426,570
2478,426,571
2479,426,572
2480,426,573
2481,426,574
2482,427,449
2483,427,450
2484,427,451
2485,427,452
2486,427,453
2487,427,454
2488,427,455
2489,427,456
2490,427,457
2491,427,458
2492,427,459
2493,427,460
2494,427,461
2495,427,462
2496,427,463
2497,427,464
2498,427,465
2499,427,466
2500,427,467
2501,427,468
2502,427,469
2503,427,470
2504,427,471
2505,427,472
2506,427,473
2507,427,474
2508,427,475
2509,427,476
2510,427,477
2511,427,478
2512,427,479
2513,427,480
2514,427,481
2515,427,482
2516,427,483
2517,427,484
2518,427,485
2519,427,486
2520,427,540
2521,427,541
2522,427,542
2523,427,543
2524,427,544
2525,427,545
2526,427,546
2527,427,547
2528,427,548
2529,427,549
2530,427,550
2531,427,551
2532,427,552
2533,427,553
2534,427,554
2535,427,555
2536,427,556
2537,427,557
2538,427,558
2539,427,559
2540,427,560
2541,427,561
2542,427,562
2543,427,563
2544,427,564
2545,427,565
2546,427,566
2547,427,567
2548,427,568
2549,427,569
2550,427,570
2551,427,571
2552,427,572
2553,427,573
2554,427,574
2555,427,575
2556,428,449
2557,428,450
2558,428,451
2559,428,452
2560,428,453
2561,428,454
2562,428,455
2563,428,456
2564,428,457
2565,428,458
2566,428,459
2567,428,460
2568,428,461
2569,428,462
2570,428,463
2571,428,464
2572,428,465
2573,428,466
2574,428,467
2575,428,468
2576,428,469
2577,428,470
2578,428,471
2579,428,472
2580,428,473
2581,428,474
2582,428,475
2583,428,476
2584,428,477
2585,428,478
2586,428,479
2587,428,480
2588,428,481
2589,428,482
2590,428,483
2591,428,484
2592,428,485
2593,428,486
2594,428,487
2595,428,541
2596,428,542
2597,428,543
2598,428,544
2599,428,545
2600,428,546
2601,428,547
2602,428,548
2603,428,549
2604,428,550
2605,428,551
2606,428,552
2607,428,553
2608,428,554
2609,428,555
2610,428,556
2611,428,557
2612,428,558
2613,428,559
2614,428,560
2615,428,561
2616,428,562
2617,428,563
2618,428,564
2619,428,565
2620,428,566
2621,428,567
2622,428,568
2623,428,569
2624,428,570
2625,428,571
2626,428,572
2627,428,573
2628,428,574
2629,428,575
2630,429,450
2631,429,451
2632,429,452
2633,429,453
2634,429,454
2635,429,455
2636,429,456
2637,429,457
2638,429,458
2639,429,459
2640,429,460
2641,429,461
2642,429,462
2643,429,463
2644,429,464
2645,429,465
2646,429,466
2647,429,467
2648,429,468
2649,429,469
2650,429,470
2651,429,471
2652,429,472
2653,429,473
2654,429,474
2655,429,475
2656,429,476
2657,429,477
2658,429,478
2659,429,479
2660,429,480
2661,429,481
2662,429,482
2663,429,483
2664,429,484
2665,429,485
2666,429,486
2667,429,487
2668,429,542
2669,429,543
2670,429,544
2671,429,545
2672,429,546
2673,429,547
2674,429,548
2675,429,549
2676,429,550
2677,429,551
2678,429,552
2679,429,553
2680,429,554
2681,429,555
2682,429,556
2683,429,557
2684,429,558
2685,429,559
2686,429,560
2687,429,561
2688,429,562
2689,429,563
2690,429,564
2691,429,565
2692,429,566
2693,429,567
2694,429,568
2695,429,569
2696,429,570
2697,429,571
2698,429,572
2699,429,573
2700,429,574
2701,429,575
2702,430,450
2703,430,451
2704,430,452
2705,430,453
2706,430,454
2707,430,455
2708,430,456
2709,430,457
2710,430,458
2711,430,459
2712,430,460
2713,430,461
2714,430,462
2715,430,463
2716,430,464
2717,430,465
2718,430,466
2719,430,467
2720,430,468
2721,430,469
2722,430,470
2723,430,471
2724,430,472
2725,430,473
2726,430,474
2727,430,475
2728,430,476
2729,430,477
2730,430,478
2731,430,479
2732,430,480
2733,430,481
2734,430,482
2735,430,483
2736,430,484
2737,430,485
2738,430,486
2739,430,487
2740,430,536
2741,430,537
2742,430,542
2743,430,543
2744,430,544
2745,430,545
2746,430,546
2747,430,547
2748,430,548
2749,430,549
2750,430,550
2751,430,551
2752,430,552
2753,430,553
2754,430,554
2755,430,555
2756,430,556
2757,430,557
2758,430,558
2759,430,559
2760,430,560
2761,430,561
2762,430,562
2763,430,563
2764,430,564
2765,430,565
2766,430,566
2767,430,567
2768,430,568
2769,430,569
2770,430,570
2771,430,571
2772,430,572
2773,430,573
2774,430,574
2775,430,575
2776,431,451
2777,431,452
2778,431,453
2779,431,454
2780,431,455
2781,431,456
2782,431,457
2783,431,458
2784,431,459
2785,431,460
2786,431,461
2787,431,462
2788,431,463
2789,431,464
2790,431,465
2791,431,466
2792,431,467
2793,431,468
2794,431,469
2795,431,470
2796,431,471
2797,431,472
2798,431,473
2799,431,474
2800,431,475
2801,431,476
2802,431,477
2803,431,478
2804,431,479
2805,431,480
2806,431,481
2807,431,482
2808,431,483
2809,431,484
2810,431,485
2811,431,486
2812,431,487
2813,431,536
2814,431,537
2815,431,538
2816,431,541
2817,431,542
2818,431,543
2819,431,544
2820,431,545
2821,431,546
2822,431,547
2823,431,548
2824,431,549
2825,431,550
2826,431,551
2827,431,552
2828,431,553
2829,431,554
2830,431,555
2831,431,556
2832,431,557
2833,431,558
2834,431,559
2835,431,560
2836,431,561
2837,431,562
2838,431,563
2839,431,564
2840,431,565
2841,431,566
2842,431,567
2843,431,568
2844,431,569
2845,431,570
2846,431,571
2847,431,572
2848,431,573
2849,431,574
2850,431,575
2851,432,452
2852,432,453
2853,432,454
2854,432,455
2855,432,456
2856,432,457
2857,432,458
2858,432,459
2859,432,460
2860,432,461
2861,432,462
2862,432,463
2863,432,464
2864,432,465
2865,432,466
2866,432,467
2867,432,468
2868,432,469
2869,432,470
2870,432,471
2871,432,472
2872,432,473
2873,432,474
2874,432,475
2875,432,476
2876,432,477
2877,432,478
2878,432,479
2879,432,480
2880,432,481
2881,432,482
2882,432,483
2883,432,484
2884,432,485
2885,432,486
2886,432,487
2887,432,499
2888,432,500
2889,432,501
2890,432,502
2891,432,536
2892,432,537
2893,432,538
2894,432,539
2895,432,540
2896,432,541
2897,432,542
2898,432,543
2899,432,544
2900,432,545
2901,432,546
2902,432,547
2903,432,548
2904,432,549
2905,432,550
2906,432,551
2907,432,552
2908,432,553
2909,432,554
2910,432,555
2911,432,556
2912,432,557
2913,432,558
2914,432,559
2915,432,560
2916,432,561
2917,432,562
2918,432,563
2919,432,564
2920,432,565
2921,432,566
2922,432,567
2923,432,568
2924,432,569
2925,432,570
2926,432,571
2927,432,572
2928,432,573
2929,432,574
2930,432,575
2931,433,452
2932,433,453
2933,433,454
2934,433,455
2935,433,456
2936,433,457
2937,433,458
2938,433,459
2939,433,460
2940,433,461
2941,433,462
2942,433,463
2943,433,464
2944,433,465
2945,433,466
2946,433,467
2947,433,468
2948,433,469
2949,433,470
2950,433,471
2951,433,472
2952,433,473
2953,433,474
2954,433,475
2955,433,476
2956,433,477
2957,433,478
2958,433,479
2959,433,480
2960,433,481
2961,433,482
2962,433,483
2963,433,484
2964,433,485
2965,433,486
2966,433,487
2967,433,495
2968,433,496
2969,433,497
2970,433,498
2971,433,499
2972,433,500
2973,433,501
2974,433,502
2975,433,503
2976,433,536
2977,433,537
2978,433,538
2979,433,539
2980,433,540
2981,433,541
2982,433,542
2983,433,543
2984,433,544
2985,433,545
2986,433,546
2987,433,547
2988,433,548
2989,433,549
2990,433,550
2991,433,551
2992,433,552
2993,433,553
2994,433,554
2995,433,555
2996,433,556
2997,433,557
2998,433,558
2999,433,559
3000,433,560
3001,433,561
3002,433,562
3003,433,563
3004,433,564
3005,433,565
3006,433,566
3007,433,567
3008,433,568
3009,433,569
3010,433,570
3011,433,571
3012,433,572
3013,433,573
3014,433,574
3015,433,575
3016,433,576
3017,434,452
3018,434,453
3019,434,454
3020,434,455
3021,434,456
3022,434,457
3023,434,458
3024,434,459
3025,434,460
3026,434,461
3027,434,462
3028,434,463
3029,434,464
3030,434,465
3031,434,466
3032,434,467
3033,434,468
3034,434,469
3035,434,470
3036,434,471
3037,434,472
3038,434,473
3039,434,474
3040,434,475
3041,434,476
3042,434,477
3043,434,478
3044,434,479
3045,434,480
3046,434,481
3047,434,482
3048,434,483
3049,434,484
3050,434,485
3051,434,486
3052,434,487
3053,434,488
3054,434,489
3055,434,490
3056,434,491
3057,434,492
3058,434,493
3059,434,494
3060,434,495
3061,434,496
3062,434,497
3063,434,498
3064,434,499
3065,434,500
3066,434,501
3067,434,502
3068,434,503
3069,434,504
3070,434,535
3071,434,536
3072,434,537
3073,434,538
3074,434,539
3075,434,540
3076,434,541
3077,434,542
3078,434,543
3079,434,544
3080,434,545
3081,434,546
3082,434,547
3083,434,548
3084,434,549
3085,434,550
3086,434,551
3087,434,552
3088,434,553
3089,434,554
3090,434,555
3091,434,556
3092,434,557
3093,434,558
3094,434,559
3095,434,560
3096,434,561
3097,434,562
3098,434,563
3099,434,564
3100,434,565
3101,434,566
3102,434,567
3103,434,568
3104,434,569
3105,434,570
3106,434,571
3107,434,572
3108,434,573
3109,434,574
3110,434,575
3111,434,576
3112,435,452
3113,435,453
3114,435,454
3115,435,455
3116,435,456
3117,435,457
3118,435,458
3119,435,459
3120,435,460
3121,435,461
3122,435,462
3123,435,463
3124,435,464
3125,435,465
3126,435,466
3127,435,467
3128,435,468
3129,435,469
3130,435,470
3131,435,471
3132,435,472
3133,435,473
3134,435,474
3135,435,475
3136,435,476
3137,435,477
3138,435,478
3139,435,479
3140,435,480
3141,435,481
3142,435,482
3143,435,483
3144,435,484
3145,435,485
3146,435,486
3147,435,487
3148,435,488
3149,435,489
3150,435,490
3151,435,491
3152,435,492
3153,435,493
3154,435,494
3155,435,495
3156,435,496
3157,435,497
3158,435,498
3159,435,499
3160,435,500
3161,435,501
3162,435,502
3163,435,503
3164,435,504
3165,435,505
3166,435,506
3167,435,536
3168,435,537
3169,435,538
3170,435,539
3171,435,540
3172,435,541
3173,435,542
3174,435,543
3175,435,544
3176,435,545
3177,435,546
3178,435,547
3179,435,548
3180,435,549
3181,435,550
3182,435,551
3183,435,552
3184,435,553
3185,435,554
3186,435,555
3187,435,556
3188,435,557
3189,435,558
3190,435,559
3191,435,560
3192,435,561
3193,435,562
3194,435,563
3195,435,564
3196,435,565
3197,435,566
3198,435,567
3199,435,568
3200,435,569
3201,435,570
3202,435,571
3203,435,572
3204,435,573
3205,435,574
3206,435,575
3207,435,576
3208,436,453
3209,436,454
3210,436,455
3211,436,456
3212,436,457
3213,436,458
3214,436,459
3215,436,460
3216,436,461
3217,436,462
3218,436,463
3219,436,464
3220,436,465
3221,436,466
3222,436,467
3223,436,468
3224,436,469
3225,436,470
3226,436,471
3227,436,472
3228,436,473
3229,436,474
3230,436,475
3231,436,476
3232,436,477
3233,436,478
3234,436,479
3235,436,480
3236,436,481
3237,436,482
3238,436,483
3239,436,484
3240,436,485
3241,436,486
3242,436,487
3243,436,488
3244,436,489
3245,436,490
3246,436,491
3247,436,492
3248,436,493
3249,436,494
3250,436,495
3251,436,496
3252,436,497
3253,436,498
3254,436,499
3255,436,500
3256,436,501
3257,436,502
3258,436,503
3259,436,504
3260,436,505
3261,436,506
3262,436,507
3263,436,508
3264,436,509
3265,436,510
3266,436,511
3267,436,536
3268,436,537
3269,436,538
3270,436,539
3271,436,540
3272,436,541
3273,436,542
3274,436,543
3275,436,544
3276,436,545
3277,436,546
3278,436,547
3279,436,548
3280,436,549
3281,436,550
3282,436,551
3283,436,552
3284,436,553
3285,436,554
3286,436,555
3287,436,556
3288,436,557
3289,436,558
3290,436,559
3291,436,560
3292,436,561
3293,436,562
3294,436,563
3295,436,564
3296,436,565
3297,436,566
3298,436,567
3299,436,568
3300,436,569
3301,436,570
3302,436,571
3303,436,572
3304,436,573
3305,436,574
3306,436,575
3307,436,576
3308,437,454
3309,437,455
3310,437,456
3311,437,457
3312,437,458
3313,437,459
3314,437,460
3315,437,461
3316,437,462
3317,437,463
3318,437,464
3319,437,465
3320,437,466
3321,437,467
3322,437,468
3323,437,469
3324,437,470
3325,437,471
3326,437,472
3327,437,473
3328,437,474
3329,437,475
3330,437,476
3331,437,477
3332,437,478
3333,437,479
3334,437,480
3335,437,481
3336,437,482
3337,437,483
3338,437,484
3339,437,485
3340,437,486
3341,437,487
3342,437,488
3343,437,489
3344,437,490
3345,437,491
3346,437,492
3347,437,493
3348,437,494
3349,437,495
3350,437,496
3351,437,497
3352,437,498
3353,437,499
3354,437,500
3355,437,501
3356,437,502
3357,437,503
3358,437,504
3359,437,505
3360,437,506
3361,437,507
3362,437,508
3363,437,509
3364,437,510
3365,437,511
3366,437,512
3367,437,536
3368,437,537
3369,437,538
3370,437,539
3371,437,540
3372,437,541
3373,437,542
3374,437,543
3375,437,544
3376,437,545
3377,437,546
3378,437,547
3379,437,548
3380,437,549
3381,437,550
3382,437,551
3383,437,552
3384,437,553
3385,437,554
3386,437,555
3387,437,556
3388,437,557
3389,437,558
3390,437,559
3391,437,560
3392,437,561
3393,437,562
3394,437,563
3395,437,564
3396,437,565
3397,437,566
3398,437,567
3399,437,568
3400,437,569
3401,437,570
3402,437,571
3403,437,572
3404,437,573
3405,437,574
3406,437,575
3407,437,576
3408,438,454
3409,438,455
3410,438,456
3411,438,457
3412,438,458
3413,438,459
3414,438,460
3415,438,461
3416,438,462
3417,438,463
3418,438,464
3419,438,465
3420,438,466
3421,438,467
3422,438,468
3423,438,469
3424,438,470
3425,438,471
3426,438,472
3427,438,473
3428,438,474
3429,438,475
3430,438,476
3431,438,477
3432,438,478
3433,438,479
3434,438,480
3435,438,481
3436,438,482
3437,438,483
3438,438,484
3439,438,485
3440,438,486
3441,438,487
3442,438,488
3443,438,489
3444,438,490
3445,438,491
3446,438,492
3447,438,493
3448,438,494
3449,438,495
3450,438,496
3451,438,497
3452,438,498
3453,438,499
3454,438,500
3455,438,501
3456,438,502
3457,438,503
3458,438,504
3459,438,505
3460,438,506
3461,438,507
3462,438,508
3463,438,509
3464,438,510
3465,438,511
3466,438,512
3467,438,513
3468,438,517
3469,438,518
3470,438,519
3471,438,535
3472,438,536
3473,438,537
3474,438,538
3475,438,539
3476,438,540
3477,438,541
3478,438,542
3479,438,543
3480,438,544
3481,438,545
3482,438,546
3483,438,547
3484,438,548
3485,438,549
3486,438,550
3487,438,551
3488,438,552
3489,438,553
3490,438,554
3491,438,555
3492,438,556
3493,438,557
3494,438,558
3495,438,559
3496,438,560
3497,438,561
3498,438,562
3499,438,563
3500,438,564
3501,438,565
3502,438,566
3503,438,567
3504,438,568
3505,438,569
3506,438,570
3507,438,571
3508,438,572
3509,438,573
3510,438,574
3511,438,575
3512,438,576
3513,439,454
3514,439,455
3515,439,456
3516,439,457
3517,439,458
3518,439,459
3519,439,460
3520,439,461
3521,439,462
3522,439,463
3523,439,464
3524,439,465
3525,439,466
3526,439,467
3527,439,468
3528,439,469
3529,439,470
3530,439,471
3531,439,472
3532,439,473
3533,439,474
3534,439,475
3535,439,476
3536,439,477
3537,439,478
3538,439,479
3539,439,480
3540,439,481
3541,439,482
3542,439,483
3543,439,484
3544,439,485
3545,439,486
3546,439,487
3547,439,488
3548,439,489
3549,439,490
3550,439,491
3551,439,492
3552,439,493
3553,439,494
3554,439,495
3555,439,496
3556,439,497
3557,439,498
3558,439,499
3559,439,500
3560,439,501
3561,439,502
3562,439,503
3563,439,504
3564,439,505
3565,439,506
3566,439,507
3567,439,508
3568,439,509
3569,439,510
3570,439,511
3571,439,512
3572,439,513
3573,439,514
3574,439,515
3575,439,516
3576,439,517
3577,439,518
3578,439,519
3579,439,520
3580,439,521
3581,439,533
3582,439,534
3583,439,535
3584,439,536
3585,439,537
3586,439,538
3587,439,539
3588,439,540
3589,439,541
3590,439,542
3591,439,543
3592,439,544
3593,439,545
3594,439,546
3595,439,547
3596,439,548
3597,439,549
3598,439,550
3599,439,551
3600,439,552
3601,439,553
3602,439,554
3603,439,555
3604,439,556
3605,439,557
3606,439,558
3607,439,559
3608,439,560
3609,439,561
3610,439,562
3611,439,563
3612,439,564
3613,439,565
3614,439,566
3615,439,567
3616,439,568
3617,439,569
3618,439,570
3619,439,571
3620,439,572
3621,439,573
3622,439,574
3623,439,575
3624,439,576
3625,440,454
3626,440,455
3627,440,456
3628,440,457
3629,440,458
3630,440,459
3631,440,460
3632,440,461
3633,440,462
3634,440,463
3635,440,464
3636,440,465
3637,440,466
3638,440,467
3639,440,468
3640,440,469
3641,440,470
3642,440,471
3643,440,472
3644,440,473
3645,440,474
3646,440,475
3647,440,476
3648,440,477
3649,440,478
3650,440,479
3651,440,480
3652,440,481
3653,440,482
3654,440,483
3655,440,484
3656,440,485
3657,440,486
3658,440,487
3659,440,488
3660,440,489
3661,440,490
3662,440,491
3663,440,492
3664,440,493
3665,440,494
3666,440,495
3667,440,496
3668,440,497
3669,440,498
3670,440,499
3671,440,500
3672,440,501
3673,440,502
3674,440,503
3675,440,504
3676,440,505
3677,440,506
3678,440,507
3679,440,508
3680,440,509
3681,440,510
3682,440,511
3683,440,512
3684,440,513
3685,440,514
3686,440,515
3687,440,516
3688,440,517
3689,440,518
3690,440,519
3691,440,520
3692,440,521
3693,440,522
3694,440,523
3695,440,524
3696,440,531
3697,440,532
3698,440,533
3699,440,534
3700,440,535
3701,440,536
3702,440,537
3703,440,538
3704,440,539
3705,440,540
3706,440,541
3707,440,542
3708,440,543
3709,440,544
3710,440,545
3711,440,546
3712,440,547
3713,440,548
3714,440,549
3715,440,550
3716,440,551
3717,440,552
3718,440,553
3719,440,554
3720,440,555
3721,440,556
3722,440,557
3723,440,558
3724,440,559
3725,440,560
3726,440,561
3727,440,562
3728,440,563
3729,440,564
3730,440,565
3731,440,566
3732,440,567
3733,440,568
3734,440,569
3735,440,570
3736,440,571
3737,440,572
3738,440,573
3739,440,574
3740,440,575
3741,440,576
3742,441,454
3743,441,455
3744,441,456
3745,441,457
3746,441,458
3747,441,459
3748,441,460
3749,441,461
3750,441,462
3751,441,463
3752,441,464
3753,441,465
3754,441,466
3755,441,467
3756,441,468
3757,441,469
3758,441,470
3759,441,471
3760,441,472
3761,441,473
3762,441,474
3763,441,475
3764,441,476
3765,441,477
3766,441,478
3767,441,479
3768,441,480
3769,441,481
3770,441,482
3771,441,483
3772,441,484
3773,441,485
3774,441,486
3775,441,487
3776,441,488
3777,441,489
3778,441,490
3779,441,491
3780,441,492
3781,441,493
3782,441,494
3783,441,495
3784,441,496
3785,441,497
3786,441,498
3787,441,499
3788,441,500
3789,441,501
3790,441,502
3791,441,503
3792,441,504
3793,441,505
3794,441,506
3795,441,507
3796,441,508
3797,441,509
3798,441,510
3799,441,511
3800,441,512
3801,441,513
3802,441,514
3803,441,515
3804,441,516
3805,441,517
3806,441,518
3807,441,519
3808,441,520
3809,441,521
3810,441,522
3811,441,523
3812,441,524
3813,441,525
3814,441,526
3815,441,527
3816,441,528
3817,441,529
3818,441,530
3819,441,531
3820,441,532
3821,441,533
3822,441,534
3823,441,535
3824,441,536
3825,441,537
3826,441,538
3827,441,539
3828,441,540
3829,441,541
3830,441,542
3831,441,543
3832,441,544
3833,441,545
3834,441,546
3835,441,547
3836,441,548
3837,441,549
3838,441,550
3839,441,551
3840,441,552
3841,441,553
3842,441,554
3843,441,555
3844,441,556
3845,441,557
3846,441,558
3847,441,559
3848,441,560
3849,441,561
3850,441,562
3851,441,563
3852,441,564
3853,441,565
3854,441,566
3855,441,567
3856,441,568
3857,441,569
3858,441,570
3859,441,571
3860,441,572
3861,441,573
3862,441,574
3863,441,575
3864,441,576
3865,442,455
3866,442,456
3867,442,457
3868,442,458
3869,442,459
3870,442,460
3871,442,461
3872,442,462
3873,442,463
3874,442,464
3875,442,465
3876,442,466
3877,442,467
3878,442,468
3879,442,469
3880,442,470
3881,442,471
3882,442,472
3883,442,473
3884,442,474
3885,442,475
3886,442,476
3887,442,477
3888,442,478
3889,442,479
3890,442,480
3891,442,481
3892,442,482
3893,442,483
3894,442,484
3895,442,485
3896,442,486
3897,442,487
3898,442,488
3899,442,489
3900,442,490
3901,442,491
3902,442,492
3903,442,493
3904,442,494
3905,442,495
3906,442,496
3907,442,497
3908,442,498
3909,442,499
3910,442,500
3911,442,501
3912,442,502
3913,442,503
3914,442,504
3915,442,505
3916,442,506
3917,442,507
3918,442,508
3919,442,509
3920,442,510
3921,442,511
3922,442,512
3923,442,513
3924,442,514
3925,442,515
3926,442,516
3927,442,517
3928,442,518
3929,442,519
3930,442,520
3931,442,521
3932,442,522
3933,442,523
3934,442,524
3935,442,525
3936,442,526
3937,442,527
3938,442,528
3939,442,529
3940,442,530
3941,442,531
3942,442,532
3943,442,533
3944,442,534
3945,442,535
3946,442,536
3947,442,537
3948,442,538
3949,442,539
3950,442,540
3951,442,541
3952,442,542
3953,442,543
3954,442,544
3955,442,545
3956,442,546
3957,442,547
3958,442,548
3959,442,549
3960,442,550
3961,442,551
3962,442,552
3963,442,553
3964,442,554
3965,442,555
3966,442,556
3967,442,557
3968,442,558
3969,442,559
3970,442,560
3971,442,561
3972,442,562
3973,442,563
3974,442,564
3975,442,565
3976,442,566
3977,442,567
3978,442,568
3979,442,569
3980,442,570
3981,442,571
3982,442,572
3983,442,573
3984,442,574
3985,442,575
3986,442,576
3987,443,455
3988,443,456
3989,443,457
3990,443,458
3991,443,459
3992,443,460
3993,443,461
3994,443,462
3995,443,463
3996,443,464
3997,443,465
3998,443,466
3999,443,467
4000,443,468
4001,443,469
4002,443,470
4003,443,471
4004,443,472
4005,443,473
4006,443,474
4007,443,475
4008,443,476
4009,443,477
4010,443,478
4011,443,479
4012,443,480
4013,443,481
4014,443,482
4015,443,483
4016,443,484
4017,443,485
4018,443,486
4019,443,487
4020,443,488
4021,443,489
4022,443,490
4023,443,491
4024,443,492
4025,443,493
4026,443,494
4027,443,495
4028,443,496
4029,443,497
4030,443,498
4031,443,499
4032,443,500
4033,443,501
4034,443,502
4035,443,503
4036,443,504
4037,443,505
4038,443,506
4039,443,507
4040,443,508
4041,443,509
4042,443,510
4043,443,511
4044,443,512
4045,443,513
4046,443,514
4047,443,515
4048,443,516
4049,443,517
4050,443,518
4051,443,519
4052,443,520
4053,443,521
4054,443,522
4055,443,523
4056,443,524
4057,443,525
4058,443,526
4059,443,527
4060,443,528
4061,443,529
4062,443,530
4063,443,531
4064,443,532
4065,443,533
4066,443,534
4067,443,535
4068,443,536
4069,443,537
4070,443,538
4071,443,539
4072,443,540
4073,443,541
4074,443,542
4075,443,543
4076,443,544
4077,443,545
4078,443,546
4079,443,547
4080,443,548
4081,443,549
4082,443,550
4083,443,551
4084,443,552
4085,443,553
4086,443,554
4087,443,555
4088,443,556
4089,443,557
4090,443,558
4091,443,559
4092,443,560
4093,443,561
4094,443,562
4095,443,563
4096,443,564
4097,443,565
4098,443,566
4099,443,567
4100,443,568
4101,443,569
4102,443,570
4103,443,571
4104,443,572
4105,443,573
4106,443,574
4107,443,575
4108,443,576
4109,444,456
4110,444,457
4111,444,458
4112,444,459
4113,444,460
4114,444,461
4115,444,462
4116,444,463
4117,444,464
4118,444,465
4119,444,466
4120,444,467
4121,444,468
4122,444,469
4123,444,470
4124,444,471
4125,444,472
4126,444,473
4127,444,474
4128,444,475
4129,444,476
4130,444,477
4131,444,478
4132,444,479
4133,444,480
4134,444,481
4135,444,482
4136,444,483
4137,444,484
4138,444,485
4139,444,486
4140,444,487
4141,444,488
4142,444,489
4143,444,490
4144,444,491
4145,444,492
4146,444,493
4147,444,494
4148,444,495
4149,444,496
4150,444,497
4151,444,498
4152,444,499
4153,444,500
4154,444,501
4155,444,502
4156,444,503
4157,444,504
4158,444,505
4159,444,506
4160,444,507
4161,444,508
4162,444,509
4163,444,510
4164,444,511
4165,444,512
4166,444,513
4167,444,514
4168,444,515
4169,444,516
4170,444,517
4171,444,518
4172,444,519
4173,444,520
4174,444,521
4175,444,522
4176,444,523
4177,444,524
4178,444,525
4179,444,526
4180,444,527
4181,444,528
4182,444,529
4183,444,530
4184,444,531
4185,444,532
4186,444,533
4187,444,534
4188,444,535
4189,444,536
4190,444,537
4191,444,538
4192,444,539
4193,444,540
4194,444,541
4195,444,542
4196,444,543
4197,444,544
4198,444,545
4199,444,546
4200,444,547
4201,444,548
4202,444,549
4203,444,550
4204,444,551
4205,444,552
4206,444,553
4207,444,554
4208,444,555
4209,444,556
4210,444,557
4211,444,558
4212,444,559
4213,444,560
4214,444,561
4215,444,562
4216,444,563
4217,444,564
4218,444,565
4219,444,566
4220,444,567
4221,444,568
4222,444,569
4223,444,570
4224,444,571
4225,444,572
4226,444,573
4227,444,574
4228,444,575
4229,444,576
4230,445,456
4231,445,457
4232,445,458
4233,445,459
4234,445,460
4235,445,461
4236,445,462
4237,445,463
4238,445,464
4239,445,465
4240,445,466
4241,445,467
4242,445,468
4243,445,469
4244,445,470
4245,445,471
4246,445,472
4247,445,473
4248,445,474
4249,445,475
4250,445,476
4251,445,477
4252,445,478
4253,445,479
4254,445,480
4255,445,481
4256,445,482
4257,445,483
4258,445,484
4259,445,485
4260,445,486
4261,445,487
4262,445,488
4263,445,489
4264,445,490
4265,445,491
4266,445,492
4267,445,493
4268,445,494
4269,445,495
4270,445,496
4271,445,497
4272,445,498
4273,445,499
4274,445,500
4275,445,501
4276,445,502
4277,445,503
4278,445,504
4279,445,505
4280,445,506
4281,445,507
4282,445,508
4283,445,509
4284,445,510
4285,445,511
4286,445,512
4287,445,513
4288,445,514
4289,445,515
4290,445,516
4291,445,517
4292,445,518
4293,445,519
4294,445,520
4295,445,521
4296,445,522
4297,445,523
4298,445,524
4299,445,525
4300,445,526
4301,445,527
4302,445,528
4303,445,529
4304,445,530
4305,445,531
4306,445,532
4307,445,533
4308,445,534
4309,445,535
4310,445,536
4311,445,537
4312,445,538
4313,445,539
4314,445,540
4315,445,541
4316,445,542
4317,445,543
4318,445,544
4319,445,545
4320,445,546
4321,445,547
4322,445,548
4323,445,549
4324,445,550
4325,445,551
4326,445,552
4327,445,553
4328,445,554
4329,445,555
4330,445,556
4331,445,557
4332,445,558
4333,445,559
4334,445,560
4335,445,561
4336,445,562
4337,445,563
4338,445,564
4339,445,565
4340,445,566
4341,445,567
4342,445,568
4343,445,569
4344,445,570
4345,445,571
4346,445,572
4347,445,573
4348,445,574
4349,445,575
4350,445,576
4351,446,456
4352,446,457
4353,446,458
4354,446,459
4355,446,460
4356,446,461
4357,446,462
4358,446,463
4359,446,464
4360,446,465
4361,446,466
4362,446,467
4363,446,468
4364,446,469
4365,446,470
4366,446,471
4367,446,472
4368,446,473
4369,446,474
4370,446,475
4371,446,476
4372,446,477
4373,446,478
4374,446,479
4375,446,480
4376,446,481
4377,446,482
4378,446,483
4379,446,484
4380,446,485
4381,446,486
4382,446,487
4383,446,488
4384,446,489
4385,446,490
4386,446,491
4387,446,492
4388,446,493
4389,446,494
4390,446,495
4391,446,496
4392,446,497
4393,446,498
4394,446,499
4395,446,500
4396,446,501
4397,446,502
4398,446,503
4399,446,504
4400,446,505
4401,446,506
4402,446,507
4403,446,508
4404,446,509
4405,446,510
4406,446,511
4407,446,512
4408,446,513
4409,446,514
4410,446,515
4411,446,516
4412,446,517
4413,446,518
4414,446,519
4415,446,520
4416,446,521
4417,446,522
4418,446,523
4419,446,524
4420,446,525
4421,446,526
4422,446,527
4423,446,528
4424,446,529
4425,446,530
4426,446,531
4427,446,532
4428,446,533
4429,446,534
4430,446,535
4431,446,536
4432,446,537
4433,446,538
4434,446,539
4435,446,540
4436,446,541
4437,446,542
4438,446,543
4439,446,544
4440,446,545
4441,446,546
4442,446,547
4443,446,548
4444,446,549
4445,446,550
4446,446,551
4447,446,552
4448,446,553
4449,446,554
4450,446,555
4451,446,556
4452,446,557
4453,446,558
4454,446,559
4455,446,560
4456,446,561
4457,446,562
4458,446,563
4459,446,564
4460,446,565
4461,446,566
4462,446,567
4463,446,568
4464,446,569
4465,446,570
4466,446,571
4467,446,572
4468,446,573
4469,446,574
4470,446,575
4471,446,576
4472,447,457
4473,447,458
4474,447,459
4475,447,460
4476,447,461
4477,447,462
4478,447,463
4479,447,464
4480,447,465
4481,447,466
4482,447,467
4483,447,468
4484,447,469
4485,447,470
4486,447,471
4487,447,472
4488,447,473
4489,447,474
4490,447,475
4491,447,476
4492,447,477
4493,447,478
4494,447,479
4495,447,480
4496,447,481
4497,447,482
4498,447,483
4499,447,484
4500,447,485
4501,447,486
4502,447,487
4503,447,488
4504,447,489
4505,447,490
4506,447,491
4507,447,492
4508,447,493
4509,447,494
4510,447,495
4511,447,496
4512,447,497
4513,447,498
4514,447,499
4515,447,500
4516,447,501
4517,447,502
4518,447,503
4519,447,504
4520,447,505
4521,447,506
4522,447,507
4523,447,508
4524,447,509
4525,447,510
4526,447,511
4527,447,512
4528,447,513
4529,447,514
4530,447,515
4531,447,516
4532,447,517
4533,447,518
4534,447,519
4535,447,520
4536,447,521
4537,447,522
4538,447,523
4539,447,524
4540,447,525
4541,447,526
4542,447,527
4543,447,528
4544,447,529
4545,447,530
4546,447,531
4547,447,532
4548,447,533
4549,447,534
4550,447,535
4551,447,536
4552,447,537
4553,447,538
4554,447,539
4555,447,540
4556,447,541
4557,447,542
4558,447,543
4559,447,544
4560,447,545
4561,447,546
4562,447,547
4563,447,548
4564,447,549
4565,447,550
4566,447,551
4567,447,552
4568,447,553
4569,447,554
4570,447,555
4571,447,556
4572,447,557
4573,447,558
4574,447,559
4575,447,560
4576,447,561
4577,447,562
4578,447,563
4579,447,564
4580,447,565
4581,447,566
4582,447,567
4583,447,568
4584,447,569
4585,447,570
4586,447,571
4587,447,572
4588,447,573
4589,447,574
4590,447,575
4591,448,457
4592,448,458
4593,448,459
4594,448,460
4595,448,461
4596,448,462
4597,448,463
4598,448,464
4599,448,465
4600,448,466
4601,448,467
4602,448,468
4603,448,469
4604,448,470
4605,448,471
4606,448,472
4607,448,473
4608,448,474
4609,448,475
4610,448,476
4611,448,477
4612,448,478
4613,448,479
4614,448,480
4615,448,481
4616,448,482
4617,448,483
4618,448,484
4619,448,485
4620,448,486
4621,448,487
4622,448,488
4623,448,489
4624,448,490
4625,448,491
4626,448,492
4627,448,493
4628,448,494
4629,448,495
4630,448,496
4631,448,497
4632,448,498
4633,448,499
4634,448,500
4635,448,501
4636,448,502
4637,448,503
4638,448,504
4639,448,505
4640,448,506
4641,448,507
4642,448,508
4643,448,509
4644,448,510
4645,448,511
4646,448,512
4647,448,513
4648,448,514
4649,448,515
4650,448,516
4651,448,517
4652,448,518
4653,448,519
4654,448,520
4655,448,521
4656,448,522
4657,448,523
4658,448,524
4659,448,525
4660,448,526
4661,448,527
4662,448,528
4663,448,529
4664,448,530
4665,448,531
4666,448,532
4667,448,533
4668,448,534
4669,448,535
4670,448,536
4671,448,537
4672,448,538
4673,448,539
4674,448,540
4675,448,541
4676,448,542
4677,448,543
4678,448,544
4679,448,545
4680,448,546
4681,448,547
4682,448,548
4683,448,549
4684,448,550
4685,448,551
4686,448,552
4687,448,553
4688,448,554
4689,448,555
4690,448,556
4691,448,557
4692,448,558
4693,448,559
4694,448,560
4695,448,561
4696,448,562
4697,448,563
4698,448,564
4699,448,565
4700,448,566
4701,448,567
4702,448,568
4703,448,569
4704,448,570
4705,448,571
4706,448,572
4707,448,573
4708,448,574
4709,448,575
4710,449,458
4711,449,459
4712,449,460
4713,449,461
4714,449,462
4715,449,463
4716,449,464
4717,449,465
4718,449,466
4719,449,467
4720,449,468
4721,449,469
4722,449,470
4723,449,471
4724,449,472
4725,449,473
4726,449,474
4727,449,475
4728,449,476
4729,449,477
4730,449,478
4731,449,479
4732,449,480
4733,449,481
4734,449,482
4735,449,483
4736,449,484
4737,449,485
4738,449,486
4739,449,487
4740,449,488
4741,449,489
4742,449,490
4743,449,491
4744,449,492
4745,449,493
4746,449,494
4747,449,495
4748,449,496
4749,449,497
4750,449,498
4751,449,499
4752,449,500
4753,449,501
4754,449,502
4755,449,503
4756,449,504
4757,449,505
4758,449,506
4759,449,507
4760,449,508
4761,449,509
4762,449,510
4763,449,511
4764,449,512
4765,449,513
4766,449,514
4767,449,515
4768,449,516
4769,449,517
4770,449,518
4771,449,519
4772,449,520
4773,449,521
4774,449,522
4775,449,523
4776,449,524
4777,449,525
4778,449,526
4779,449,527
4780,449,528
4781,449,529
4782,449,530
4783,449,531
4784,449,532
4785,449,533
4786,449,534
4787,449,535
4788,449,536
4789,449,537
4790,449,538
4791,449,539
4792,449,540
4793,449,541
4794,449,542
4795,449,543
4796,449,544
4797,449,545
4798,449,546
4799,449,547
4800,449,548
4801,449,549
4802,449,550
4803,449,551
4804,449,552
4805,449,553
4806,449,554
4807,449,555
4808,449,556
4809,449,557
4810,449,558
4811,449,559
4812,449,560
4813,449,561
4814,449,562
4815,449,563
4816,449,564
4817,449,565
4818,449,566
4819,449,567
4820,449,568
4821,449,569
4822,449,570
4823,449,571
4824,449,572
4825,449,573
4826,449,574
4827,450,458
4828,450,459
4829,450,460
4830,450,461
4831,450,462
4832,450,463
4833,450,464
4834,450,465
4835,450,466
4836,450,467
4837,450,468
4838,450,469
4839,450,470
4840,450,471
4841,450,472
4842,450,473
4843,450,474
4844,450,475
4845,450,476
4846,450,477
4847,450,478
4848,450,479
4849,450,480
4850,450,481
4851,450,482
4852,450,483
4853,450,484
4854,450,485
4855,450,486
4856,450,487
4857,450,488
4858,450,489
4859,450,490
4860,450,491
4861,450,492
4862,450,493
4863,450,494
4864,450,495
4865,450,496
4866,450,497
4867,450,498
4868,450,499
4869,450,500
4870,450,501
4871,450,502
4872,450,503
4873,450,504
4874,450,505
4875,450,506
4876,450,507
4877,450,508
4878,450,509
4879,450,510
4880,450,511
4881,450,512
4882,450,513
4883,450,514
4884,450,515
4885,450,516
4886,450,517
4887,450,518
4888,450,519
4889,450,520
4890,450,521
4891,450,522
4892,450,523
4893,450,524
4894,450,525
4895,450,526
4896,450,527
4897,450,528
4898,450,529
4899,450,530
4900,450,531
4901,450,532
4902,450,533
4903,450,534
4904,450,535
4905,450,536
4906,450,537
4907,450,538
4908,450,539
4909,450,540
4910,450,541
4911,450,542
4912,450,543
4913,450,544
4914,450,545
4915,450,546
4916,450,547
4917,450,548
4918,450,549
4919,450,550
4920,450,551
4921,450,552
4922,450,553
4923,450,554
4924,450,555
4925,450,556
4926,450,557
4927,450,558
4928,450,559
4929,450,560
4930,450,561
4931,450,562
4932,450,563
4933,450,564
4934,450,565
4935,450,566
4936,450,567
4937,450,568
4938,450,569
4939,450,570
4940,450,571
4941,450,572
4942,451,459
4943,451,460
4944,451,461
4945,451,462
4946,451,463
4947,451,464
4948,451,465
4949,451,466
4950,451,467
4951,451,468
4952,451,469
4953,451,470
4954,451,471
4955,451,472
4956,451,473
4957,451,474
4958,451,475
4959,451,476
4960,451,477
4961,451,478
4962,451,479
4963,451,480
4964,451,481
4965,451,482
4966,451,483
4967,451,484
4968,451,485
4969,451,486
4970,451,487
4971,451,488
4972,451,489
4973,451,490
4974,451,491
4975,451,492
4976,451,493
4977,451,494
4978,451,495
4979,451,496
4980,451,497
4981,451,498
4982,451,499
4983,451,500
4984,451,501
4985,451,502
4986,451,503
4987,451,504
4988,451,505
4989,451,506
4990,451,507
4991,451,508
4992,451,509
4993,451,510
4994,451,511
4995,451,512
4996,451,513
4997,451,514
4998,451,515
4999,451,516
5000,451,517
5001,451,518
5002,451,519
5003,451,520
5004,451,521
5005,451,522
5006,451,523
5007,451,524
5008,451,525
5009,451,526
5010,451,527
5011,451,528
5012,451,529
5013,451,530
5014,451,531
5015,451,532
5016,451,533
5017,451,534
5018,451,535
5019,451,536
5020,451,537
5021,451,538
5022,451,539
5023,451,540
5024,451,541
5025,451,542
5026,451,543
5027,451,544
5028,451,545
5029,451,546
5030,451,547
5031,451,548
5032,451,549
5033,451,550
5034,451,551
5035,451,552
5036,451,553
5037,451,554
5038,451,555
5039,451,556
5040,451,557
5041,451,558
5042,451,559
5043,451,560
5044,451,561
5045,451,562
5046,451,563
5047,451,564
5048,451,565
5049,451,566
5050,451,567
5051,451,568
5052,451,569
5053,451,570
5054,451,571
5055,451,572
5056,452,460
5057,452,461
5058,452,462
5059,452,463
5060,452,464
5061,452,465
5062,452,466
5063,452,467
5064,452,468
5065,452,469
5066,452,470
5067,452,471
5068,452,472
5069,452,473
5070,452,474
5071,452,475
5072,452,476
5073,452,477
5074,452,478
5075,452,479
5076,452,480
5077,452,481
5078,452,482
5079,452,483
5080,452,484
5081,452,485
5082,452,486
5083,452,487
5084,452,488
5085,452,489
5086,452,490
5087,452,491
5088,452,492
5089,452,493
5090,452,494
5091,452,495
5092,452,496
5093,452,497
5094,452,498
5095,452,499
5096,452,500
5097,452,501
5098,452,502
5099,452,503
5100,452,504
5101,452,505
5102,452,506
5103,452,507
5104,452,508
5105,452,509
5106,452,510
5107,452,511
5108,452,512
5109,452,513
5110,452,514
5111,452,515
5112,452,516
5113,452,517
5114,452,518
5115,452,519
5116,452,520
5117,452,521
5118,452,522
5119,452,523
5120,452,524
5121,452,525
5122,452,526
5123,452,527
5124,452,528
5125,452,529
5126,452,530
5127,452,531
5128,452,532
5129,452,533
5130,452,534
5131,452,535
5132,452,536
5133,452,537
5134,452,538
5135,452,539
5136,452,540
5137,452,541
5138,452,542
5139,452,543
5140,452,544
5141,452,545
5142,452,546
5143,452,547
5144,452,548
5145,452,549
5146,452,550
5147,452,551
5148,452,552
5149,452,553
5150,452,554
5151,452,555
5152,452,556
5153,452,557
5154,452,558
5155,452,559
5156,452,560
5157,452,561
5158,452,562
5159,452,563
5160,452,564
5161,452,565
5162,452,566
5163,452,567
5164,452,568
5165,452,569
5166,452,570
5167,453,460
5168,453,461
5169,453,462
5170,453,463
5171,453,464
5172,453,465
5173,453,466
5174,453,467
5175,453,468
5176,453,469
5177,453,470
5178,453,471
5179,453,472
5180,453,473
5181,453,474
5182,453,475
5183,453,476
5184,453,477
5185,453,478
5186,453,479
5187,453,480
5188,453,481
5189,453,482
5190,453,483
5191,453,484
5192,453,485
5193,453,486
5194,453,487
5195,453,488
5196,453,489
5197,453,490
5198,453,491
5199,453,492
5200,453,493
5201,453,494
5202,453,495
5203,453,496
5204,453,497
5205,453,498
5206,453,499
5207,453,500
5208,453,501
5209,453,502
5210,453,503
5211,453,504
5212,453,505
5213,453,506
5214,453,507
5215,453,508
5216,453,509
5217,453,510
5218,453,511
5219,453,512
5220,453,513
5221,453,514
5222,453,515
5223,453,516
5224,453,517
5225,453,518
5226,453,519
5227,453,520
5228,453,521
5229,453,522
5230,453,523
5231,453,524
5232,453,525
5233,453,526
5234,453,527
5235,453,528
5236,453,529
5237,453,530
5238,453,531
5239,453,532
5240,453,533
5241,453,534
5242,453,535
5243,453,536
5244,453,537
5245,453,538
5246,453,539
5247,453,540
5248,453,541
5249,453,542
5250,453,543
5251,453,544
5252,453,545
5253,453,546
5254,453,547
5255,453,548
5256,453,549
5257,453,550
5258,453,551
5259,453,552
5260,453,553
5261,453,554
5262,453,555
5263,453,556
5264,453,557
5265,453,558
5266,453,559
5267,453,560
5268,453,561
5269,453,562
5270,453,563
5271,453,564
5272,453,565
5273,453,566
5274,453,567
5275,453,568
5276,454,461
5277,454,462
5278,454,463
5279,454,464
5280,454,465
5281,454,466
5282,454,467
5283,454,468
5284,454,469
5285,454,470
5286,454,471
5287,454,472
5288,454,473
5289,454,474
5290,454,475
5291,454,476
5292,454,477
5293,454,478
5294,454,479
5295,454,480
5296,454,481
5297,454,482
5298,454,483
5299,454,484
5300,454,485
5301,454,486
5302,454,487
5303,454,488
5304,454,489
5305,454,490
5306,454,491
5307,454,492
5308,454,493
5309,454,494
5310,454,495
5311,454,496
5312,454,497
5313,454,498
5314,454,499
5315,454,500
5316,454,501
5317,454,502
5318,454,503
5319,454,504
5320,454,505
5321,454,506
5322,454,507
5323,454,508
5324,454,509
5325,454,510
5326,454,511
5327,454,512
5328,454,513
5329,454,514
5330,454,515
5331,454,516
5332,454,517
5333,454,518
5334,454,519
5335,454,520
5336,454,521
5337,454,522
5338,454,523
5339,454,524
5340,454,525
5341,454,526
5342,454,527
5343,454,528
5344,454,529
5345,454,530
5346,454,531
5347,454,532
5348,454,533
5349,454,534
5350,454,535
5351,454,536
5352,454,537
5353,454,538
5354,454,539
5355,454,540
5356,454,541
5357,454,542
5358,454,543
5359,454,544
5360,454,545
5361,454,546
5362,454,547
5363,454,548
5364,454,549
5365,454,550
5366,454,551
5367,454,552
5368,454,553
5369,454,554
5370,454,555
5371,454,556
5372,454,557
5373,454,558
5374,454,559
5375,454,560
5376,454,561
5377,454,562
5378,454,563
5379,454,564
5380,454,565
5381,454,566
5382,454,567
5383,454,568
5384,455,461
5385,455,462
5386,455,463
5387,455,464
5388,455,465
5389,455,466
5390,455,467
5391,455,468
5392,455,469
5393,455,470
5394,455,471
5395,455,472
5396,455,473
5397,455,474
5398,455,475
5399,455,476
5400,455,477
5401,455,478
5402,455,479
5403,455,480
5404,455,481
5405,455,482
5406,455,483
5407,455,484
5408,455,485
5409,455,486
5410,455,487
5411,455,488
5412,455,489
5413,455,490
5414,455,491
5415,455,492
5416,455,493
5417,455,494
5418,455,495
5419,455,496
5420,455,497
5421,455,498
5422,455,499
5423,455,500
5424,455,501
5425,455,502
5426,455,503
5427,455,504
5428,455,505
5429,455,506
5430,455,507
5431,455,508
5432,455,509
5433,455,510
5434,455,511
5435,455,512
5436,455,513
5437,455,514
5438,455,515
5439,455,516
5440,455,517
5441,455,518
5442,455,519
5443,455,520
5444,455,521
5445,455,522
5446,455,523
5447,455,524
5448,455,525
5449,455,526
5450,455,527
5451,455,528
5452,455,529
5453,455,530
5454,455,531
5455,455,532
5456,455,533
5457,455,534
5458,455,535
5459,455,536
5460,455,537
5461,455,538
5462,455,539
5463,455,540
5464,455,541
5465,455,542
5466,455,543
5467,455,544
5468,455,545
5469,455,546
5470,455,547
5471,455,548
5472,455,549
5473,455,550
5474,455,551
5475,455,552
5476,455,553
5477,455,554
5478,455,555
5479,455,556
5480,455,557
5481,455,558
5482,455,559
5483,455,560
5484,455,561
5485,455,562
5486,455,563
5487,455,564
5488,455,565
5489,455,566
5490,455,567
5491,456,462
5492,456,463
5493,456,464
5494,456,465
5495,456,466
5496,456,467
5497,456,468
5498,456,469
5499,456,470
5500,456,471
5501,456,472
5502,456,473
5503,456,474
5504,456,475
5505,456,476
5506,456,477
5507,456,478
5508,456,479
5509,456,480
5510,456,481
5511,456,482
5512,456,483
5513,456,484
5514,456,485
5515,456,486
5516,456,487
5517,456,488
5518,456,489
5519,456,490
5520,456,491
5521,456,492
5522,456,493
5523,456,494
5524,456,495
5525,456,496
5526,456,497
5527,456,498
5528,456,499
5529,456,500
5530,456,501
5531,456,502
5532,456,503
5533,456,504
5534,456,505
5535,456,506
5536,456,507
5537,456,508
5538,456,509
5539,456,510
5540,456,511
5541,456,512
5542,456,513
5543,456,514
5544,456,515
5545,456,516
5546,456,517
5547,456,518
5548,456,519
5549,456,520
5550,456,521
5551,456,522
5552,456,523
5553,456,524
5554,456,525
5555,456,526
5556,456,527
5557,456,528
5558,456,529
5559,456,530
5560,456,531
5561,456,532
5562,456,533
5563,456,534
5564,456,535
5565,456,536
5566,456,537
5567,456,538
5568,456,539
5569,456,540
5570,456,541
5571,456,542
5572,456,543
5573,456,544
5574,456,545
5575,456,546
5576,456,547
5577,456,548
5578,456,549
5579,456,550
5580,456,551
5581,456,552
5582,456,553
5583,456,554
5584,456,555
5585,456,556
5586,456,557
5587,456,558
5588,456,559
5589,456,560
5590,456,561
5591,456,562
5592,456,563
5593,456,564
5594,456,565
5595,456,566
5596,456,567
5597,457,462
5598,457,463
5599,457,464
5600,457,465
5601,457,466
5602,457,467
5603,457,468
5604,457,469
5605,457,470
5606,457,471
5607,457,472
5608,457,473
5609,457,474
5610,457,475
5611,457,476
5612,457,477
5613,457,478
5614,457,479
5615,457,480
5616,457,481
5617,457,482
5618,457,483
5619,457,484
5620,457,485
5621,457,486
5622,457,487
5623,457,488
5624,457,489
5625,457,490
5626,457,491
5627,457,492
5628,457,493
5629,457,494
5630,457,495
5631,457,496
5632,457,497
5633,457,498
5634,457,499
5635,457,500
5636,457,501
5637,457,502
5638,457,503
5639,457,504
5640,457,505
5641,457,506
5642,457,507
5643,457,508
5644,457,509
5645,457,510
5646,457,511
5647,457,512
5648,457,513
5649,457,514
5650,457,515
5651,457,516
5652,457,517
5653,457,518
5654,457,519
5655,457,520
5656,457,521
5657,457,522
5658,457,523
5659,457,524
5660,457,525
5661,457,526
5662,457,527
5663,457,528
5664,457,529
5665,457,530
5666,457,531
5667,457,532
5668,457,533
5669,457,534
5670,457,535
5671,457,536
5672,457,537
5673,457,538
5674,457,539
5675,457,540
5676,457,541
5677,457,542
5678,457,543
5679,457,544
5680,457,545
5681,457,546
5682,457,547
5683,457,548
5684,457,549
5685,457,550
5686,457,551
5687,457,552
5688,457,553
5689,457,554
5690,457,555
5691,457,556
5692,457,557
5693,457,558
5694,457,559
5695,457,560
5696,457,561
5697,457,562
5698,457,563
5699,457,564
5700,457,565
5701,457,566
5702,457,567
5703,458,462
5704,458,463
5705,458,464
5706,458,465
5707,458,466
5708,458,467
5709,458,468
5710,458,469
5711,458,470
5712,458,471
5713,458,472
5714,458,473
5715,458,474
5716,458,475
5717,458,476
5718,458,477
5719,458,478
5720,458,479
5721,458,480
5722,458,481
5723,458,482
5724,458,483
5725,458,484
5726,458,485
5727,458,486
5728,458,487
5729,458,488
5730,458,489
5731,458,490
5732,458,491
5733,458,492
5734,458,493
5735,458,494
5736,458,495
5737,458,496
5738,458,497
5739,458,498
5740,458,499
5741,458,500
5742,458,501
5743,458,502
5744,458,503
5745,458,504
5746,458,505
5747,458,506
5748,458,507
5749,458,508
5750,458,509
5751,458,510
5752,458,511
5753,458,512
5754,458,513
5755,458,514
5756,458,515
5757,458,516
5758,458,517
5759,458,518
5760,458,519
5761,458,520
5762,458,521
5763,458,522
5764,458,523
5765,458,524
5766,458,525
5767,458,526
5768,458,527
5769,458,528
5770,458,529
5771,458,530
5772,458,531
5773,458,532
5774,458,533
5775,458,534
5776,458,535
5777,458,536
5778,458,537
5779,458,538
5780,458,539
5781,458,540
5782,458,541
5783,458,542
5784,458,543
5785,458,544
5786,458,545
5787,458,546
5788,458,547
5789,458,548
5790,458,549
5791,458,550
5792,458,551
5793,458,552
5794,458,553
5795,458,554
5796,458,555
5797,458,556
5798,458,557
5799,458,558
5800,458,559
5801,458,560
5802,458,561
5803,458,562
5804,458,563
5805,458,564
5806,458,565
5807,458,566
5808,458,567
5809,459,463
5810,459,464
5811,459,465
5812,459,466
5813,459,467
5814,459,468
5815,459,469
5816,459,470
5817,459,471
5818,459,472
5819,459,473
5820,459,474
5821,459,475
5822,459,476
5823,459,477
5824,459,478
5825,459,479
5826,459,480
5827,459,481
5828,459,482
5829,459,483
5830,459,484
5831,459,485
5832,459,486
5833,459,487
5834,459,488
5835,459,489
5836,459,490
5837,459,491
5838,459,492
5839,459,493
5840,459,494
5841,459,495
5842,459,496
5843,459,497
5844,459,498
5845,459,499
5846,459,500
5847,459,501
5848,459,502
5849,459,503
5850,459,504
5851,459,505
5852,459,506
5853,459,507
5854,459,508
5855,459,509
5856,459,510
5857,459,511
5858,459,512
5859,459,513
5860,459,514
5861,459,515
5862,459,516
5863,459,517
5864,459,518
5865,459,519
5866,459,520
5867,459,521
5868,459,522
5869,459,523
5870,459,524
5871,459,525
5872,459,526
5873,459,527
5874,459,528
5875,459,529
5876,459,530
5877,459,531
5878,459,532
5879,459,533
5880,459,534
5881,459,535
5882,459,536
5883,459,537
5884,459,538
5885,459,539
5886,459,540
5887,459,541
5888,459,542
5889,459,543
5890,459,544
5891,459,545
5892,459,546
5893,459,547
5894,459,548
5895,459,549
5896,459,550
5897,459,551
5898,459,552
5899,459,553
5900,459,554
5901,459,555
5902,459,556
5903,459,557
5904,459,558
5905,459,559
5906,459,560
5907,459,561
5908,459,562
5909,459,563
5910,459,564
5911,459,565
5912,459,566
5913,460,464
5914,460,465
5915,460,466
5916,460,467
5917,460,468
5918,460,469
5919,460,470
5920,460,471
5921,460,472
5922,460,473
5923,460,474
5924,460,475
5925,460,476
5926,460,477
5927,460,478
5928,460,479
5929,460,480
5930,460,481
5931,460,482
5932,460,483
5933,460,484
5934,460,485
5935,460,486
5936,460,487
5937,460,488
5938,460,489
5939,460,490
5940,460,491
5941,460,492
5942,460,493
5943,460,494
5944,460,495
5945,460,496
5946,460,497
5947,460,498
5948,460,499
5949,460,500
5950,460,501
5951,460,502
5952,460,503
5953,460,504
5954,460,505
5955,460,506
5956,460,507
5957,460,508
5958,460,509
5959,460,510
5960,460,511
5961,460,512
5962,460,513
5963,460,514
5964,460,515
5965,460,516
5966,460,517
5967,460,518
5968,460,519
5969,460,520
5970,460,521
5971,460,522
5972,460,523
5973,460,524
5974,460,525
5975,460,526
5976,460,527
5977,460,528
5978,460,529
5979,460,530
5980,460,531
5981,460,532
5982,460,533
5983,460,534
5984,460,535
5985,460,536
5986,460,537
5987,460,538
5988,460,539
5989,460,540
5990,460,541
5991,460,542
5992,460,543
5993,460,544
5994,460,545
5995,460,546
5996,460,547
5997,460,548
5998,460,549
5999,460,550
6000,460,551
6001,460,552
6002,460,553
6003,460,554
6004,460,555
6005,460,556
6006,460,557
6007,460,558
6008,460,559
6009,460,560
6010,460,561
6011,460,562
6012,460,563
6013,460,564
6014,460,565
6015,460,566
6016,461,465
6017,461,466
6018,461,467
6019,461,468
6020,461,469
6021,461,470
6022,461,471
6023,461,472
6024,461,473
6025,461,474
6026,461,475
6027,461,476
6028,461,477
6029,461,478
6030,461,479
6031,461,480
6032,461,481
6033,461,482
6034,461,483
6035,461,484
6036,461,485
6037,461,486
6038,461,487
6039,461,488
6040,461,489
6041,461,490
6042,461,491
6043,461,492
6044,461,493
6045,461,494
6046,461,495
6047,461,496
6048,461,497
6049,461,498
6050,461,499
6051,461,500
6052,461,501
6053,461,502
6054,461,503
6055,461,504
6056,461,505
6057,461,506
6058,461,507
6059,461,508
6060,461,509
6061,461,510
6062,461,511
6063,461,512
6064,461,513
6065,461,514
6066,461,515
6067,461,516
6068,461,517
6069,461,518
6070,461,519
6071,461,520
6072,461,521
6073,461,522
6074,461,523
6075,461,524
6076,461,525
6077,461,526
6078,461,527
6079,461,528
6080,461,529
6081,461,530
6082,461,531
6083,461,532
6084,461,533
6085,461,534
6086,461,535
6087,461,536
6088,461,537
6089,461,538
6090,461,539
6091,461,540
6092,461,541
6093,461,542
6094,461,543
6095,461,544
6096,461,545
6097,461,546
6098,461,547
6099,461,548
6100,461,549
6101,461,550
6102,461,551
6103,461,552
6104,461,553
6105,461,554
6106,461,555
6107,461,556
6108,461,557
6109,461,558
6110,461,559
6111,461,560
6112,461,561
6113,461,562
6114,461,563
6115,461,564
6116,461,565
6117,462,466
6118,462,467
6119,462,468
6120,462,469
6121,462,470
6122,462,471
6123,462,472
6124,462,473
6125,462,474
6126,462,475
6127,462,476
6128,462,477
6129,462,478
6130,462,479
6131,462,480
6132,462,481
6133,462,482
6134,462,483
6135,462,484
6136,462,485
6137,462,486
6138,462,487
6139,462,488
6140,462,489
6141,462,490
6142,462,491
6143,462,492
6144,462,493
6145,462,494
6146,462,495
6147,462,496
6148,462,497
6149,462,498
6150,462,499
6151,462,500
6152,462,501
6153,462,502
6154,462,503
6155,462,504
6156,462,505
6157,462,506
6158,462,507
6159,462,508
6160,462,509
6161,462,510
6162,462,511
6163,462,512
6164,462,513
6165,462,514
6166,462,515
6167,462,516
6168,462,517
6169,462,518
6170,462,519
6171,462,520
6172,462,521
6173,462,522
6174,462,523
6175,462,524
6176,462,525
6177,462,526
6178,462,527
6179,462,528
6180,462,529
6181,462,530
6182,462,531
6183,462,532
6184,462,533
6185,462,534
6186,462,535
6187,462,536
6188,462,537
6189,462,538
6190,462,539
6191,462,540
6192,462,541
6193,462,542
6194,462,543
6195,462,544
6196,462,545
6197,462,546
6198,462,547
6199,462,548
6200,462,549
6201,462,550
6202,462,551
6203,462,552
6204,462,553
6205,462,554
6206,462,555
6207,462,556
6208,462,557
6209,462,558
6210,462,559
6211,462,560
6212,462,561
6213,462,562
6214,462,563
6215,462,564
6216,463,466
6217,463,467
6218,463,468
6219,463,469
6220,463,470
6221,463,471
6222,463,472
6223,463,473
6224,463,474
6225,463,475
6226,463,476
6227,463,477
6228,463,478
6229,463,479
6230,463,480
6231,463,481
6232,463,482
6233,463,483
6234,463,484
6235,463,485
6236,463,486
6237,463,487
6238,463,488
6239,463,489
6240,463,490
6241,463,491
6242,463,492
6243,463,493
6244,463,494
6245,463,495
6246,463,496
6247,463,497
6248,463,498
6249,463,499
6250,463,500
6251,463,501
6252,463,502
6253,463,503
6254,463,504
6255,463,505
6256,463,506
6257,463,507
6258,463,508
6259,463,509
6260,463,510
6261,463,511
6262,463,512
6263,463,513
6264,463,514
6265,463,515
6266,463,516
6267,463,517
6268,463,518
6269,463,519
6270,463,520
6271,463,521
6272,463,522
6273,463,523
6274,463,524
6275,463,525
6276,463,526
6277,463,527
6278,463,528
6279,463,529
6280,463,530
6281,463,531
6282,463,532
6283,463,533
6284,463,534
6285,463,535
6286,463,536
6287,463,537
6288,463,538
6289,463,539
6290,463,540
6291,463,541
6292,463,542
6293,463,543
6294,463,544
6295,463,545
6296,463,546
6297,463,547
6298,463,548
6299,463,549
6300,463,550
6301,463,551
6302,463,552
6303,463,553
6304,463,554
6305,463,555
6306,463,556
6307,463,557
6308,463,558
6309,463,559
6310,463,560
6311,463,561
6312,463,562
6313,463,563
6314,464,471
6315,464,472
6316,464,473
6317,464,474
6318,464,475
6319,464,476
6320,464,477
6321,464,478
6322,464,479
6323,464,480
6324,464,481
6325,464,482
6326,464,483
6327,464,484
6328,464,485
6329,464,486
6330,464,487
6331,464,488
6332,464,489
6333,464,490
6334,464,491
6335,464,492
6336,464,493
6337,464,494
6338,464,495
6339,464,496
6340,464,497
6341,464,498
6342,464,499
6343,464,500
6344,464,501
6345,464,502
6346,464,503
6347,464,504
6348,464,505
6349,464,506
6350,464,507
6351,464,508
6352,464,509
6353,464,510
6354,464,511
6355,464,512
6356,464,513
6357,464,514
6358,464,515
6359,464,516
6360,464,517
6361,464,518
6362,464,519
6363,464,520
6364,464,521
6365,464,522
6366,464,523
6367,464,524
6368,464,525
6369,464,526
6370,464,527
6371,464,528
6372,464,529
6373,464,530
6374,464,531
6375,464,532
6376,464,533
6377,464,534
6378,464,535
6379,464,536
6380,464,537
6381,464,538
6382,464,539
6383,464,540
6384,464,541
6385,464,542
6386,464,543
6387,464,544
6388,464,545
6389,464,546
6390,464,547
6391,464,548
6392,464,549
6393,464,550
6394,464,551
6395,464,552
6396,464,553
6397,464,554
6398,464,555
6399,464,556
6400,464,557
6401,464,558
6402,464,559
6403,464,560
6404,464,561
6405,464,562
6406,465,473
6407,465,474
6408,465,475
6409,465,476
6410,465,477
6411,465,478
6412,465,479
6413,465,480
6414,465,481
6415,465,482
6416,465,483
6417,465,484
6418,465,485
6419,465,486
6420,465,487
6421,465,488
6422,465,489
6423,465,490
6424,465,491
6425,465,492
6426,465,493
6427,465,494
6428,465,495
6429,465,496
6430,465,497
6431,465,498
6432,465,499
6433,465,500
6434,465,501
6435,465,502
6436,465,503
6437,465,504
6438,465,505
6439,465,506
6440,465,507
6441,465,508
6442,465,509
6443,465,510
6444,465,511
6445,465,512
6446,465,513
6447,465,514
6448,465,515
6449,465,516
6450,465,517
6451,465,518
6452,465,519
6453,465,520
6454,465,521
6455,465,522
6456,465,523
6457,465,524
6458,465,525
6459,465,526
6460,465,527
6461,465,528
6462,465,529
6463,465,530
6464,465,531
6465,465,532
6466,465,533
6467,465,534
6468,465,535
6469,465,536
6470,465,537
6471,465,538
6472,465,539
6473,465,540
6474,465,541
6475,465,542
6476,465,543
6477,465,544
6478,465,545
6479,465,546
6480,465,547
6481,465,548
6482,465,549
6483,465,550
6484,465,551
6485,465,552
6486,465,553
6487,465,554
6488,465,555
6489,465,556
6490,465,557
6491,465,558
6492,465,559
6493,465,560
6494,465,561
6495,466,474
6496,466,475
6497,466,476
6498,466,477
6499,466,478
6500,466,479
6501,466,480
6502,466,481
6503,466,482
6504,466,483
6505,466,484
6506,466,485
6507,466,486
6508,466,487
6509,466,488
6510,466,489
6511,466,490
6512,466,491
6513,466,492
6514,466,493
6515,466,494
6516,466,495
6517,466,496
6518,466,497
6519,466,498
6520,466,499
6521,466,500
6522,466,501
6523,466,502
6524,466,503
6525,466,504
6526,466,505
6527,466,506
6528,466,507
6529,466,508
6530,466,509
6531,466,510
6532,466,511
6533,466,512
6534,466,513
6535,466,514
6536,466,515
6537,466,516
6538,466,517
6539,466,518
6540,466,519
6541,466,520
6542,466,521
6543,466,522
6544,466,523
6545,466,524
6546,466,525
6547,466,526
6548,466,527
6549,466,528
6550,466,529
6551,466,530
6552,466,531
6553,466,532
6554,466,533
6555,466,534
6556,466,535
6557,466,536
6558,466,537
6559,466,538
6560,466,539
6561,466,540
6562,466,541
6563,466,542
6564,466,543
6565,466,544
6566,466,545
6567,466,546
6568,466,547
6569,466,548
6570,466,549
6571,466,550
6572,466,551
6573,466,552
6574,466,553
6575,466,554
6576,466,555
6577,466,556
6578,466,557
6579,466,558
6580,466,559
6581,466,560
6582,467,475
6583,467,476
6584,467,477
6585,467,478
6586,467,479
6587,467,480
6588,467,481
6589,467,482
6590,467,483
6591,467,484
6592,467,485
6593,467,486
6594,467,487
6595,467,488
6596,467,489
6597,467,490
6598,467,491
6599,467,492
6600,467,493
6601,467,494
6602,467,495
6603,467,496
6604,467,497
6605,467,498
6606,467,499
6607,467,500
6608,467,501
6609,467,502
6610,467,503
6611,467,504
6612,467,505
6613,467,506
6614,467,507
6615,467,508
6616,467,509
6617,467,510
6618,467,511
6619,467,512
6620,467,513
6621,467,514
6622,467,515
6623,467,516
6624,467,517
6625,467,518
6626,467,519
6627,467,520
6628,467,521
6629,467,522
6630,467,523
6631,467,524
6632,467,525
6633,467,526
6634,467,527
6635,467,528
6636,467,529
6637,467,530
6638,467,531
6639,467,532
6640,467,533
6641,467,534
6642,467,535
6643,467,536
6644,467,537
6645,467,538
6646,467,539
6647,467,540
6648,467,541
6649,467,542
6650,467,543
6651,467,544
6652,467,545
6653,467,546
6654,467,547
6655,467,548
6656,467,549
6657,467,550
6658,467,551
6659,467,552
6660,467,553
6661,467,554
6662,467,555
6663,467,556
6664,467,557
6665,467,558
6666,468,476
6667,468,477
6668,468,478
6669,468,479
6670,468,480
6671,468,481
6672,468,482
6673,468,483
6674,468,484
6675,468,485
6676,468,486
6677,468,487
6678,468,488
6679,468,489
6680,468,490
6681,468,491
6682,468,492
6683,468,493
6684,468,494
6685,468,495
6686,468,496
6687,468,497
6688,468,498
6689,468,499
6690,468,500
6691,468,501
6692,468,502
6693,468,503
6694,468,504
6695,468,505
6696,468,506
6697,468,507
6698,468,508
6699,468,509
6700,468,510
6701,468,511
6702,468,512
6703,468,513
6704,468,514
6705,468,515
6706,468,516
6707,468,517
6708,468,518
6709,468,519
6710,468,520
6711,468,521
6712,468,522
6713,468,523
6714,468,524
6715,468,525
6716,468,526
6717,468,527
6718,468,528
6719,468,529
6720,468,530
6721,468,531
6722,468,532
6723,468,533
6724,468,534
6725,468,535
6726,468,536
6727,468,537
6728,468,538
6729,468,539
6730,468,540
6731,468,541
6732,468,542
6733,468,543
6734,468,544
6735,468,545
6736,468,546
6737,468,547
6738,468,548
6739,468,549
6740,468,550
6741,468,551
6742,468,552
6743,468,556
6744,468,557
6745,468,558
6746,469,476
6747,469,477
6748,469,478
6749,469,479
6750,469,480
6751,469,481
6752,469,482
6753,469,483
6754,469,484
6755,469,485
6756,469,486
6757,469,487
6758,469,488
6759,469,489
6760,469,490
6761,469,491
6762,469,492
6763,469,493
6764,469,494
6765,469,495
6766,469,496
6767,469,497
6768,469,498
6769,469,499
6770,469,500
6771,469,501
6772,469,502
6773,469,503
6774,469,504
6775,469,505
6776,469,506
6777,469,507
6778,469,508
6779,469,509
6780,469,510
6781,469,511
6782,469,512
6783,469,513
6784,469,514
6785,469,515
6786,469,516
6787,469,517
6788,469,518
6789,469,519
6790,469,520
6791,469,521
6792,469,522
6793,469,523
6794,469,524
6795,469,525
6796,469,526
6797,469,527
6798,469,528
6799,469,529
6800,469,530
6801,469,531
6802,469,532
6803,469,533
6804,469,534
6805,469,535
6806,469,536
6807,469,537
6808,469,538
6809,469,539
6810,469,540
6811,469,541
6812,469,542
6813,469,543
6814,469,544
6815,469,545
6816,469,546
6817,469,547
6818,469,548
6819,469,549
6820,469,550
6821,469,551
6822,470,477
6823,470,478
6824,470,479
6825,470,480
6826,470,481
6827,470,482
6828,470,483
6829,470,484
6830,470,485
6831,470,486
6832,470,487
6833,470,488
6834,470,489
6835,470,490
6836,470,491
6837,470,492
6838,470,493
6839,470,494
6840,470,495
6841,470,496
6842,470,497
6843,470,498
6844,470,499
6845,470,500
6846,470,501
6847,470,502
6848,470,503
6849,470,504
6850,470,505
6851,470,506
6852,470,507
6853,470,508
6854,470,509
6855,470,510
6856,470,511
6857,470,512
6858,470,513
6859,470,514
6860,470,515
6861,470,516
6862,470,517
6863,470,518
6864,470,519
6865,470,520
6866,470,521
6867,470,522
6868,470,523
6869,470,524
6870,470,525
6871,470,526
6872,470,527
6873,470,528
6874,470,529
6875,470,530
6876,470,531
6877,470,532
6878,470,533
6879,470,534
6880,470,535
6881,470,536
6882,470,537
6883,470,538
6884,470,539
6885,470,540
6886,470,541
6887,470,542
6888,470,543
6889,470,544
6890,470,545
6891,470,546
6892,470,547
6893,470,548
6894,470,549
6895,470,550
6896,470,551
6897,471,477
6898,471,478
6899,471,479
6900,471,480
6901,471,481
6902,471,482
6903,471,483
6904,471,484
6905,471,485
6906,471,486
6907,471,487
6908,471,488
6909,471,489
6910,471,490
6911,471,491
6912,471,492
6913,471,493
6914,471,494
6915,471,495
6916,471,496
6917,471,497
6918,471,498
6919,471,499
6920,471,500
6921,471,501
6922,471,502
6923,471,503
6924,471,504
6925,471,505
6926,471,506
6927,471,507
6928,471,508
6929,471,509
6930,471,510
6931,471,511
6932,471,512
6933,471,513
6934,471,514
6935,471,515
6936,471,516
6937,471,517
6938,471,518
6939,471,519
6940,471,520
6941,471,521
6942,471,522
6943,471,523
6944,471,524
6945,471,525
6946,471,526
6947,471,527
6948,471,528
6949,471,529
6950,471,530
6951,471,531
6952,471,532
6953,471,533
6954,471,534
6955,471,535
6956,471,536
6957,471,537
6958,471,538
6959,471,539
6960,471,540
6961,471,541
6962,471,542
6963,471,543
6964,471,544
6965,471,545
6966,471,546
6967,471,547
6968,471,548
6969,471,549
6970,471,550
6971,471,551
6972,472,478
6973,472,479
6974,472,480
6975,472,481
6976,472,482
6977,472,483
6978,472,484
6979,472,485
6980,472,486
6981,472,487
6982,472,488
6983,472,489
6984,472,490
6985,472,491
6986,472,492
6987,472,493
6988,472,494
6989,472,495
6990,472,496
6991,472,497
6992,472,498
6993,472,499
6994,472,500
6995,472,501
6996,472,502
6997,472,503
6998,472,504
6999,472,505
7000,472,506
7001,472,507
7002,472,508
7003,472,509
7004,472,510
7005,472,511
7006,472,512
7007,472,513
7008,472,514
7009,472,515
7010,472,516
7011,472,517
7012,472,518
7013,472,519
7014,472,520
7015,472,521
7016,472,522
7017,472,523
7018,472,524
7019,472,525
7020,472,526
7021,472,527
7022,472,528
7023,472,529
7024,472,530
7025,472,531
7026,472,532
7027,472,533
7028,472,534
7029,472,535
7030,472,536
7031,472,537
7032,472,538
7033,472,539
7034,472,540
7035,472,541
7036,472,542
7037,472,543
7038,472,544
7039,472,545
7040,472,546
7041,472,547
7042,472,548
7043,472,549
7044,472,550
7045,472,551
7046,473,479
7047,473,480
7048,473,481
7049,473,482
7050,473,483
7051,473,484
7052,473,485
7053,473,486
7054,473,487
7055,473,488
7056,473,489
7057,473,490
7058,473,491
7059,473,492
7060,473,493
7061,473,494
7062,473,495
7063,473,496
7064,473,497
7065,473,498
7066,473,499
7067,473,500
7068,473,501
7069,473,502
7070,473,503
7071,473,504
7072,473,505
7073,473,506
7074,473,507
7075,473,508
7076,473,509
7077,473,510
7078,473,511
7079,473,512
7080,473,513
7081,473,514
7082,473,515
7083,473,516
7084,473,517
7085,473,518
7086,473,519
7087,473,520
7088,473,521
7089,473,522
7090,473,523
7091,473,524
7092,473,525
7093,473,526
7094,473,527
7095,473,528
7096,473,529
7097,473,530
7098,473,531
7099,473,532
7100,473,533
7101,473,534
7102,473,535
7103,473,536
7104,473,537
7105,473,538
7106,473,539
7107,473,540
7108,473,541
7109,473,542
7110,473,543
7111,473,544
7112,473,545
7113,473,546
7114,473,547
7115,473,548
7116,473,549
7117,474,480
7118,474,481
7119,474,482
7120,474,483
7121,474,484
7122,474,485
7123,474,486
7124,474,487
7125,474,488
7126,474,489
7127,474,490
7128,474,491
7129,474,492
7130,474,493
7131,474,494
7132,474,495
7133,474,496
7134,474,497
7135,474,498
7136,474,499
7137,474,500
7138,474,501
7139,474,502
7140,474,503
7141,474,504
7142,474,505
7143,474,506
7144,474,507
7145,474,508
7146,474,509
7147,474,510
7148,474,511
7149,474,512
7150,474,513
7151,474,514
7152,474,515
7153,474,516
7154,474,517
7155,474,518
7156,474,519
7157,474,520
7158,474,521
7159,474,522
7160,474,523
7161,474,524
7162,474,525
7163,474,526
7164,474,527
7165,474,528
7166,474,529
7167,474,530
7168,474,531
7169,474,532
7170,474,533
7171,474,534
7172,474,535
7173,474,536
7174,474,537
7175,474,538
7176,474,539
7177,474,540
7178,474,541
7179,474,542
7180,474,543
7181,474,544
7182,474,545
7183,474,546
7184,474,547
7185,474,548
7186,475,482
7187,475,483
7188,475,484
7189,475,485
7190,475,486
7191,475,487
7192,475,488
7193,475,489
7194,475,490
7195,475,491
7196,475,492
7197,475,493
7198,475,494
7199,475,495
7200,475,496
7201,475,497
7202,475,498
7203,475,499
7204,475,500
7205,475,501
7206,475,502
7207,475,503
7208,475,504
7209,475,505
7210,475,506
7211,475,507
7212,475,508
7213,475,509
7214,475,510
7215,475,511
7216,475,512
7217,475,513
7218,475,514
7219,475,515
7220,475,516
7221,475,517
7222,475,518
7223,475,519
7224,475,520
7225,475,521
7226,475,522
7227,475,523
7228,475,524
7229,475,525
7230,475,526
7231,475,527
7232,475,528
7233,475,529
7234,475,530
7235,475,531
7236,475,532
7237,475,533
7238,475,534
7239,475,535
7240,475,536
7241,475,537
7242,475,538
7243,475,539
7244,475,540
7245,475,541
7246,475,542
7247,475,543
7248,475,544
7249,475,545
7250,475,546
7251,475,547
7252,476,483
7253,476,484
7254,476,485
7255,476,486
7256,476,487
7257,476,488
7258,476,489
7259,476,490
7260,476,491
7261,476,492
7262,476,493
7263,476,494
7264,476,495
7265,476,496
7266,476,497
7267,476,498
7268,476,499
7269,476,500
7270,476,501
7271,476,502
7272,476,503
7273,476,504
7274,476,505
7275,476,506
7276,476,507
7277,476,508
7278,476,509
7279,476,510
7280,476,511
7281,476,512
7282,476,513
7283,476,514
7284,476,515
7285,476,516
7286,476,517
7287,476,518
7288,476,519
7289,476,520
7290,476,521
7291,476,522
7292,476,523
7293,476,524
7294,476,525
7295,476,526
7296,476,527
7297,476,528
7298,476,529
7299,476,530
7300,476,531
7301,476,532
7302,476,533
7303,476,534
7304,476,535
7305,476,536
7306,476,537
7307,476,538
7308,476,539
7309,476,540
7310,476,541
7311,476,542
7312,476,543
7313,476,544
7314,476,545
7315,476,546
7316,477,485
7317,477,486
7318,477,487
7319,477,488
7320,477,489
7321,477,490
7322,477,491
7323,477,492
7324,477,493
7325,477,494
7326,477,495
7327,477,496
7328,477,497
7329,477,498
7330,477,499
7331,477,500
7332,477,501
7333,477,502
7334,477,503
7335,477,504
7336,477,505
7337,477,506
7338,477,507
7339,477,508
7340,477,509
7341,477,510
7342,477,511
7343,477,512
7344,477,513
7345,477,514
7346,477,515
7347,477,516
7348,477,517
7349,477,518
7350,477,519
7351,477,520
7352,477,521
7353,477,522
7354,477,523
7355,477,524
7356,477,525
7357,477,526
7358,477,527
7359,477,528
7360,477,529
7361,477,530
7362,477,531
7363,477,532
7364,477,533
7365,477,534
7366,477,535
7367,477,536
7368,477,537
7369,477,538
7370,477,539
7371,477,540
7372,477,541
7373,477,542
7374,477,543
7375,477,544
7376,478,489
7377,478,490
7378,478,491
7379,478,492
7380,478,493
7381,478,494
7382,478,495
7383,478,496
7384,478,497
7385,478,498
7386,478,499
7387,478,500
7388,478,501
7389,478,502
7390,478,503
7391,478,504
7392,478,505
7393,478,506
7394,478,507
7395,478,508
7396,478,509
7397,478,510
7398,478,511
7399,478,512
7400,478,513
7401,478,514
7402,478,515
7403,478,516
7404,478,517
7405,478,518
7406,478,519
7407,478,520
7408,478,521
7409,478,522
7410,478,523
7411,478,524
7412,478,525
7413,478,526
7414,478,527
7415,478,528
7416,478,529
7417,478,530
7418,478,531
7419,478,532
7420,478,533
7421,478,534
7422,478,535
7423,478,536
7424,478,537
7425,478,538
7426,478,539
7427,478,540
7428,478,541
7429,478,542
7430,478,543
7431,479,491
7432,479,492
7433,479,493
7434,479,494
7435,479,495
7436,479,496
7437,479,497
7438,479,498
7439,479,499
7440,479,500
7441,479,501
7442,479,502
7443,479,503
7444,479,504
7445,479,505
7446,479,506
7447,479,507
7448,479,508
7449,479,509
7450,479,510
7451,479,511
7452,479,512
7453,479,513
7454,479,514
7455,479,515
7456,479,516
7457,479,517
7458,479,518
7459,479,519
7460,479,520
7461,479,521
7462,479,522
7463,479,523
7464,479,524
7465,479,525
7466,479,526
7467,479,527
7468,479,528
7469,479,529
7470,479,530
7471,479,531
7472,479,532
7473,479,533
7474,479,534
7475,479,535
7476,479,538
7477,479,539
7478,479,540
7479,480,492
7480,480,493
7481,480,494
7482,480,495
7483,480,496
7484,480,497
7485,480,498
7486,480,499
7487,480,500
7488,480,501
7489,480,502
7490,480,503
7491,480,504
7492,480,505
7493,480,506
7494,480,507
7495,480,508
7496,480,509
7497,480,510
7498,480,511
7499,480,512
7500,480,513
7501,480,514
7502,480,515
7503,480,516
7504,480,517
7505,480,518
7506,480,519
7507,480,520
7508,480,521
7509,480,522
7510,480,523
7511,480,524
7512,480,525
7513,480,526
7514,480,527
7515,480,528
7516,480,529
7517,480,530
7518,480,531
7519,480,532
7520,480,533
7521,481,494
7522,481,495
7523,481,496
7524,481,497
7525,481,498
7526,481,499
7527,481,500
7528,481,501
7529,481,502
7530,481,503
7531,481,504
7532,481,505
7533,481,506
7534,481,507
7535,481,508
7536,481,509
7537,481,510
7538,481,511
7539,481,512
7540,481,513
7541,481,514
7542,481,515
7543,481,516
7544,481,517
7545,481,518
7546,481,519
7547,481,520
7548,481,521
7549,481,522
7550,481,523
7551,481,524
7552,481,525
7553,481,526
7554,481,527
7555,481,528
7556,481,529
7557,481,530
7558,481,531
7559,482,496
7560,482,497
7561,482,498
7562,482,499
7563,482,500
7564,482,501
7565,482,502
7566,482,503
7567,482,504
7568,482,505
7569,482,506
7570,482,507
7571,482,508
7572,482,509
7573,482,510
7574,482,511
7575,482,512
7576,482,513
7577,482,514
7578,482,515
7579,482,516
7580,482,517
7581,482,519
7582,482,520
7583,482,521
7584,482,522
7585,482,523
7586,482,524
7587,482,525
7588,482,526
7589,482,527
7590,482,528
7591,482,529
7592,483,503
7593,483,504
7594,483,505
7595,483,506
7596,483,507
7597,483,508
7598,483,509
7599,483,510
7600,483,511
7601,483,512
7602,483,513
7603,483,514
7604,483,515
7605,483,516
7606,483,517
7607,483,520
7608,483,521
7609,483,522
7610,483,523
7611,483,524
7612,483,525
7613,483,526
7614,483,527
7615,484,505
7616,484,506
7617,484,507
7618,484,508
7619,484,509
7620,484,510
7621,484,511
7622,484,512
7623,484,513
7624,484,514
7625,484,515
7626,484,516
7627,484,520
7628,484,521
7629,484,522
7630,484,523
7631,484,524
7632,484,525
7633,484,526
7634,485,508
7635,485,509
7636,485,510
7637,485,511
7638,485,512
7639,485,521
7640,485,522
7641,485,523
7642,485,524
