cycle,time,ok,aligned,reason,center_x,center_y,target_x,target_y,dx,dy,tolerance_px,overlap_area_px,b_mask_area_px,c_mask_area_px,action_code,action_name,moved,dry_run,ch1_distance,ch2_distance,overlay_path,frame_path,b_mask_path,c_mask_path,overlap_mask_path
1,2026-06-08 15:46:13,True,False,moving,546.551724137931,390.48275862068965,572.941,387.059,26.389275862068985,-3.4237586206896253,1.0,29,9261,7497,1,右上,True,False,20.0,20.0,measurement_output\step9_bc_center_align\run_20260608_154523_618\overlays\step9_cycle_0001_20260608_154613_202_action_1_overlay.png,measurement_output\step9_bc_center_align\run_20260608_154523_618\frames\step9_cycle_0001_20260608_154613_202_action_1_frame.png,measurement_output\step9_bc_center_align\run_20260608_154523_618\masks\step9_cycle_0001_20260608_154613_202_action_1_b_mask.png,measurement_output\step9_bc_center_align\run_20260608_154523_618\masks\step9_cycle_0001_20260608_154613_202_action_1_c_mask.png,measurement_output\step9_bc_center_align\run_20260608_154523_618\masks\step9_cycle_0001_20260608_154613_202_action_1_overlap_mask.png
2,2026-06-08 15:46:14,True,False,moving,549.65,385.9,572.941,387.059,23.291000000000054,1.1590000000000487,1.0,20,9292,7351,-2,右下,True,False,20.0,-20.0,measurement_output\step9_bc_center_align\run_20260608_154523_618\overlays\step9_cycle_0002_20260608_154613_886_action_-2_overlay.png,measurement_output\step9_bc_center_align\run_20260608_154523_618\frames\step9_cycle_0002_20260608_154613_886_action_-2_frame.png,measurement_output\step9_bc_center_align\run_20260608_154523_618\masks\step9_cycle_0002_20260608_154613_886_action_-2_b_mask.png,measurement_output\step9_bc_center_align\run_20260608_154523_618\masks\step9_cycle_0002_20260608_154613_886_action_-2_c_mask.png,measurement_output\step9_bc_center_align\run_20260608_154523_618\masks\step9_cycle_0002_20260608_154613_886_action_-2_overlap_mask.png
3,2026-06-08 15:46:14,True,False,moving,551.4193548387096,391.7096774193548,572.941,387.059,21.521645161290394,-4.650677419354793,1.0,31,9278,7393,1,右上,True,False,20.0,20.0,measurement_output\step9_bc_center_align\run_20260608_154523_618\overlays\step9_cycle_0003_20260608_154614_299_action_1_overlay.png,measurement_output\step9_bc_center_align\run_20260608_154523_618\frames\step9_cycle_0003_20260608_154614_299_action_1_frame.png,measurement_output\step9_bc_center_align\run_20260608_154523_618\masks\step9_cycle_0003_20260608_154614_299_action_1_b_mask.png,measurement_output\step9_bc_center_align\run_20260608_154523_618\masks\step9_cycle_0003_20260608_154614_299_action_1_c_mask.png,measurement_output\step9_bc_center_align\run_20260608_154523_618\masks\step9_cycle_0003_20260608_154614_299_action_1_overlap_mask.png
4,2026-06-08 15:46:14,True,False,moving,551.6,393.93333333333334,572.941,387.059,21.341000000000008,-6.874333333333311,1.0,30,9301,7413,1,右上,True,False,20.0,20.0,measurement_output\step9_bc_center_align\run_20260608_154523_618\overlays\step9_cycle_0004_20260608_154614_717_action_1_overlay.png,measurement_output\step9_bc_center_align\run_20260608_154523_618\frames\step9_cycle_0004_20260608_154614_717_action_1_frame.png,measurement_output\step9_bc_center_align\run_20260608_154523_618\masks\step9_cycle_0004_20260608_154614_717_action_1_b_mask.png,measurement_output\step9_bc_center_align\run_20260608_154523_618\masks\step9_cycle_0004_20260608_154614_717_action_1_c_mask.png,measurement_output\step9_bc_center_align\run_20260608_154523_618\masks\step9_cycle_0004_20260608_154614_717_action_1_overlap_mask.png
5,2026-06-08 15:46:15,True,False,moving,547.6551724137931,392.0,572.941,387.059,25.285827586206892,-4.940999999999974,1.0,29,9329,7323,1,右上,True,False,20.0,20.0,measurement_output\step9_bc_center_align\run_20260608_154523_618\overlays\step9_cycle_0005_20260608_154615_149_action_1_overlay.png,measurement_output\step9_bc_center_align\run_20260608_154523_618\frames\step9_cycle_0005_20260608_154615_149_action_1_frame.png,measurement_output\step9_bc_center_align\run_20260608_154523_618\masks\step9_cycle_0005_20260608_154615_149_action_1_b_mask.png,measurement_output\step9_bc_center_align\run_20260608_154523_618\masks\step9_cycle_0005_20260608_154615_149_action_1_c_mask.png,measurement_output\step9_bc_center_align\run_20260608_154523_618\masks\step9_cycle_0005_20260608_154615_149_action_1_overlap_mask.png
6,2026-06-08 15:46:15,True,False,moving,545.3333333333334,389.5833333333333,572.941,387.059,27.60766666666666,-2.5243333333332885,1.0,24,9344,7393,1,右上,True,False,20.0,20.0,measurement_output\step9_bc_center_align\run_20260608_154523_618\overlays\step9_cycle_0006_20260608_154615_567_action_1_overlay.png,measurement_output\step9_bc_center_align\run_20260608_154523_618\frames\step9_cycle_0006_20260608_154615_567_action_1_frame.png,measurement_output\step9_bc_center_align\run_20260608_154523_618\masks\step9_cycle_0006_20260608_154615_567_action_1_b_mask.png,measurement_output\step9_bc_center_align\run_20260608_154523_618\masks\step9_cycle_0006_20260608_154615_567_action_1_c_mask.png,measurement_output\step9_bc_center_align\run_20260608_154523_618\masks\step9_cycle_0006_20260608_154615_567_action_1_overlap_mask.png
7,2026-06-08 15:46:16,True,False,moving,545.7142857142857,392.1904761904762,572.941,387.059,27.226714285714365,-5.131476190476178,1.0,21,9295,7366,1,右上,True,False,20.0,20.0,measurement_output\step9_bc_center_align\run_20260608_154523_618\overlays\step9_cycle_0007_20260608_154616_001_action_1_overlay.png,measurement_output\step9_bc_center_align\run_20260608_154523_618\frames\step9_cycle_0007_20260608_154616_001_action_1_frame.png,measurement_output\step9_bc_center_align\run_20260608_154523_618\masks\step9_cycle_0007_20260608_154616_001_action_1_b_mask.png,measurement_output\step9_bc_center_align\run_20260608_154523_618\masks\step9_cycle_0007_20260608_154616_001_action_1_c_mask.png,measurement_output\step9_bc_center_align\run_20260608_154523_618\masks\step9_cycle_0007_20260608_154616_001_action_1_overlap_mask.png
8,2026-06-08 15:46:16,True,False,moving,546.0,391.2962962962963,572.941,387.059,26.94100000000003,-4.237296296296279,1.0,27,9297,7439,1,右上,True,False,20.0,20.0,measurement_output\step9_bc_center_align\run_20260608_154523_618\overlays\step9_cycle_0008_20260608_154616_435_action_1_overlay.png,measurement_output\step9_bc_center_align\run_20260608_154523_618\frames\step9_cycle_0008_20260608_154616_435_action_1_frame.png,measurement_output\step9_bc_center_align\run_20260608_154523_618\masks\step9_cycle_0008_20260608_154616_435_action_1_b_mask.png,measurement_output\step9_bc_center_align\run_20260608_154523_618\masks\step9_cycle_0008_20260608_154616_435_action_1_c_mask.png,measurement_output\step9_bc_center_align\run_20260608_154523_618\masks\step9_cycle_0008_20260608_154616_435_action_1_overlap_mask.png
9,2026-06-08 15:46:17,True,False,moving,546.2592592592592,391.0740740740741,572.941,387.059,26.681740740740793,-4.01507407407405,1.0,27,9306,7351,1,右上,True,False,20.0,20.0,measurement_output\step9_bc_center_align\run_20260608_154523_618\overlays\step9_cycle_0009_20260608_154616_868_action_1_overlay.png,measurement_output\step9_bc_center_align\run_20260608_154523_618\frames\step9_cycle_0009_20260608_154616_868_action_1_frame.png,measurement_output\step9_bc_center_align\run_20260608_154523_618\masks\step9_cycle_0009_20260608_154616_868_action_1_b_mask.png,measurement_output\step9_bc_center_align\run_20260608_154523_618\masks\step9_cycle_0009_20260608_154616_868_action_1_c_mask.png,measurement_output\step9_bc_center_align\run_20260608_154523_618\masks\step9_cycle_0009_20260608_154616_868_action_1_overlap_mask.png
10,2026-06-08 15:46:17,True,False,moving,543.2222222222222,394.4074074074074,572.941,387.059,29.71877777777786,-7.348407407407365,1.0,27,9277,7434,1,右上,True,False,20.0,20.0,measurement_output\step9_bc_center_align\run_20260608_154523_618\overlays\step9_cycle_0010_20260608_154617_321_action_1_overlay.png,measurement_output\step9_bc_center_align\run_20260608_154523_618\frames\step9_cycle_0010_20260608_154617_321_action_1_frame.png,measurement_output\step9_bc_center_align\run_20260608_154523_618\masks\step9_cycle_0010_20260608_154617_321_action_1_b_mask.png,measurement_output\step9_bc_center_align\run_20260608_154523_618\masks\step9_cycle_0010_20260608_154617_321_action_1_c_mask.png,measurement_output\step9_bc_center_align\run_20260608_154523_618\masks\step9_cycle_0010_20260608_154617_321_action_1_overlap_mask.png
11,2026-06-08 15:46:18,True,False,moving,548.3529411764706,392.5882352941176,572.941,387.059,24.588058823529423,-5.529235294117598,1.0,17,9268,7433,1,右上,True,False,20.0,20.0,measurement_output\step9_bc_center_align\run_20260608_154523_618\overlays\step9_cycle_0011_20260608_154617_777_action_1_overlay.png,measurement_output\step9_bc_center_align\run_20260608_154523_618\frames\step9_cycle_0011_20260608_154617_777_action_1_frame.png,measurement_output\step9_bc_center_align\run_20260608_154523_618\masks\step9_cycle_0011_20260608_154617_777_action_1_b_mask.png,measurement_output\step9_bc_center_align\run_20260608_154523_618\masks\step9_cycle_0011_20260608_154617_777_action_1_c_mask.png,measurement_output\step9_bc_center_align\run_20260608_154523_618\masks\step9_cycle_0011_20260608_154617_777_action_1_overlap_mask.png
12,2026-06-08 15:46:18,True,False,moving,553.695652173913,395.2608695652174,572.941,387.059,19.245347826087027,-8.20186956521735,1.0,23,9279,7427,1,右上,True,False,20.0,20.0,measurement_output\step9_bc_center_align\run_20260608_154523_618\overlays\step9_cycle_0012_20260608_154618_289_action_1_overlay.png,measurement_output\step9_bc_center_align\run_20260608_154523_618\frames\step9_cycle_0012_20260608_154618_289_action_1_frame.png,measurement_output\step9_bc_center_align\run_20260608_154523_618\masks\step9_cycle_0012_20260608_154618_289_action_1_b_mask.png,measurement_output\step9_bc_center_align\run_20260608_154523_618\masks\step9_cycle_0012_20260608_154618_289_action_1_c_mask.png,measurement_output\step9_bc_center_align\run_20260608_154523_618\masks\step9_cycle_0012_20260608_154618_289_action_1_overlap_mask.png
13,2026-06-08 15:46:19,True,False,moving,552.9069767441861,395.16279069767444,572.941,387.059,20.034023255813963,-8.103790697674413,1.0,43,9361,7480,1,右上,True,False,20.0,20.0,measurement_output\step9_bc_center_align\run_20260608_154523_618\overlays\step9_cycle_0013_20260608_154618_810_action_1_overlay.png,measurement_output\step9_bc_center_align\run_20260608_154523_618\frames\step9_cycle_0013_20260608_154618_810_action_1_frame.png,measurement_output\step9_bc_center_align\run_20260608_154523_618\masks\step9_cycle_0013_20260608_154618_810_action_1_b_mask.png,measurement_output\step9_bc_center_align\run_20260608_154523_618\masks\step9_cycle_0013_20260608_154618_810_action_1_c_mask.png,measurement_output\step9_bc_center_align\run_20260608_154523_618\masks\step9_cycle_0013_20260608_154618_810_action_1_overlap_mask.png
14,2026-06-08 15:46:19,True,False,moving,551.7931034482758,399.8965517241379,572.941,387.059,21.147896551724216,-12.837551724137882,1.0,29,9274,7461,1,右上,True,False,20.0,20.0,measurement_output\step9_bc_center_align\run_20260608_154523_618\overlays\step9_cycle_0014_20260608_154619_254_action_1_overlay.png,measurement_output\step9_bc_center_align\run_20260608_154523_618\frames\step9_cycle_0014_20260608_154619_254_action_1_frame.png,measurement_output\step9_bc_center_align\run_20260608_154523_618\masks\step9_cycle_0014_20260608_154619_254_action_1_b_mask.png,measurement_output\step9_bc_center_align\run_20260608_154523_618\masks\step9_cycle_0014_20260608_154619_254_action_1_c_mask.png,measurement_output\step9_bc_center_align\run_20260608_154523_618\masks\step9_cycle_0014_20260608_154619_254_action_1_overlap_mask.png
15,2026-06-08 15:46:19,True,False,moving,555.35,403.05,572.941,387.059,17.591000000000008,-15.990999999999985,1.0,20,9250,7440,1,右上,True,False,20.0,20.0,measurement_output\step9_bc_center_align\run_20260608_154523_618\overlays\step9_cycle_0015_20260608_154619_703_action_1_overlay.png,measurement_output\step9_bc_center_align\run_20260608_154523_618\frames\step9_cycle_0015_20260608_154619_703_action_1_frame.png,measurement_output\step9_bc_center_align\run_20260608_154523_618\masks\step9_cycle_0015_20260608_154619_703_action_1_b_mask.png,measurement_output\step9_bc_center_align\run_20260608_154523_618\masks\step9_cycle_0015_20260608_154619_703_action_1_c_mask.png,measurement_output\step9_bc_center_align\run_20260608_154523_618\masks\step9_cycle_0015_20260608_154619_703_action_1_overlap_mask.png
16,2026-06-08 15:46:20,True,False,moving,549.375,400.7916666666667,572.941,387.059,23.56600000000003,-13.73266666666666,1.0,24,9231,7482,1,右上,True,False,20.0,20.0,measurement_output\step9_bc_center_align\run_20260608_154523_618\overlays\step9_cycle_0016_20260608_154620_177_action_1_overlay.png,measurement_output\step9_bc_center_align\run_20260608_154523_618\frames\step9_cycle_0016_20260608_154620_177_action_1_frame.png,measurement_output\step9_bc_center_align\run_20260608_154523_618\masks\step9_cycle_0016_20260608_154620_177_action_1_b_mask.png,measurement_output\step9_bc_center_align\run_20260608_154523_618\masks\step9_cycle_0016_20260608_154620_177_action_1_c_mask.png,measurement_output\step9_bc_center_align\run_20260608_154523_618\masks\step9_cycle_0016_20260608_154620_177_action_1_overlap_mask.png
17,2026-06-08 15:46:20,True,False,moving,552.4444444444445,402.0,572.941,387.059,20.496555555555574,-14.940999999999974,1.0,27,9327,7442,1,右上,True,False,20.0,20.0,measurement_output\step9_bc_center_align\run_20260608_154523_618\overlays\step9_cycle_0017_20260608_154620_623_action_1_overlay.png,measurement_output\step9_bc_center_align\run_20260608_154523_618\frames\step9_cycle_0017_20260608_154620_623_action_1_frame.png,measurement_output\step9_bc_center_align\run_20260608_154523_618\masks\step9_cycle_0017_20260608_154620_623_action_1_b_mask.png,measurement_output\step9_bc_center_align\run_20260608_154523_618\masks\step9_cycle_0017_20260608_154620_623_action_1_c_mask.png,measurement_output\step9_bc_center_align\run_20260608_154523_618\masks\step9_cycle_0017_20260608_154620_623_action_1_overlap_mask.png
18,2026-06-08 15:46:21,True,False,moving,549.2592592592592,401.6296296296296,572.941,387.059,23.681740740740793,-14.570629629629593,1.0,27,9326,7415,1,右上,True,False,20.0,20.0,measurement_output\step9_bc_center_align\run_20260608_154523_618\overlays\step9_cycle_0018_20260608_154621_058_action_1_overlay.png,measurement_output\step9_bc_center_align\run_20260608_154523_618\frames\step9_cycle_0018_20260608_154621_058_action_1_frame.png,measurement_output\step9_bc_center_align\run_20260608_154523_618\masks\step9_cycle_0018_20260608_154621_058_action_1_b_mask.png,measurement_output\step9_bc_center_align\run_20260608_154523_618\masks\step9_cycle_0018_20260608_154621_058_action_1_c_mask.png,measurement_output\step9_bc_center_align\run_20260608_154523_618\masks\step9_cycle_0018_20260608_154621_058_action_1_overlap_mask.png
19,2026-06-08 15:46:21,True,False,moving,550.7619047619048,406.3809523809524,572.941,387.059,22.179095238095215,-19.321952380952382,1.0,21,9369,7402,1,右上,True,False,20.0,20.0,measurement_output\step9_bc_center_align\run_20260608_154523_618\overlays\step9_cycle_0019_20260608_154621_474_action_1_overlay.png,measurement_output\step9_bc_center_align\run_20260608_154523_618\frames\step9_cycle_0019_20260608_154621_474_action_1_frame.png,measurement_output\step9_bc_center_align\run_20260608_154523_618\masks\step9_cycle_0019_20260608_154621_474_action_1_b_mask.png,measurement_output\step9_bc_center_align\run_20260608_154523_618\masks\step9_cycle_0019_20260608_154621_474_action_1_c_mask.png,measurement_output\step9_bc_center_align\run_20260608_154523_618\masks\step9_cycle_0019_20260608_154621_474_action_1_overlap_mask.png
20,2026-06-08 15:46:22,True,False,moving,552.3809523809524,404.6190476190476,572.941,387.059,20.560047619047623,-17.560047619047566,1.0,21,9345,7441,1,右上,True,False,20.0,20.0,measurement_output\step9_bc_center_align\run_20260608_154523_618\overlays\step9_cycle_0020_20260608_154621_907_action_1_overlay.png,measurement_output\step9_bc_center_align\run_20260608_154523_618\frames\step9_cycle_0020_20260608_154621_907_action_1_frame.png,measurement_output\step9_bc_center_align\run_20260608_154523_618\masks\step9_cycle_0020_20260608_154621_907_action_1_b_mask.png,measurement_output\step9_bc_center_align\run_20260608_154523_618\masks\step9_cycle_0020_20260608_154621_907_action_1_c_mask.png,measurement_output\step9_bc_center_align\run_20260608_154523_618\masks\step9_cycle_0020_20260608_154621_907_action_1_overlap_mask.png
21,2026-06-08 15:46:22,True,False,moving,552.3076923076923,402.34615384615387,572.941,387.059,20.633307692307767,-15.287153846153842,1.0,26,9312,7413,1,右上,True,False,20.0,20.0,measurement_output\step9_bc_center_align\run_20260608_154523_618\overlays\step9_cycle_0021_20260608_154622_337_action_1_overlay.png,measurement_output\step9_bc_center_align\run_20260608_154523_618\frames\step9_cycle_0021_20260608_154622_337_action_1_frame.png,measurement_output\step9_bc_center_align\run_20260608_154523_618\masks\step9_cycle_0021_20260608_154622_337_action_1_b_mask.png,measurement_output\step9_bc_center_align\run_20260608_154523_618\masks\step9_cycle_0021_20260608_154622_337_action_1_c_mask.png,measurement_output\step9_bc_center_align\run_20260608_154523_618\masks\step9_cycle_0021_20260608_154622_337_action_1_overlap_mask.png
22,2026-06-08 15:46:23,True,False,moving,548.2272727272727,400.95454545454544,572.941,387.059,24.713727272727283,-13.895545454545413,1.0,22,9314,7345,1,右上,True,False,20.0,20.0,measurement_output\step9_bc_center_align\run_20260608_154523_618\overlays\step9_cycle_0022_20260608_154622_772_action_1_overlay.png,measurement_output\step9_bc_center_align\run_20260608_154523_618\frames\step9_cycle_0022_20260608_154622_772_action_1_frame.png,measurement_output\step9_bc_center_align\run_20260608_154523_618\masks\step9_cycle_0022_20260608_154622_772_action_1_b_mask.png,measurement_output\step9_bc_center_align\run_20260608_154523_618\masks\step9_cycle_0022_20260608_154622_772_action_1_c_mask.png,measurement_output\step9_bc_center_align\run_20260608_154523_618\masks\step9_cycle_0022_20260608_154622_772_action_1_overlap_mask.png
23,2026-06-08 15:46:23,True,False,moving,550.85,405.55,572.941,387.059,22.091000000000008,-18.490999999999985,1.0,20,9360,7350,1,右上,True,False,20.0,20.0,measurement_output\step9_bc_center_align\run_20260608_154523_618\overlays\step9_cycle_0023_20260608_154623_223_action_1_overlay.png,measurement_output\step9_bc_center_align\run_20260608_154523_618\frames\step9_cycle_0023_20260608_154623_223_action_1_frame.png,measurement_output\step9_bc_center_align\run_20260608_154523_618\masks\step9_cycle_0023_20260608_154623_223_action_1_b_mask.png,measurement_output\step9_bc_center_align\run_20260608_154523_618\masks\step9_cycle_0023_20260608_154623_223_action_1_c_mask.png,measurement_output\step9_bc_center_align\run_20260608_154523_618\masks\step9_cycle_0023_20260608_154623_223_action_1_overlap_mask.png
24,2026-06-08 15:46:23,True,False,moving,549.6296296296297,400.74074074074076,572.941,387.059,23.311370370370355,-13.681740740740736,1.0,27,9356,7327,1,右上,True,False,20.0,20.0,measurement_output\step9_bc_center_align\run_20260608_154523_618\overlays\step9_cycle_0024_20260608_154623_671_action_1_overlay.png,measurement_output\step9_bc_center_align\run_20260608_154523_618\frames\step9_cycle_0024_20260608_154623_671_action_1_frame.png,measurement_output\step9_bc_center_align\run_20260608_154523_618\masks\step9_cycle_0024_20260608_154623_671_action_1_b_mask.png,measurement_output\step9_bc_center_align\run_20260608_154523_618\masks\step9_cycle_0024_20260608_154623_671_action_1_c_mask.png,measurement_output\step9_bc_center_align\run_20260608_154523_618\masks\step9_cycle_0024_20260608_154623_671_action_1_overlap_mask.png
25,2026-06-08 15:46:24,True,False,moving,546.3,401.46666666666664,572.941,387.059,26.641000000000076,-14.407666666666614,1.0,30,9300,7346,1,右上,True,False,20.0,20.0,measurement_output\step9_bc_center_align\run_20260608_154523_618\overlays\step9_cycle_0025_20260608_154624_104_action_1_overlay.png,measurement_output\step9_bc_center_align\run_20260608_154523_618\frames\step9_cycle_0025_20260608_154624_104_action_1_frame.png,measurement_output\step9_bc_center_align\run_20260608_154523_618\masks\step9_cycle_0025_20260608_154624_104_action_1_b_mask.png,measurement_output\step9_bc_center_align\run_20260608_154523_618\masks\step9_cycle_0025_20260608_154624_104_action_1_c_mask.png,measurement_output\step9_bc_center_align\run_20260608_154523_618\masks\step9_cycle_0025_20260608_154624_104_action_1_overlap_mask.png
26,2026-06-08 15:46:24,True,False,moving,549.2777777777778,401.02777777777777,572.941,387.059,23.663222222222203,-13.968777777777746,1.0,36,9287,7343,1,右上,True,False,20.0,20.0,measurement_output\step9_bc_center_align\run_20260608_154523_618\overlays\step9_cycle_0026_20260608_154624_553_action_1_overlay.png,measurement_output\step9_bc_center_align\run_20260608_154523_618\frames\step9_cycle_0026_20260608_154624_553_action_1_frame.png,measurement_output\step9_bc_center_align\run_20260608_154523_618\masks\step9_cycle_0026_20260608_154624_553_action_1_b_mask.png,measurement_output\step9_bc_center_align\run_20260608_154523_618\masks\step9_cycle_0026_20260608_154624_553_action_1_c_mask.png,measurement_output\step9_bc_center_align\run_20260608_154523_618\masks\step9_cycle_0026_20260608_154624_553_action_1_overlap_mask.png
27,2026-06-08 15:46:25,True,False,moving,551.7352941176471,403.5882352941176,572.941,387.059,21.20570588235296,-16.529235294117598,1.0,34,9292,7437,1,右上,True,False,20.0,20.0,measurement_output\step9_bc_center_align\run_20260608_154523_618\overlays\step9_cycle_0027_20260608_154624_970_action_1_overlay.png,measurement_output\step9_bc_center_align\run_20260608_154523_618\frames\step9_cycle_0027_20260608_154624_970_action_1_frame.png,measurement_output\step9_bc_center_align\run_20260608_154523_618\masks\step9_cycle_0027_20260608_154624_970_action_1_b_mask.png,measurement_output\step9_bc_center_align\run_20260608_154523_618\masks\step9_cycle_0027_20260608_154624_970_action_1_c_mask.png,measurement_output\step9_bc_center_align\run_20260608_154523_618\masks\step9_cycle_0027_20260608_154624_970_action_1_overlap_mask.png
28,2026-06-08 15:46:25,True,False,moving,548.2142857142857,400.75,572.941,387.059,24.726714285714365,-13.690999999999974,1.0,28,9306,7397,1,右上,True,False,20.0,20.0,measurement_output\step9_bc_center_align\run_20260608_154523_618\overlays\step9_cycle_0028_20260608_154625_404_action_1_overlay.png,measurement_output\step9_bc_center_align\run_20260608_154523_618\frames\step9_cycle_0028_20260608_154625_404_action_1_frame.png,measurement_output\step9_bc_center_align\run_20260608_154523_618\masks\step9_cycle_0028_20260608_154625_404_action_1_b_mask.png,measurement_output\step9_bc_center_align\run_20260608_154523_618\masks\step9_cycle_0028_20260608_154625_404_action_1_c_mask.png,measurement_output\step9_bc_center_align\run_20260608_154523_618\masks\step9_cycle_0028_20260608_154625_404_action_1_overlap_mask.png
29,2026-06-08 15:46:26,True,False,moving,546.4642857142857,398.7857142857143,572.941,387.059,26.476714285714365,-11.726714285714252,1.0,28,9281,7451,1,右上,True,False,20.0,20.0,measurement_output\step9_bc_center_align\run_20260608_154523_618\overlays\step9_cycle_0029_20260608_154625_837_action_1_overlay.png,measurement_output\step9_bc_center_align\run_20260608_154523_618\frames\step9_cycle_0029_20260608_154625_837_action_1_frame.png,measurement_output\step9_bc_center_align\run_20260608_154523_618\masks\step9_cycle_0029_20260608_154625_837_action_1_b_mask.png,measurement_output\step9_bc_center_align\run_20260608_154523_618\masks\step9_cycle_0029_20260608_154625_837_action_1_c_mask.png,measurement_output\step9_bc_center_align\run_20260608_154523_618\masks\step9_cycle_0029_20260608_154625_837_action_1_overlap_mask.png
30,2026-06-08 15:46:26,True,False,moving,546.0625,402.0,572.941,387.059,26.87850000000003,-14.940999999999974,1.0,32,9301,7471,1,右上,True,False,20.0,20.0,measurement_output\step9_bc_center_align\run_20260608_154523_618\overlays\step9_cycle_0030_20260608_154626_252_action_1_overlay.png,measurement_output\step9_bc_center_align\run_20260608_154523_618\frames\step9_cycle_0030_20260608_154626_252_action_1_frame.png,measurement_output\step9_bc_center_align\run_20260608_154523_618\masks\step9_cycle_0030_20260608_154626_252_action_1_b_mask.png,measurement_output\step9_bc_center_align\run_20260608_154523_618\masks\step9_cycle_0030_20260608_154626_252_action_1_c_mask.png,measurement_output\step9_bc_center_align\run_20260608_154523_618\masks\step9_cycle_0030_20260608_154626_252_action_1_overlap_mask.png
31,2026-06-08 15:46:26,True,False,moving,550.2758620689655,403.6896551724138,572.941,387.059,22.665137931034565,-16.630655172413753,1.0,29,9189,7477,1,右上,True,False,20.0,20.0,measurement_output\step9_bc_center_align\run_20260608_154523_618\overlays\step9_cycle_0031_20260608_154626_670_action_1_overlay.png,measurement_output\step9_bc_center_align\run_20260608_154523_618\frames\step9_cycle_0031_20260608_154626_670_action_1_frame.png,measurement_output\step9_bc_center_align\run_20260608_154523_618\masks\step9_cycle_0031_20260608_154626_670_action_1_b_mask.png,measurement_output\step9_bc_center_align\run_20260608_154523_618\masks\step9_cycle_0031_20260608_154626_670_action_1_c_mask.png,measurement_output\step9_bc_center_align\run_20260608_154523_618\masks\step9_cycle_0031_20260608_154626_670_action_1_overlap_mask.png
32,2026-06-08 15:46:27,True,False,moving,546.8518518518518,403.037037037037,572.941,387.059,26.089148148148183,-15.978037037036984,1.0,27,9275,7401,1,右上,True,False,20.0,20.0,measurement_output\step9_bc_center_align\run_20260608_154523_618\overlays\step9_cycle_0032_20260608_154627_084_action_1_overlay.png,measurement_output\step9_bc_center_align\run_20260608_154523_618\frames\step9_cycle_0032_20260608_154627_084_action_1_frame.png,measurement_output\step9_bc_center_align\run_20260608_154523_618\masks\step9_cycle_0032_20260608_154627_084_action_1_b_mask.png,measurement_output\step9_bc_center_align\run_20260608_154523_618\masks\step9_cycle_0032_20260608_154627_084_action_1_c_mask.png,measurement_output\step9_bc_center_align\run_20260608_154523_618\masks\step9_cycle_0032_20260608_154627_084_action_1_overlap_mask.png
33,2026-06-08 15:46:27,True,False,moving,544.64,400.56,572.941,387.059,28.301000000000045,-13.500999999999976,1.0,25,9307,7513,1,右上,True,False,20.0,20.0,measurement_output\step9_bc_center_align\run_20260608_154523_618\overlays\step9_cycle_0033_20260608_154627_503_action_1_overlay.png,measurement_output\step9_bc_center_align\run_20260608_154523_618\frames\step9_cycle_0033_20260608_154627_503_action_1_frame.png,measurement_output\step9_bc_center_align\run_20260608_154523_618\masks\step9_cycle_0033_20260608_154627_503_action_1_b_mask.png,measurement_output\step9_bc_center_align\run_20260608_154523_618\masks\step9_cycle_0033_20260608_154627_503_action_1_c_mask.png,measurement_output\step9_bc_center_align\run_20260608_154523_618\masks\step9_cycle_0033_20260608_154627_503_action_1_overlap_mask.png
34,2026-06-08 15:46:28,True,False,moving,546.8928571428571,400.82142857142856,572.941,387.059,26.04814285714292,-13.76242857142853,1.0,28,9212,7514,1,右上,True,False,20.0,20.0,measurement_output\step9_bc_center_align\run_20260608_154523_618\overlays\step9_cycle_0034_20260608_154627_937_action_1_overlay.png,measurement_output\step9_bc_center_align\run_20260608_154523_618\frames\step9_cycle_0034_20260608_154627_937_action_1_frame.png,measurement_output\step9_bc_center_align\run_20260608_154523_618\masks\step9_cycle_0034_20260608_154627_937_action_1_b_mask.png,measurement_output\step9_bc_center_align\run_20260608_154523_618\masks\step9_cycle_0034_20260608_154627_937_action_1_c_mask.png,measurement_output\step9_bc_center_align\run_20260608_154523_618\masks\step9_cycle_0034_20260608_154627_937_action_1_overlap_mask.png
35,2026-06-08 15:46:28,True,False,moving,545.8947368421053,401.3157894736842,572.941,387.059,27.046263157894714,-14.256789473684194,1.0,38,9277,7520,1,右上,True,False,20.0,20.0,measurement_output\step9_bc_center_align\run_20260608_154523_618\overlays\step9_cycle_0035_20260608_154628_358_action_1_overlay.png,measurement_output\step9_bc_center_align\run_20260608_154523_618\frames\step9_cycle_0035_20260608_154628_358_action_1_frame.png,measurement_output\step9_bc_center_align\run_20260608_154523_618\masks\step9_cycle_0035_20260608_154628_358_action_1_b_mask.png,measurement_output\step9_bc_center_align\run_20260608_154523_618\masks\step9_cycle_0035_20260608_154628_358_action_1_c_mask.png,measurement_output\step9_bc_center_align\run_20260608_154523_618\masks\step9_cycle_0035_20260608_154628_358_action_1_overlap_mask.png
36,2026-06-08 15:46:29,True,False,moving,546.8695652173913,401.8695652173913,572.941,387.059,26.071434782608776,-14.810565217391286,1.0,23,9266,7512,1,右上,True,False,20.0,20.0,measurement_output\step9_bc_center_align\run_20260608_154523_618\overlays\step9_cycle_0036_20260608_154628_805_action_1_overlay.png,measurement_output\step9_bc_center_align\run_20260608_154523_618\frames\step9_cycle_0036_20260608_154628_805_action_1_frame.png,measurement_output\step9_bc_center_align\run_20260608_154523_618\masks\step9_cycle_0036_20260608_154628_805_action_1_b_mask.png,measurement_output\step9_bc_center_align\run_20260608_154523_618\masks\step9_cycle_0036_20260608_154628_805_action_1_c_mask.png,measurement_output\step9_bc_center_align\run_20260608_154523_618\masks\step9_cycle_0036_20260608_154628_805_action_1_overlap_mask.png
37,2026-06-08 15:46:29,True,False,moving,545.5862068965517,400.17241379310343,572.941,387.059,27.354793103448287,-13.113413793103405,1.0,29,9235,7488,1,右上,True,False,20.0,20.0,measurement_output\step9_bc_center_align\run_20260608_154523_618\overlays\step9_cycle_0037_20260608_154629_257_action_1_overlay.png,measurement_output\step9_bc_center_align\run_20260608_154523_618\frames\step9_cycle_0037_20260608_154629_257_action_1_frame.png,measurement_output\step9_bc_center_align\run_20260608_154523_618\masks\step9_cycle_0037_20260608_154629_257_action_1_b_mask.png,measurement_output\step9_bc_center_align\run_20260608_154523_618\masks\step9_cycle_0037_20260608_154629_257_action_1_c_mask.png,measurement_output\step9_bc_center_align\run_20260608_154523_618\masks\step9_cycle_0037_20260608_154629_257_action_1_overlap_mask.png
38,2026-06-08 15:46:29,True,False,moving,547.2424242424242,403.6060606060606,572.941,387.059,25.69857575757578,-16.547060606060597,1.0,33,9284,7481,1,右上,True,False,20.0,20.0,measurement_output\step9_bc_center_align\run_20260608_154523_618\overlays\step9_cycle_0038_20260608_154629_707_action_1_overlay.png,measurement_output\step9_bc_center_align\run_20260608_154523_618\frames\step9_cycle_0038_20260608_154629_707_action_1_frame.png,measurement_output\step9_bc_center_align\run_20260608_154523_618\masks\step9_cycle_0038_20260608_154629_707_action_1_b_mask.png,measurement_output\step9_bc_center_align\run_20260608_154523_618\masks\step9_cycle_0038_20260608_154629_707_action_1_c_mask.png,measurement_output\step9_bc_center_align\run_20260608_154523_618\masks\step9_cycle_0038_20260608_154629_707_action_1_overlap_mask.png
39,2026-06-08 15:46:30,True,False,moving,545.4878048780488,400.4390243902439,572.941,387.059,27.45319512195124,-13.380024390243875,1.0,41,9260,7443,1,右上,True,False,20.0,20.0,measurement_output\step9_bc_center_align\run_20260608_154523_618\overlays\step9_cycle_0039_20260608_154630_160_action_1_overlay.png,measurement_output\step9_bc_center_align\run_20260608_154523_618\frames\step9_cycle_0039_20260608_154630_160_action_1_frame.png,measurement_output\step9_bc_center_align\run_20260608_154523_618\masks\step9_cycle_0039_20260608_154630_160_action_1_b_mask.png,measurement_output\step9_bc_center_align\run_20260608_154523_618\masks\step9_cycle_0039_20260608_154630_160_action_1_c_mask.png,measurement_output\step9_bc_center_align\run_20260608_154523_618\masks\step9_cycle_0039_20260608_154630_160_action_1_overlap_mask.png
40,2026-06-08 15:46:30,True,False,moving,545.1034482758621,403.0689655172414,572.941,387.059,27.83755172413794,-16.00996551724137,1.0,29,9305,7477,1,右上,True,False,20.0,20.0,measurement_output\step9_bc_center_align\run_20260608_154523_618\overlays\step9_cycle_0040_20260608_154630_578_action_1_overlay.png,measurement_output\step9_bc_center_align\run_20260608_154523_618\frames\step9_cycle_0040_20260608_154630_578_action_1_frame.png,measurement_output\step9_bc_center_align\run_20260608_154523_618\masks\step9_cycle_0040_20260608_154630_578_action_1_b_mask.png,measurement_output\step9_bc_center_align\run_20260608_154523_618\masks\step9_cycle_0040_20260608_154630_578_action_1_c_mask.png,measurement_output\step9_bc_center_align\run_20260608_154523_618\masks\step9_cycle_0040_20260608_154630_578_action_1_overlap_mask.png
41,2026-06-08 15:46:31,True,False,moving,544.5357142857143,404.17857142857144,572.941,387.059,28.405285714285696,-17.11957142857142,1.0,28,9326,7437,1,右上,True,False,20.0,20.0,measurement_output\step9_bc_center_align\run_20260608_154523_618\overlays\step9_cycle_0041_20260608_154631_004_action_1_overlay.png,measurement_output\step9_bc_center_align\run_20260608_154523_618\frames\step9_cycle_0041_20260608_154631_004_action_1_frame.png,measurement_output\step9_bc_center_align\run_20260608_154523_618\masks\step9_cycle_0041_20260608_154631_004_action_1_b_mask.png,measurement_output\step9_bc_center_align\run_20260608_154523_618\masks\step9_cycle_0041_20260608_154631_004_action_1_c_mask.png,measurement_output\step9_bc_center_align\run_20260608_154523_618\masks\step9_cycle_0041_20260608_154631_004_action_1_overlap_mask.png
42,2026-06-08 15:46:31,True,False,moving,546.1923076923077,403.84615384615387,572.941,387.059,26.748692307692295,-16.787153846153842,1.0,26,9278,7339,1,右上,True,False,20.0,20.0,measurement_output\step9_bc_center_align\run_20260608_154523_618\overlays\step9_cycle_0042_20260608_154631_436_action_1_overlay.png,measurement_output\step9_bc_center_align\run_20260608_154523_618\frames\step9_cycle_0042_20260608_154631_436_action_1_frame.png,measurement_output\step9_bc_center_align\run_20260608_154523_618\masks\step9_cycle_0042_20260608_154631_436_action_1_b_mask.png,measurement_output\step9_bc_center_align\run_20260608_154523_618\masks\step9_cycle_0042_20260608_154631_436_action_1_c_mask.png,measurement_output\step9_bc_center_align\run_20260608_154523_618\masks\step9_cycle_0042_20260608_154631_436_action_1_overlap_mask.png
43,2026-06-08 15:46:32,True,False,moving,550.2857142857143,402.6666666666667,572.941,387.059,22.655285714285696,-15.60766666666666,1.0,42,9266,7350,1,右上,True,False,20.0,20.0,measurement_output\step9_bc_center_align\run_20260608_154523_618\overlays\step9_cycle_0043_20260608_154631_852_action_1_overlay.png,measurement_output\step9_bc_center_align\run_20260608_154523_618\frames\step9_cycle_0043_20260608_154631_852_action_1_frame.png,measurement_output\step9_bc_center_align\run_20260608_154523_618\masks\step9_cycle_0043_20260608_154631_852_action_1_b_mask.png,measurement_output\step9_bc_center_align\run_20260608_154523_618\masks\step9_cycle_0043_20260608_154631_852_action_1_c_mask.png,measurement_output\step9_bc_center_align\run_20260608_154523_618\masks\step9_cycle_0043_20260608_154631_852_action_1_overlap_mask.png
44,2026-06-08 15:46:32,True,False,moving,551.5217391304348,412.30434782608694,572.941,387.059,21.419260869565278,-25.245347826086913,1.0,23,9279,7360,1,右上,True,False,20.0,20.0,measurement_output\step9_bc_center_align\run_20260608_154523_618\overlays\step9_cycle_0044_20260608_154632_387_action_1_overlay.png,measurement_output\step9_bc_center_align\run_20260608_154523_618\frames\step9_cycle_0044_20260608_154632_387_action_1_frame.png,measurement_output\step9_bc_center_align\run_20260608_154523_618\masks\step9_cycle_0044_20260608_154632_387_action_1_b_mask.png,measurement_output\step9_bc_center_align\run_20260608_154523_618\masks\step9_cycle_0044_20260608_154632_387_action_1_c_mask.png,measurement_output\step9_bc_center_align\run_20260608_154523_618\masks\step9_cycle_0044_20260608_154632_387_action_1_overlap_mask.png
45,2026-06-08 15:46:33,True,False,moving,561.2173913043479,412.4347826086956,572.941,387.059,11.72360869565216,-25.3757826086956,1.0,46,9189,7354,1,右上,True,False,20.0,20.0,measurement_output\step9_bc_center_align\run_20260608_154523_618\overlays\step9_cycle_0045_20260608_154632_839_action_1_overlay.png,measurement_output\step9_bc_center_align\run_20260608_154523_618\frames\step9_cycle_0045_20260608_154632_839_action_1_frame.png,measurement_output\step9_bc_center_align\run_20260608_154523_618\masks\step9_cycle_0045_20260608_154632_839_action_1_b_mask.png,measurement_output\step9_bc_center_align\run_20260608_154523_618\masks\step9_cycle_0045_20260608_154632_839_action_1_c_mask.png,measurement_output\step9_bc_center_align\run_20260608_154523_618\masks\step9_cycle_0045_20260608_154632_839_action_1_overlap_mask.png
46,2026-06-08 15:46:33,True,False,moving,545.6521739130435,408.04347826086956,572.941,387.059,27.288826086956533,-20.984478260869537,1.0,46,9224,7371,1,右上,True,False,20.0,20.0,measurement_output\step9_bc_center_align\run_20260608_154523_618\overlays\step9_cycle_0046_20260608_154633_270_action_1_overlay.png,measurement_output\step9_bc_center_align\run_20260608_154523_618\frames\step9_cycle_0046_20260608_154633_270_action_1_frame.png,measurement_output\step9_bc_center_align\run_20260608_154523_618\masks\step9_cycle_0046_20260608_154633_270_action_1_b_mask.png,measurement_output\step9_bc_center_align\run_20260608_154523_618\masks\step9_cycle_0046_20260608_154633_270_action_1_c_mask.png,measurement_output\step9_bc_center_align\run_20260608_154523_618\masks\step9_cycle_0046_20260608_154633_270_action_1_overlap_mask.png
47,2026-06-08 15:46:34,True,False,moving,549.2333333333333,407.03333333333336,572.941,387.059,23.707666666666682,-19.974333333333334,1.0,30,9182,7381,1,右上,True,False,20.0,20.0,measurement_output\step9_bc_center_align\run_20260608_154523_618\overlays\step9_cycle_0047_20260608_154633_832_action_1_overlay.png,measurement_output\step9_bc_center_align\run_20260608_154523_618\frames\step9_cycle_0047_20260608_154633_832_action_1_frame.png,measurement_output\step9_bc_center_align\run_20260608_154523_618\masks\step9_cycle_0047_20260608_154633_832_action_1_b_mask.png,measurement_output\step9_bc_center_align\run_20260608_154523_618\masks\step9_cycle_0047_20260608_154633_832_action_1_c_mask.png,measurement_output\step9_bc_center_align\run_20260608_154523_618\masks\step9_cycle_0047_20260608_154633_832_action_1_overlap_mask.png
48,2026-06-08 15:46:34,True,False,moving,557.2352941176471,410.88235294117646,572.941,387.059,15.705705882352959,-23.823352941176438,1.0,51,9219,7403,1,右上,True,False,20.0,20.0,measurement_output\step9_bc_center_align\run_20260608_154523_618\overlays\step9_cycle_0048_20260608_154634_257_action_1_overlay.png,measurement_output\step9_bc_center_align\run_20260608_154523_618\frames\step9_cycle_0048_20260608_154634_257_action_1_frame.png,measurement_output\step9_bc_center_align\run_20260608_154523_618\masks\step9_cycle_0048_20260608_154634_257_action_1_b_mask.png,measurement_output\step9_bc_center_align\run_20260608_154523_618\masks\step9_cycle_0048_20260608_154634_257_action_1_c_mask.png,measurement_output\step9_bc_center_align\run_20260608_154523_618\masks\step9_cycle_0048_20260608_154634_257_action_1_overlap_mask.png
49,2026-06-08 15:46:34,True,False,moving,547.15,411.15,572.941,387.059,25.791000000000054,-24.09099999999995,1.0,20,9192,7367,1,右上,True,False,20.0,20.0,measurement_output\step9_bc_center_align\run_20260608_154523_618\overlays\step9_cycle_0049_20260608_154634_670_action_1_overlay.png,measurement_output\step9_bc_center_align\run_20260608_154523_618\frames\step9_cycle_0049_20260608_154634_670_action_1_frame.png,measurement_output\step9_bc_center_align\run_20260608_154523_618\masks\step9_cycle_0049_20260608_154634_670_action_1_b_mask.png,measurement_output\step9_bc_center_align\run_20260608_154523_618\masks\step9_cycle_0049_20260608_154634_670_action_1_c_mask.png,measurement_output\step9_bc_center_align\run_20260608_154523_618\masks\step9_cycle_0049_20260608_154634_670_action_1_overlap_mask.png
50,2026-06-08 15:46:35,True,False,moving,554.7826086956521,408.1304347826087,572.941,387.059,18.1583913043479,-21.071434782608662,1.0,46,9195,7437,1,右上,True,False,20.0,20.0,measurement_output\step9_bc_center_align\run_20260608_154523_618\overlays\step9_cycle_0050_20260608_154635_088_action_1_overlay.png,measurement_output\step9_bc_center_align\run_20260608_154523_618\frames\step9_cycle_0050_20260608_154635_088_action_1_frame.png,measurement_output\step9_bc_center_align\run_20260608_154523_618\masks\step9_cycle_0050_20260608_154635_088_action_1_b_mask.png,measurement_output\step9_bc_center_align\run_20260608_154523_618\masks\step9_cycle_0050_20260608_154635_088_action_1_c_mask.png,measurement_output\step9_bc_center_align\run_20260608_154523_618\masks\step9_cycle_0050_20260608_154635_088_action_1_overlap_mask.png
