index,wavelength_nm,intensity,fit_intensity
0,466.0,18.05579303518162,18.05579303518162
1,466.09775171065496,24.58756159431578,18.05579303518162
2,466.19550342130987,9.956728449127743,18.05579303518162
3,466.2932551319648,5.856306235679217,9.956728449127743
4,466.39100684261973,39.98736581002906,9.956728449127743
5,466.4887585532747,-7.928287811539121,24.468222292533405
6,466.5865102639296,34.44427315257434,34.44427315257434
7,466.68426197458456,24.468222292533405,24.468222292533405
8,466.7820136852395,65.90928949500488,24.468222292533405
9,466.8797653958944,3.609621644705509,18.615530044368978
10,466.9775171065494,18.615530044368978,18.615530044368978
11,467.0752688172043,5.889901207496685,15.240651302201812
12,467.17302052785925,26.39910785997633,18.615530044368978
13,467.27077223851416,15.240651302201812,20.184754107986297
14,467.3685239491691,20.184754107986297,26.39910785997633
15,467.466275659824,30.329074431030158,24.73251022864219
16,467.564027370479,32.94131088918182,30.329074431030158
17,467.66177908113394,24.73251022864219,30.329074431030158
18,467.75953079178885,41.5274249590281,32.94131088918182
19,467.8572825024438,7.8226677946278755,24.73251022864219
20,467.9550342130987,33.12737818827798,33.12737818827798
21,468.0527859237537,10.932272522813523,20.009413959408565
22,468.1505376344086,50.197280747287486,22.25152543773745
23,468.24828934506354,20.009413959408565,22.25152543773745
24,468.3460410557185,22.25152543773745,22.25152543773745
25,468.4437927663734,45.282301898066436,20.009413959408565
26,468.54154447702837,17.950800729156235,22.25152543773745
27,468.63929618768327,10.01970377689554,36.249746868977255
28,468.73704789833823,49.143301319902605,36.249746868977255
29,468.83479960899314,36.249746868977255,36.249746868977255
30,468.9325513196481,40.04286020073822,40.04286020073822
31,469.030303030303,11.57003488205621,36.249746868977255
32,469.12805474095796,40.425933686189204,40.04286020073822
33,469.2258064516129,29.61623310670046,29.61623310670046
34,469.32355816226783,50.43617821138962,40.425933686189204
35,469.4213098729228,24.793139726933305,30.218913843456164
36,469.5190615835777,40.61802206428932,40.61802206428932
37,469.61681329423266,30.218913843456164,30.218913843456164
38,469.71456500488756,49.12184845278968,30.218913843456164
39,469.8123167155425,15.520579902409029,30.218913843456164
40,469.9100684261975,28.816975942077523,45.35327133568705
41,470.0078201368524,45.35327133568705,44.15671942701395
42,470.10557184750735,54.13744871370905,44.15671942701395
43,470.20332355816225,44.15671942701395,44.15671942701395
44,470.3010752688172,42.58098893211382,44.15671942701395
45,470.3988269794721,29.894033819474235,44.15671942701395
46,470.4965786901271,49.45483674599568,48.86095965675641
47,470.59433040078204,53.82742363690876,48.86095965675641
48,470.69208211143695,48.86095965675641,48.86095965675641
49,470.7898338220919,3.301392625453964,48.86095965675641
50,470.8875855327468,42.24912620403223,47.389761171645695
51,470.9853372434018,52.0879441453627,42.24912620403223
52,471.0830889540567,47.389761171645695,42.24912620403223
53,471.18084066471164,35.91634592300252,47.389761171645695
54,471.27859237536654,21.226465803807315,47.389761171645695
55,471.3763440860215,65.65942375599249,35.91634592300252
56,471.47409579667647,47.73606365074161,47.73606365074161
57,471.57184750733137,27.71594013064708,47.73606365074161
58,471.66959921798633,49.47782670597967,45.8442152803889
59,471.76735092864124,45.8442152803889,45.8442152803889
60,471.8651026392962,33.030340816106325,48.669469134570065
61,471.9628543499511,52.49560185197974,48.669469134570065
62,472.06060606060606,48.669469134570065,52.49560185197974
63,472.158357771261,61.917013659570515,61.917013659570515
64,472.2561094819159,76.24004437344486,61.917013659570515
65,472.3538611925709,64.63130783456637,61.917013659570515
66,472.4516129032258,44.22465951021392,63.5552804862441
67,472.54936461388075,34.43573969748574,63.5552804862441
68,472.64711632453566,63.5552804862441,63.5552804862441
69,472.7448680351906,72.57152215216743,63.5552804862441
70,472.8426197458455,71.02320839809057,71.02320839809057
71,472.9403714565005,46.75027361111974,71.02320839809057
72,473.03812316715545,81.70071619507027,65.112511129696
73,473.13587487781035,65.112511129696,63.27744956452079
74,473.2336265884653,63.27744956452079,63.27744956452079
75,473.3313782991202,55.33674833992953,58.78917925064589
76,473.4291300097752,46.850275243801256,55.33674833992953
77,473.5268817204301,58.78917925064589,55.33674833992953
78,473.62463343108504,36.35519615449695,48.45261058982222
79,473.72238514174,80.32288884208519,49.12997770544113
80,473.8201368523949,48.45261058982222,49.12997770544113
81,473.91788856304987,49.12997770544113,60.71579520156441
82,474.0156402737048,78.39540370813015,60.71579520156441
83,474.11339198435974,60.71579520156441,62.39812370477483
84,474.21114369501464,73.61805850158859,62.39812370477483
85,474.3088954056696,62.39812370477483,62.39812370477483
86,474.4066471163245,42.86587824646463,62.39812370477483
87,474.50439882697947,77.9495155141407,62.39812370477483
88,474.60215053763443,52.02246608355682,73.46596751339962
89,474.69990224828933,75.94475992365071,75.94475992365071
90,474.7976539589443,73.46596751339962,73.46596751339962
91,474.8954056695992,87.19145989372846,73.46596751339962
92,474.99315738025416,65.57729840726715,73.46596751339962
93,475.09090909090907,65.39413256733664,71.77624992324091
94,475.188660801564,81.13615787331281,65.57729840726715
95,475.286412512219,71.77624992324091,71.77624992324091
96,475.3841642228739,44.95998070077008,74.07063499705552
97,475.48191593352885,74.07063499705552,71.77624992324091
98,475.57966764418376,105.6915178185082,69.07600182265823
99,475.6774193548387,65.96220142487536,69.07600182265823
100,475.7751710654936,69.07600182265823,69.07600182265823
101,475.8729227761486,53.6929007485809,69.07600182265823
102,475.97067448680355,74.71692111413937,69.07600182265823
103,476.06842619745845,81.07292561150157,74.71692111413937
104,476.1661779081134,67.01661849602101,81.07292561150157
105,476.2639296187683,93.34531921869527,82.16888316942844
106,476.3616813294233,87.81064871073877,82.16888316942844
107,476.4594330400782,82.16888316942844,86.8746162851516
108,476.55718475073314,64.13566816889072,86.8746162851516
109,476.65493646138805,86.8746162851516,82.16888316942844
110,476.752688172043,104.94243232662339,84.33763313767207
111,476.85043988269797,69.17543388091977,86.8746162851516
112,476.9481915933529,84.33763313767207,104.94243232662339
113,477.04594330400784,125.55525220364014,89.01474330315222
114,477.14369501466274,120.861681202048,103.07909049279098
115,477.2414467253177,89.01474330315222,103.07909049279098
116,477.3391984359726,103.07909049279098,103.07909049279098
117,477.43695014662757,98.82298198459799,103.07909049279098
118,477.5347018572825,121.90664892433708,103.07909049279098
119,477.63245356793743,126.82796856488045,116.77493524309142
120,477.7302052785924,87.70436387213286,118.09460318372743
121,477.8279569892473,116.77493524309142,116.77493524309142
122,477.92570869990226,118.09460318372743,116.77493524309142
123,478.02346041055716,109.42442428297215,118.09460318372743
124,478.1212121212121,138.83053418465744,118.09460318372743
125,478.2189638318671,126.51879240014844,119.19026025073441
126,478.316715542522,106.24790714701578,119.19026025073441
127,478.41446725317695,119.19026025073441,119.19026025073441
128,478.51221896383186,96.93101487675631,106.24790714701578
129,478.6099706744868,132.9374232860565,116.39849948921962
130,478.7077223851417,100.78441783822498,107.32864143106809
131,478.8054740957967,116.39849948921962,107.32864143106809
132,478.9032258064516,107.32864143106809,100.78441783822498
133,479.00097751710655,95.94669822404956,107.32864143106809
134,479.0987292277615,95.51038884909408,107.32864143106809
135,479.1964809384164,116.72147240111823,116.72147240111823
136,479.2942326490714,120.62837992721369,119.56339899704447
137,479.3919843597263,138.5831590148531,120.62837992721369
138,479.48973607038124,119.56339899704447,125.07443334285504
139,479.58748778103615,125.07443334285504,135.85984211624074
140,479.6852394916911,135.85984211624074,125.07443334285504
141,479.78299120234607,153.75049497782484,125.07443334285504
142,479.880742913001,120.47455803172318,135.85984211624074
143,479.97849462365593,112.25840133584049,153.75049497782484
144,480.07624633431084,156.68218840863906,148.51193106631615
145,480.1739980449658,158.29583810898347,148.51193106631615
146,480.2717497556207,148.51193106631615,148.51193106631615
147,480.36950146627566,140.36692393400827,140.36692393400827
148,480.46725317693057,132.26885390978538,136.56910172119535
149,480.56500488758553,136.56910172119535,136.56910172119535
150,480.6627565982405,135.14549582324972,136.56910172119535
151,480.7605083088954,145.91812868032508,136.56910172119535
152,480.85826001955036,164.51146556109748,145.91812868032508
153,480.95601173020526,136.4856109310304,155.52569401259464
154,481.0537634408602,167.7469030767762,155.52569401259464
155,481.1515151515151,155.52569401259464,137.81690802046109
156,481.2492668621701,137.81690802046109,155.52569401259464
157,481.34701857282505,136.84926998740056,155.52569401259464
158,481.44477028347995,172.49633003614824,172.49633003614824
159,481.5425219941349,175.97902192992953,172.49633003614824
160,481.6402737047898,176.87741663084108,172.49633003614824
161,481.7380254154448,144.98669008827193,153.18057871479422
162,481.8357771260997,148.9951215284888,150.17857520935308
163,481.93352883675465,153.18057871479422,150.17857520935308
164,482.03128054740955,150.17857520935308,153.18057871479422
165,482.1290322580645,168.9232254155493,157.00359790138066
166,482.2267839687195,163.83384281770316,163.83384281770316
167,482.3245356793744,157.00359790138066,163.83384281770316
168,482.42228739002934,188.40159586997302,163.83384281770316
169,482.52003910068424,154.30797701211978,168.95906237489956
170,482.6177908113392,192.11889828727064,175.95052113754744
171,482.7155425219941,168.95906237489956,175.95052113754744
172,482.81329423264907,175.95052113754744,183.57361180130866
173,482.91104594330403,189.57424353703968,175.95052113754744
174,483.00879765395894,183.57361180130866,175.95052113754744
175,483.1065493646139,175.03373955355067,183.57361180130866
176,483.2043010752688,166.28991054579834,183.57361180130866
177,483.30205278592376,186.20186463775664,186.20186463775664
178,483.39980449657867,199.9961908285814,186.20186463775664
179,483.49755620723363,208.22925936425847,199.9961908285814
180,483.5953079178886,167.64616448625856,202.60516442811846
181,483.6930596285435,219.60870224826152,208.22925936425847
182,483.79081133919846,202.60516442811846,207.95121984292106
183,483.88856304985336,225.7125735064945,207.95121984292106
184,483.9863147605083,207.95121984292106,203.86207102856474
185,484.0840664711632,203.86207102856474,203.86207102856474
186,484.1818181818182,203.43303964073536,203.86207102856474
187,484.2795698924731,187.58733171488748,203.86207102856474
188,484.37732160312805,207.59944395020148,203.43303964073536
189,484.475073313783,229.88237927828843,207.59944395020148
190,484.5728250244379,203.14482781361284,207.59944395020148
191,484.6705767350929,234.12624291814672,209.98730024389224
192,484.7683284457478,206.62569379871994,209.98730024389224
193,484.86608015640275,209.98730024389224,209.98730024389224
194,484.96383186705765,243.45506482567748,209.98730024389224
195,485.0615835777126,198.39657282039778,237.02103468677188
196,485.1593352883676,255.87675281545995,242.1735496825864
197,485.2570869990225,237.02103468677188,237.02103468677188
198,485.35483870967744,242.1735496825864,237.02103468677188
199,485.45259042033234,227.92112264885512,237.02103468677188
200,485.5503421309873,213.8464606569986,227.92112264885512
201,485.6480938416422,244.19196440316261,227.92112264885512
202,485.74584555229717,227.25976347092708,235.7204337556315
203,485.84359726295213,236.59331149567666,236.59331149567666
204,485.94134897360703,235.7204337556315,236.59331149567666
205,486.039100684262,251.06299168207343,246.27094423453474
206,486.1368523949169,250.64485012124092,250.64485012124092
207,486.23460410557186,246.27094423453474,250.90999266991463
208,486.33235581622677,272.34868651348603,250.90999266991463
209,486.4301075268817,250.90999266991463,272.34868651348603
210,486.52785923753663,278.8194528632154,272.34868651348603
211,486.6256109481916,273.10825574765795,264.8440996582474
212,486.72336265884655,259.4870981511765,264.8440996582474
213,486.82111436950146,264.8440996582474,264.8440996582474
214,486.9188660801564,261.6547935421462,264.8440996582474
215,487.0166177908113,289.8603585455185,271.7059594687413
216,487.1143695014663,279.05796515433997,271.7059594687413
217,487.2121212121212,271.7059594687413,279.05796515433997
218,487.30987292277615,257.49041058944357,279.05796515433997
219,487.40762463343106,290.6265772916366,280.6613978694849
220,487.505376344086,280.6613978694849,290.6265772916366
221,487.603128054741,292.41291821840184,292.41291821840184
222,487.7008797653959,298.0257960000179,298.0257960000179
223,487.79863147605084,302.4475662869689,298.0257960000179
224,487.89638318670575,298.6536288351736,298.0257960000179
225,487.9941348973607,280.30814938586036,298.6536288351736
226,488.0918866080156,292.57596033918367,298.6536288351736
227,488.1896383186706,306.79474576045146,306.79474576045146
228,488.28739002932554,311.2421704806914,309.1315943034077
229,488.38514173998044,314.78507130250057,309.1315943034077
230,488.4828934506354,309.1315943034077,311.2421704806914
231,488.5806451612903,309.06792311506337,309.1315943034077
232,488.67839687194527,339.63323322406313,309.1315943034077
233,488.7761485826002,307.0883655981468,317.59473779493135
234,488.87390029325513,317.59473779493135,333.68547287846235
235,488.9716520039101,333.68547287846235,333.68547287846235
236,489.069403714565,337.0333316145974,333.68547287846235
237,489.16715542521996,349.7222089740607,333.68547287846235
238,489.26490713587486,319.83033620640043,329.2082836039059
239,489.3626588465298,325.1307262276687,326.80784440687023
240,489.46041055718473,329.2082836039059,326.80784440687023
241,489.5581622678397,326.80784440687023,329.2082836039059
242,489.6559139784946,339.88823172244685,339.6350102104749
243,489.75366568914956,339.6350102104749,339.88823172244685
244,489.8514173998045,363.98987390348896,339.88823172244685
245,489.9491691104594,355.39135419289397,355.39135419289397
246,490.0469208211144,328.89704043624,363.98987390348896
247,490.1446725317693,368.5208948638598,355.39135419289397
248,490.24242424242425,374.79021785801604,360.6592463747395
249,490.34017595307915,340.34855647889964,361.2821377378555
250,490.4379276637341,360.6592463747395,360.6592463747395
251,490.5356793743891,361.2821377378555,360.6592463747395
252,490.633431085044,358.85196368489346,360.6592463747395
253,490.73118279569894,385.30554008694065,361.2821377378555
254,490.82893450635385,353.67992056564213,372.5792456400148
255,490.9266862170088,383.089020912308,383.089020912308
256,491.0244379276637,372.5792456400148,375.3591597799581
257,491.1221896383187,386.5658386412396,383.089020912308
258,491.21994134897363,375.3591597799581,386.5658386412396
259,491.31769305962854,396.8339472121719,396.8339472121719
260,491.4154447702835,403.19777651221347,403.19777651221347
261,491.5131964809384,405.07707618696526,403.19777651221347
262,491.61094819159337,425.15375117521444,403.19777651221347
263,491.70869990224827,394.8773815797608,404.6222923557657
264,491.80645161290323,400.7287901924321,400.7287901924321
265,491.90420332355814,404.6222923557657,400.7287901924321
266,492.0019550342131,390.01770007923614,404.6222923557657
267,492.09970674486806,421.4690705399726,421.4690705399726
268,492.19745845552296,428.62590480166295,428.62590480166295
269,492.2952101661779,437.6745517049285,428.62590480166295
270,492.3929618768328,448.3835809165201,430.15122536115757
271,492.4907135874878,405.64942968761454,430.24439687795257
272,492.5884652981427,430.15122536115757,430.24439687795257
273,492.68621700879766,430.24439687795257,430.24439687795257
274,492.78396871945256,444.28855387820454,439.60622283258573
275,492.8817204301075,439.60622283258573,440.9777145984177
276,492.9794721407625,440.9777145984177,444.28855387820454
277,493.0772238514174,478.8054553204011,447.10203113484044
278,493.17497556207235,447.10203113484044,450.3711650705898
279,493.27272727272725,471.8390082464285,452.7552140803666
280,493.3704789833822,450.3711650705898,452.7552140803666
281,493.4682306940372,452.7552140803666,471.8390082464285
282,493.5659824046921,476.0756736105043,471.324461786995
283,493.66373411534704,474.02145775111995,474.02145775111995
284,493.76148582600194,471.324461786995,476.0756736105043
285,493.8592375366569,476.55282057841,474.02145775111995
286,493.9569892473118,493.27684684992687,476.55282057841
287,494.05474095796677,433.1070337194792,476.55282057841
288,494.1524926686217,497.4073083724167,471.29251384400317
289,494.25024437927664,468.6284849234845,471.29251384400317
290,494.3479960899316,471.29251384400317,490.28952817250484
291,494.4457478005865,490.28952817250484,490.28952817250484
292,494.54349951124146,500.62035310976046,500.62035310976046
293,494.64125122189637,525.2995928471361,500.62035310976046
294,494.73900293255133,517.7932163647547,517.7932163647547
295,494.83675464320623,495.41885303598235,517.7932163647547
296,494.9345063538612,520.871864457543,514.5786800273831
297,495.0322580645161,514.5786800273831,514.5786800273831
298,495.13000977517106,477.1452984703376,520.871864457543
299,495.227761485826,532.5358485859867,521.3479357445635
300,495.3255131964809,537.3885485023334,521.3479357445635
301,495.4232649071359,521.3479357445635,522.0440885111357
302,495.5210166177908,513.0848285034144,522.0440885111357
303,495.61876832844575,522.0440885111357,522.0440885111357
304,495.71652003910066,543.8519958827458,530.7017870575888
305,495.8142717497556,530.7017870575888,539.8880426417642
306,495.9120234604106,539.8880426417642,542.6962937556073
307,496.0097751710655,542.6962937556073,539.8880426417642
308,496.10752688172045,554.2514269160325,542.6962937556073
309,496.20527859237535,526.3415771341498,552.1696705922061
310,496.3030303030303,561.0453181389081,554.2514269160325
311,496.4007820136852,552.1696705922061,554.5074899751346
312,496.4985337243402,560.2920361448582,560.2920361448582
313,496.59628543499514,554.5074899751346,560.2920361448582
314,496.69403714565004,582.6739157981127,560.2920361448582
315,496.791788856305,570.7859197144066,570.7859197144066
316,496.8895405669599,530.2965375955308,570.7859197144066
317,496.98729227761487,583.1021042189079,570.7859197144066
318,497.0850439882698,568.3830922834806,578.7967901089191
319,497.18279569892474,578.7967901089191,579.9861782523157
320,497.28054740957964,579.9861782523157,579.9861782523157
321,497.3782991202346,581.1535505058956,581.1535505058956
322,497.47605083088956,602.533223998238,595.7248511166799
323,497.57380254154447,595.7248511166799,601.2828059394351
324,497.6715542521994,606.0350831460763,602.533223998238
325,497.76930596285433,601.2828059394351,606.0350831460763
326,497.8670576735093,612.6397213062097,612.6397213062097
327,497.9648093841642,622.0425532632573,612.6397213062097
328,498.06256109481916,631.0166476816017,620.9905920845462
329,498.16031280547406,583.6667766220833,622.0425532632573
330,498.258064516129,620.9905920845462,620.9905920845462
331,498.355816226784,632.6933803707587,613.9172754370549
332,498.4535679374389,613.9172754370549,620.9905920845462
333,498.55131964809385,604.6973849015498,626.9665576027982
334,498.64907135874876,626.9665576027982,626.9665576027982
335,498.7468230694037,629.0240117975821,629.0240117975821
336,498.8445747800587,629.9050696086043,629.0240117975821
337,498.9423264907136,665.186912656118,629.9050696086043
338,499.04007820136854,618.8279099434982,639.4190902430688
339,499.13782991202345,650.2878704970383,639.4190902430688
340,499.2355816226784,639.4190902430688,639.4190902430688
341,499.3333333333333,637.6529072499819,650.2878704970383
342,499.4310850439883,654.7370815191329,647.8926720723244
343,499.5288367546432,661.8679831462879,654.7370815191329
344,499.62658846529814,647.8926720723244,654.9150914105464
345,499.7243401759531,654.9150914105464,661.8679831462879
346,499.822091886608,678.2343852131227,664.1414740462432
347,499.91984359726297,668.5374773573805,668.5374773573805
348,500.0175953079179,664.1414740462432,678.2343852131227
349,500.11534701857283,682.7587968129773,682.7555119690016
350,500.21309872922774,688.494709853632,682.7555119690016
351,500.3108504398827,682.7555119690016,682.7587968129773
352,500.4086021505376,676.2663893677376,688.494709853632
353,500.50635386119257,701.8460797929636,700.1749843800956
354,500.6041055718475,700.1749843800956,701.8460797929636
355,500.70185728250243,711.1628712440526,702.2472470807384
356,500.7996089931574,708.2389900116256,702.4278968470448
357,500.8973607038123,702.2472470807384,708.2389900116256
358,500.99511241446726,702.4278968470448,708.2389900116256
359,501.0928641251222,710.2920125808756,704.8410660719478
360,501.1906158357771,718.8791654473079,710.2920125808756
361,501.2883675464321,704.8410660719478,715.6096412550446
362,501.386119257087,715.6096412550446,715.6096412550446
363,501.48387096774195,740.5640752234164,714.4873529740574
364,501.58162267839685,706.9980427896255,715.6096412550446
365,501.6793743890518,714.4873529740574,726.8813558677149
366,501.7771260997067,726.8813558677149,720.4888703677148
367,501.8748778103617,734.2889377951064,726.8813558677149
368,501.97262952101664,720.4888703677148,734.2889377951064
369,502.07038123167155,735.746392178459,735.746392178459
370,502.1681329423265,761.9081641094579,747.1713907102722
371,502.2658846529814,766.5720769619044,759.8879926312802
372,502.3636363636364,747.1713907102722,761.9081641094579
373,502.4613880742913,759.8879926312802,759.8879926312802
374,502.55913978494624,766.6016824968548,757.2865707369941
375,502.65689149560114,743.4516146268381,757.2865707369941
376,502.7546432062561,757.2865707369941,757.2865707369941
377,502.85239491691107,755.5307177057884,757.2865707369941
378,502.95014662756597,768.7135017885445,768.7135017885445
379,503.04789833822093,792.1988310496803,768.7135017885445
380,503.14565004887584,775.2112005692564,768.7135017885445
381,503.2434017595308,767.5739035271811,775.2112005692564
382,503.3411534701857,768.5108834274504,768.5108834274504
383,503.43890518084066,799.2547180443318,768.5108834274504
384,503.53665689149557,751.8042787645072,790.5031432478924
385,503.63440860215053,801.6686587984094,799.2547180443318
386,503.7321603128055,790.5031432478924,790.5031432478924
387,503.8299120234604,803.2448202893999,801.6686587984094
388,503.92766373411536,776.3138631066881,803.2448202893999
389,504.02541544477026,812.0079253906648,803.6360171829759
390,504.1231671554252,803.6360171829759,803.6360171829759
391,504.2209188660802,803.9996457756969,803.6360171829759
392,504.3186705767351,789.8976008822084,803.6360171829759
393,504.41642228739005,787.8426807002022,793.0273258825999
394,504.51417399804495,825.9445409120118,793.0273258825999
395,504.6119257086999,793.0273258825999,825.9445409120118
396,504.7096774193548,846.0306372478871,827.2368587604603
397,504.8074291300098,827.2368587604603,827.2368587604603
398,504.9051808406647,843.1703915356521,843.1703915356521
399,505.00293255131965,826.4816881676473,843.1703915356521
400,505.1006842619746,850.1667390642257,843.1703915356521
401,505.1984359726295,844.8362273496574,837.6107857219996
402,505.2961876832845,837.6107857219996,842.6544122959318
403,505.3939393939394,827.728630885442,842.6544122959318
404,505.49169110459434,842.6544122959318,842.6544122959318
405,505.58944281524924,859.4483920692091,842.6544122959318
406,505.6871945259042,850.0727150432818,850.0727150432818
407,505.7849462365591,835.5196061726132,850.0727150432818
408,505.88269794721407,862.249465718686,843.7933273516871
409,505.98044965786903,838.3708440360128,843.7933273516871
410,506.07820136852393,843.7933273516871,854.4502386564242
411,506.1759530791789,854.4502386564242,854.4502386564242
412,506.2737047898338,865.0376246921368,861.6668921280258
413,506.37145650048876,861.6668921280258,865.0376246921368
414,506.4692082111437,874.570005039958,874.570005039958
415,506.5669599217986,886.9604954766446,882.9560822805074
416,506.6647116324536,905.8090657865843,882.9560822805074
417,506.7624633431085,882.9560822805074,886.9604954766446
418,506.86021505376345,870.463919857354,884.26717469793
419,506.95796676441836,894.0286421323677,884.26717469793
420,507.0557184750733,884.26717469793,893.2155556094856
421,507.1534701857282,913.3990952256358,893.2155556094856
422,507.2512218963832,893.2155556094856,893.2155556094856
423,507.34897360703815,873.2436485727015,894.0189417336
424,507.44672531769305,894.0189417336,894.0189417336
425,507.544477028348,897.3031358366065,895.748915899416
426,507.6422287390029,895.748915899416,897.3031358366065
427,507.7399804496579,899.5472046328194,897.3031358366065
428,507.8377321603128,910.8905651092115,899.5472046328194
429,507.93548387096774,895.0036223673624,901.620692851583
430,508.03323558162265,917.3434939102444,904.95491517141
431,508.1309872922776,901.620692851583,904.95491517141
432,508.22873900293257,904.95491517141,905.1021701453437
433,508.3264907135875,905.1021701453437,905.1021701453437
434,508.42424242424244,936.6688565989523,909.9772219961702
435,508.52199413489734,909.9772219961702,912.9382937389083
436,508.6197458455523,912.9382937389083,916.9951499615044
437,508.71749755620726,916.9951499615044,916.9951499615044
438,508.81524926686217,921.2186209044414,916.9951499615044
439,508.91300097751713,932.1402908005485,916.9951499615044
440,509.01075268817203,912.8620723921536,921.2186209044414
441,509.108504398827,904.2544622817794,922.6918732289796
442,509.2062561094819,923.335457140546,922.6918732289796
443,509.30400782013686,922.6918732289796,923.335457140546
444,509.40175953079176,942.6868255594352,924.1156288814166
445,509.4995112414467,924.1156288814166,942.6868255594352
446,509.5972629521017,946.4421032936392,942.6868255594352
447,509.6950146627566,959.1311969548315,946.4421032936392
448,509.79276637341155,941.7958213290284,946.4421032936392
449,509.89051808406646,947.7769867610535,947.7769867610535
450,509.9882697947214,931.317039319463,947.7769867610535
451,510.0860215053763,951.705058981509,951.705058981509
452,510.1837732160313,958.1566091722872,951.705058981509
453,510.2815249266862,960.871954638598,951.705058981509
454,510.37927663734115,948.5676504465888,956.9695547362485
455,510.4770283479961,943.5233578459728,956.9695547362485
456,510.574780058651,956.9695547362485,956.9695547362485
457,510.672531769306,957.8491601759625,957.7355847236814
458,510.7702834799609,957.7355847236814,957.8491601759625
459,510.86803519061584,958.0320970594504,958.0320970594504
460,510.96578690127075,964.9182696641658,964.9182696641658
461,511.0635386119257,966.5474526549558,966.5474526549558
462,511.1612903225806,975.9572819495525,966.5474526549558
463,511.2590420332356,975.4510645816318,966.5474526549558
464,511.35679374389053,961.8621214151644,962.2955694119743
465,511.45454545454544,957.4651850032883,961.8621214151644
466,511.5522971652004,962.2955694119743,961.8621214151644
467,511.6500488758553,938.9219603989835,962.2955694119743
468,511.74780058651027,985.2871733457007,965.9312427277277
469,511.8455522971652,972.3567286614079,972.3567286614079
470,511.94330400782013,965.9312427277277,974.8761457911827
471,512.041055718475,974.8761457911827,972.3567286614079
472,512.13880742913,975.9182369776706,974.8761457911827
473,512.236559139785,960.5492030551475,975.9182369776706
474,512.3343108504399,983.6128825828539,981.1760560545765
475,512.4320625610948,983.2763930412616,983.2763930412616
476,512.5298142717497,981.1760560545765,983.2763930412616
477,512.6275659824047,1001.3490669114871,981.1760560545765
478,512.7253176930597,957.3314847213821,970.4668961942833
479,512.8230694037146,970.4668961942833,970.3219386483347
480,512.9208211143695,970.3219386483347,969.6334419619234
481,513.0185728250244,967.5471637474269,970.3219386483347
482,513.1163245356794,969.6334419619234,970.3219386483347
483,513.2140762463343,1003.6924932206036,977.0222866168766
484,513.3118279569892,999.3024090647732,999.3024090647732
485,513.4095796676442,977.0222866168766,999.3024090647732
486,513.5073313782991,1026.6472156357609,999.2288088950856
487,513.6050830889541,999.2288088950856,993.4245516115309
488,513.702834799609,986.9481420893985,999.2288088950856
489,513.8005865102639,993.4245516115309,993.4245516115309
490,513.8983382209188,1004.8356661639189,988.2249825279208
491,513.9960899315738,988.2249825279208,993.4245516115309
492,514.0938416422288,980.6213510353714,998.0622007001759
493,514.1915933528837,1007.9195017288858,988.2249825279208
494,514.2893450635386,998.0622007001759,981.091229816675
495,514.3870967741935,960.2441595944431,986.8223002167225
496,514.4848484848485,981.091229816675,986.8223002167225
497,514.5826001955035,986.8223002167225,986.8223002167225
498,514.6803519061583,1006.3758911281209,1006.3758911281209
499,514.7781036168133,1016.8697486808687,1006.3758911281209
500,514.8758553274682,1008.7183953473337,1006.3758911281209
501,514.9736070381232,1004.3954204750285,1004.3954204750285
502,515.0713587487782,988.1048368317399,994.0896134513663
503,515.169110459433,994.0896134513663,992.6262469651322
504,515.266862170088,987.6336960232945,992.6262469651322
505,515.3646138807429,992.6262469651322,994.0896134513663
506,515.4623655913979,1012.0101612552161,992.6262469651322
507,515.5601173020527,1005.9656255758913,999.731099698977
508,515.6578690127077,970.5498134217821,999.731099698977
509,515.7556207233627,999.731099698977,998.1806140575541
510,515.8533724340176,950.3634262841105,998.1806140575541
511,515.9511241446726,998.1806140575541,998.1806140575541
512,516.0488758553274,998.8472719088488,998.1806140575541
513,516.1466275659824,963.5067921539496,998.8472719088488
514,516.2443792766373,1007.4091371742878,1007.4091371742878
515,516.3421309872923,1027.214220416433,1011.0640282384586
516,516.4398826979473,1011.0640282384586,1011.0640282384586
517,516.5376344086021,1021.7141367493989,1011.0640282384586
518,516.6353861192571,979.1822568925822,989.5504058491471
519,516.733137829912,981.4022689177453,989.5504058491471
520,516.830889540567,989.5504058491471,981.4022689177453
521,516.9286412512218,1013.50827755309,989.5504058491471
522,517.0263929618768,979.4491903859865,989.5504058491471
523,517.1241446725318,994.936193598191,988.1524029673112
524,517.2218963831867,984.4128166754299,988.1524029673112
525,517.3196480938417,988.1524029673112,989.9300666025393
526,517.4173998044965,989.9300666025393,989.9300666025393
527,517.5151515151515,1019.0208530115427,1002.920335442703
528,517.6129032258065,1023.0440054411943,1002.920335442703
529,517.7106549364614,1002.920335442703,1002.920335442703
530,517.8084066471163,970.2794896226242,1002.920335442703
531,517.9061583577712,996.547827400479,997.4730652769166
532,518.0039100684262,1009.5464728044568,996.547827400479
533,518.1016617790812,997.4730652769166,997.4730652769166
534,518.1994134897361,978.1243853634948,997.4730652769166
535,518.297165200391,1009.8619213843555,997.4730652769166
536,518.3949169110459,992.055887782557,992.055887782557
537,518.4926686217009,998.4830094559189,998.4830094559189
538,518.5904203323558,968.7635484315016,992.055887782557
539,518.6881720430108,1009.5924211398242,968.7635484315016
540,518.7859237536657,966.0394768717355,968.7635484315016
541,518.8836754643206,968.4919268885044,995.7708916033058
542,518.9814271749756,998.1033112727024,995.7708916033058
543,519.0791788856305,995.7708916033058,995.7708916033058
544,519.1769305962854,1017.6382597777905,995.7708916033058
545,519.2746823069403,983.6428553515865,992.1032880961486
546,519.3724340175953,985.8694361008597,985.8694361008597
547,519.4701857282503,992.1032880961486,983.6428553515865
548,519.5679374389051,972.8255337704957,985.8694361008597
549,519.6656891495601,979.5270344360248,979.5270344360248
550,519.763440860215,986.4975693600688,972.8255337704957
551,519.86119257087,951.1408604814795,967.9605490119026
552,519.958944281525,967.4699589227668,967.4699589227668
553,520.0566959921798,967.9605490119026,967.4699589227668
554,520.1544477028348,960.8382259975851,967.9605490119026
555,520.2521994134897,1005.7561935986882,975.7645765226655
556,520.3499511241447,975.7645765226655,975.7645765226655
557,520.4477028347997,988.5278562596296,977.2796080222158
558,520.5454545454545,975.7277782927537,975.7645765226655
559,520.6432062561095,977.2796080222158,977.2796080222158
560,520.7409579667644,961.2830522476688,975.7277782927537
561,520.8387096774194,986.4595098884109,961.2830522476688
562,520.9364613880743,957.7940999041828,961.2830522476688
563,521.0342130987292,943.4947935289075,957.7940999041828
564,521.1319648093842,988.8773399824316,952.283147156945
565,521.2297165200391,952.283147156945,952.283147156945
566,521.3274682306941,943.7346883398517,952.283147156945
567,521.4252199413489,969.5131318282295,943.7346883398517
568,521.5229716520039,926.1873398998206,943.7346883398517
569,521.6207233626589,938.4295042388087,948.8708553576465
570,521.7184750733138,948.8708553576465,940.4103081575255
571,521.8162267839687,963.484218712102,940.4103081575255
572,521.9139784946236,940.4103081575255,940.4103081575255
573,522.0117302052786,925.9743972939068,936.5909265544495
574,522.1094819159335,936.5909265544495,927.4696400620439
575,522.2072336265885,916.293537693145,927.4696400620439
576,522.3049853372434,927.4696400620439,927.4696400620439
577,522.4027370478983,953.3073215283499,927.4696400620439
578,522.5004887585533,913.3169995173157,927.4696400620439
579,522.5982404692082,928.4145998001039,928.2603712584258
580,522.6959921798632,920.9432153653837,923.4641414575844
581,522.793743890518,928.2603712584258,926.0419554060794
582,522.891495601173,923.4641414575844,926.0419554060794
583,522.989247311828,926.0419554060794,927.9842404162318
584,523.0869990224829,939.244467638794,926.0419554060794
585,523.1847507331378,927.9842404162318,927.2831650926523
586,523.2825024437927,893.5582991429854,927.9153274600696
587,523.3802541544477,927.2831650926523,927.4815921932477
588,523.4780058651027,927.9153274600696,927.2831650926523
589,523.5757575757576,927.4815921932477,927.2831650926523
590,523.6735092864125,926.1482276338155,926.1482276338155
591,523.7712609970674,915.3250558752877,915.3250558752877
592,523.8690127077224,894.0337916784254,915.3250558752877
593,523.9667644183774,911.6500391203424,911.6500391203424
594,524.0645161290322,925.4097489952127,902.0744323067672
595,524.1622678396872,902.0744323067672,902.0744323067672
596,524.2600195503421,887.0997106489104,898.9469719283572
597,524.3577712609971,898.9469719283572,890.7901595069842
598,524.455522971652,890.7901595069842,887.0997106489104
599,524.5532746823069,871.5642814938534,876.6587228866115
600,524.6510263929619,875.0280128701618,876.6587228866115
601,524.7487781036168,876.6587228866115,876.6587228866115
602,524.8465298142718,878.0347633498635,878.0347633498635
603,524.9442815249267,881.9530345413518,878.0347633498635
604,525.0420332355816,893.5678285599523,880.6100558196039
605,525.1397849462365,874.0246047960377,881.9530345413518
606,525.2375366568915,880.6100558196039,886.5365696174681
607,525.3352883675465,890.8570754612263,880.6100558196039
608,525.4330400782013,886.5365696174681,886.5365696174681
609,525.5307917888563,862.4372347426616,886.5365696174681
610,525.6285434995112,887.5681122552503,862.4372347426616
611,525.7262952101662,862.120713663051,862.4372347426616
612,525.8240469208212,860.2994588629882,862.120713663051
613,525.921798631476,864.8520115761019,862.120713663051
614,526.019550342131,857.6949960026743,860.2994588629882
615,526.1173020527859,876.2967338985677,857.6949960026743
616,526.2150537634409,837.1327485530461,851.2596401732511
617,526.3128054740957,851.2596401732511,848.6809337986216
618,526.4105571847507,848.6809337986216,840.486726011653
619,526.5083088954057,837.994495374887,840.486726011653
620,526.6060606060606,840.486726011653,837.994495374887
621,526.7038123167156,835.606296187284,837.994495374887
622,526.8015640273704,830.5923039072279,835.606296187284
623,526.8993157380254,846.9780194821903,830.5923039072279
624,526.9970674486804,827.1984004800792,830.5923039072279
625,527.0948191593353,814.5532124815272,827.1984004800792
626,527.1925708699903,842.928264189178,826.1762924590594
627,527.2903225806451,790.3985208508371,814.5842475155766
628,527.3880742913001,826.1762924590594,814.5842475155766
629,527.485826001955,814.5842475155766,814.5842475155766
630,527.58357771261,812.7780183188717,814.5842475155766
631,527.6813294232649,818.9301599797332,814.5842475155766
632,527.7790811339198,800.7906365992898,812.7780183188717
633,527.8768328445748,818.2668640093011,811.4012911630268
634,527.9745845552297,811.4012911630268,803.4613975136033
635,528.0723362658847,803.4613975136033,803.4613975136033
636,528.1700879765395,780.17869210422,780.17869210422
637,528.2678396871945,780.0139287417377,780.17869210422
638,528.3655913978495,771.5866697880334,780.0139287417377
639,528.4633431085044,796.6835201471752,771.5866697880334
640,528.5610948191593,764.5903559431458,767.3460515466355
641,528.6588465298142,767.3460515466355,764.5903559431458
642,528.7565982404692,761.3921600239305,764.5903559431458
643,528.8543499511242,762.7929724119396,764.7414339648875
644,528.9521016617791,775.5172191069812,764.6322027220447
645,529.049853372434,764.7414339648875,764.7414339648875
646,529.1476050830889,764.6322027220447,768.3756343382403
647,529.2453567937439,768.3756343382403,764.7414339648875
648,529.3431085043989,777.209961370137,764.6322027220447
649,529.4408602150538,762.0964620717649,762.0964620717649
650,529.5386119257087,747.1100010831307,755.1402773236122
651,529.6363636363636,739.4720610805653,748.5234288944446
652,529.7341153470186,755.1402773236122,748.5234288944446
653,529.8318670576735,748.5234288944446,748.5234288944446
654,529.9296187683284,763.2229782734762,748.5234288944446
655,530.0273704789834,731.4521458529783,748.2077227939483
656,530.1251221896383,748.2077227939483,731.4521458529783
657,530.2228739002933,727.7104875056621,727.7104875056621
658,530.3206256109481,724.4305258771093,727.7104875056621
659,530.4183773216031,709.2610097629148,724.4305258771093
660,530.516129032258,736.6667310247882,724.4305258771093
661,530.613880742913,701.4666459607697,713.1712742967658
662,530.711632453568,735.4697562253515,714.8936861688693
663,530.8093841642228,713.1712742967658,713.1712742967658
664,530.9071358748778,714.8936861688693,713.1712742967658
665,531.0048875855327,706.1930497176413,706.1930497176413
666,531.1026392961877,701.8121510706642,701.8121510706642
667,531.2003910068427,695.9454891783935,695.9454891783935
668,531.2981427174975,691.8091709833307,691.8091709833307
669,531.3958944281525,690.983116299523,690.983116299523
670,531.4936461388074,676.4702180262235,687.2878984885265
671,531.5913978494624,687.2878984885265,678.3964610049507
672,531.6891495601174,676.1887997097734,678.3964610049507
673,531.7869012707722,678.3964610049507,681.349446617503
674,531.8846529814272,681.349446617503,680.0919378743881
675,531.9824046920821,702.0379322940571,681.349446617503
676,532.0801564027371,680.0919378743881,681.349446617503
677,532.1779081133919,683.6183693414524,680.0919378743881
678,532.2756598240469,644.5320335044728,659.4109766121032
679,532.3734115347019,654.2634510207939,654.2634510207939
680,532.4711632453568,659.4109766121032,654.2634510207939
681,532.5689149560117,652.0721190881854,654.2634510207939
682,532.6666666666666,666.1078487583682,656.7140619923691
683,532.7644183773216,611.58074441447,652.0721190881854
684,532.8621700879766,656.7140619923691,656.7140619923691
685,532.9599217986315,628.4341087548341,628.4341087548341
686,533.0576735092864,662.4992391582146,628.4341087548341
687,533.1554252199413,596.2596313837527,628.4341087548341
688,533.2531769305963,624.0099252319334,625.9763013930894
689,533.3509286412512,640.62090433663,625.9763013930894
690,533.4486803519062,625.9763013930894,625.9763013930894
691,533.546432062561,633.9866587674039,625.9763013930894
692,533.644183773216,610.3362097381386,612.1493663371843
693,533.741935483871,612.1493663371843,612.1493663371843
694,533.8396871945259,593.0478970361962,610.3362097381386
695,533.9374389051809,632.8521385233691,601.852392549203
696,534.0351906158357,601.852392549203,593.0478970361962
697,534.1329423264907,589.5325829223801,601.852392549203
698,534.2306940371457,589.2819840106293,601.852392549203
699,534.3284457478006,609.342251408637,593.2648404288074
700,534.4261974584555,617.0970126384108,593.2648404288074
701,534.5239491691104,593.2648404288074,596.7946106168916
702,534.6217008797654,568.7220720832838,593.2648404288074
703,534.7194525904204,596.7946106168916,593.2648404288074
704,534.8172043010752,584.3184650619996,586.021300150701
705,534.9149560117302,597.5936542195709,586.021300150701
706,535.0127077223851,586.021300150701,584.3184650619996
707,535.1104594330401,578.2823626813176,578.2823626813176
708,535.208211143695,569.8126572529715,572.4230098601124
709,535.3059628543499,572.4230098601124,569.8126572529715
710,535.4037145650049,566.8241953735743,566.8241953735743
711,535.5014662756598,546.3732695071632,565.2075513913628
712,535.5992179863148,565.2075513913628,546.3732695071632
713,535.6969696969697,510.52714928354635,534.7993637469037
714,535.7947214076246,534.7993637469037,534.7993637469037
715,535.8924731182796,521.9315196032819,534.7993637469037
716,535.9902248289345,535.2340074498964,535.2340074498964
717,536.0879765395895,571.4961051584404,535.2340074498964
718,536.1857282502444,550.6794671338838,535.2340074498964
719,536.2834799608993,532.0680269057418,532.0680269057418
720,536.3812316715542,505.96755976675485,518.1950993367043
721,536.4789833822092,518.1950993367043,518.1950993367043
722,536.5767350928642,513.9480073514108,518.1950993367043
723,536.674486803519,543.7053368749421,518.1950993367043
724,536.772238514174,520.190989220977,513.9480073514108
725,536.8699902248289,502.6357051195777,507.7195159234719
726,536.9677419354839,504.8820691463678,507.7195159234719
727,537.0654936461387,507.7195159234719,504.8820691463678
728,537.1632453567937,508.64498104594304,507.7195159234719
729,537.2609970674487,500.8564307023288,507.7195159234719
730,537.3587487781036,519.2447239546393,500.8564307023288
731,537.4565004887586,492.84877842087525,492.84877842087525
732,537.5542521994134,492.5070141073492,492.5070141073492
733,537.6520039100684,488.69463744746724,488.69463744746724
734,537.7497556207234,477.6179321893451,481.614285166588
735,537.8475073313783,466.9054873202185,481.614285166588
736,537.9452590420333,481.614285166588,477.6179321893451
737,538.0430107526881,493.19352769751185,466.9054873202185
738,538.1407624633431,462.1236673342451,463.79105160078774
739,538.238514173998,456.4148841328938,463.79105160078774
740,538.336265884653,463.79105160078774,463.2875153387749
741,538.434017595308,465.93199292548104,463.79105160078774
742,538.5317693059628,463.2875153387749,463.79105160078774
743,538.6295210166178,472.337677255947,463.2875153387749
744,538.7272727272727,436.6494061100812,436.6494061100812
745,538.8250244379277,427.93338251434875,427.93338251434875
746,538.9227761485826,426.4905511763596,426.4905511763596
747,539.0205278592375,406.5777637717269,426.4905511763596
748,539.1182795698925,411.50666225670517,426.4905511763596
749,539.2160312805474,448.0047893611329,414.2347232059071
750,539.3137829912023,461.69844459354897,426.4067050575293
751,539.4115347018572,414.2347232059071,430.56801836809336
752,539.5092864125122,426.4067050575293,426.4067050575293
753,539.6070381231672,430.56801836809336,426.4067050575293
754,539.7047898338221,424.0598582591831,430.56801836809336
755,539.802541544477,434.6950293902539,430.56801836809336
756,539.9002932551319,436.17396255101573,429.6125392051485
757,539.9980449657869,429.6125392051485,429.6125392051485
758,540.0957966764419,409.25888014557637,416.78220860930804
759,540.1935483870968,392.02655680405945,410.4264688991249
760,540.2913000977517,416.78220860930804,409.25888014557637
761,540.3890518084066,410.4264688991249,405.4703805572701
762,540.4868035190616,405.4703805572701,405.4703805572701
763,540.5845552297166,350.7325461963007,398.65012589119283
764,540.6823069403714,398.65012589119283,398.65012589119283
765,540.7800586510264,395.1449181702463,395.1449181702463
766,540.8778103616813,414.99145248794105,395.2826744270191
767,540.9755620723363,390.2245065236175,395.1449181702463
768,541.0733137829911,395.2826744270191,390.2245065236175
769,541.1710654936461,380.0500477156151,380.0500477156151
770,541.2688172043011,364.18579533031067,380.0500477156151
771,541.366568914956,361.5216104107749,374.5578990313453
772,541.464320625611,382.04177934647544,373.033205415657
773,541.5620723362658,374.5578990313453,374.5578990313453
774,541.6598240469208,373.033205415657,374.5578990313453
775,541.7575757575758,378.4153419818122,373.033205415657
776,541.8553274682307,370.8007587547263,370.8007587547263
777,541.9530791788857,348.0489344698697,348.0489344698697
778,542.0508308895405,338.13475391468955,348.0489344698697
779,542.1485826001955,331.3087823020992,338.13475391468955
780,542.2463343108504,365.7784407464629,338.13475391468955
781,542.3440860215054,336.5377067842836,358.0511495049425
782,542.4418377321604,358.0511495049425,358.0511495049425
783,542.5395894428152,363.32914917956447,336.5377067842836
784,542.6373411534702,331.725129903461,331.725129903461
785,542.7350928641251,325.30733450497087,325.30733450497087
786,542.8328445747801,322.6229588684092,325.30733450497087
787,542.930596285435,320.6697049343948,325.30733450497087
788,543.0283479960899,336.40924584477597,322.6229588684092
789,543.1260997067449,327.35033862615506,320.6697049343948
790,543.2238514173998,311.7828133144582,314.8230378500882
791,543.3216031280547,296.5562165608263,312.6031601231515
792,543.4193548387096,314.8230378500882,311.7828133144582
793,543.5171065493646,312.6031601231515,298.80159990948687
794,543.6148582600196,298.80159990948687,298.80159990948687
795,543.7126099706745,290.4133781589752,297.432259142828
796,543.8103616813294,290.6262410125804,290.6262410125804
797,543.9081133919843,297.432259142828,290.4133781589752
798,544.0058651026393,265.2564296833401,290.6262410125804
799,544.1036168132943,285.97298016418057,285.97298016418057
800,544.2013685239492,298.6979688522583,285.97298016418057
801,544.2991202346041,274.09593753073494,297.26340489608015
802,544.396871945259,304.02907468942846,297.26340489608015
803,544.494623655914,297.26340489608015,283.82321515983483
804,544.592375366569,279.58240850290406,283.82321515983483
805,544.6901270772239,283.82321515983483,279.58240850290406
806,544.7878787878788,266.5466894419414,272.9071810648577
807,544.8856304985337,272.9071810648577,269.33252966284886
808,544.9833822091887,269.33252966284886,269.33252966284886
809,545.0811339198436,235.33796135427716,269.5978064151981
810,545.1788856304985,269.5978064151981,269.33252966284886
811,545.2766373411534,282.6036202111132,269.5978064151981
812,545.3743890518084,264.80344233345045,272.0687259788424
813,545.4721407624634,272.0687259788424,272.0687259788424
814,545.5698924731182,280.28972857113365,269.09565271443745
815,545.6676441837732,260.3935395008433,269.09565271443745
816,545.7653958944281,269.09565271443745,268.56948994839706
817,545.8631476050831,259.0405231854713,260.3935395008433
818,545.9608993157381,268.56948994839706,259.0405231854713
819,546.0586510263929,255.76121464753476,255.76121464753476
820,546.1564027370479,251.51421572084726,251.51421572084726
821,546.2541544477028,241.95341273781952,241.95341273781952
822,546.3519061583578,230.00488757721862,239.06571933341002
823,546.4496578690128,239.06571933341002,238.71665301784643
824,546.5474095796676,222.96820888749022,230.00488757721862
825,546.6451612903226,238.71665301784643,238.71665301784643
826,546.7429130009775,229.35315297428616,236.7413717023489
827,546.8406647116325,250.37053475893367,236.7413717023489
828,546.9384164222874,236.7413717023489,229.35315297428616
829,547.0361681329423,214.21477072065173,233.5759260063591
830,547.1339198435973,213.47276643979674,226.65493092442722
831,547.2316715542522,233.5759260063591,214.21477072065173
832,547.3294232649072,226.65493092442722,221.2209594611061
833,547.427174975562,198.30612891273418,221.2209594611061
834,547.524926686217,221.2209594611061,216.5840954615225
835,547.622678396872,216.5840954615225,203.8527859777797
836,547.7204301075269,195.00286982349405,203.8527859777797
837,547.8181818181818,203.8527859777797,203.8527859777797
838,547.9159335288367,184.2977421640693,203.8527859777797
839,548.0136852394917,222.7926154024486,214.27578103429266
840,548.1114369501466,227.21961980664352,214.27578103429266
841,548.2091886608016,214.27578103429266,214.27578103429266
842,548.3069403714564,201.57936255452898,201.57936255452898
843,548.4046920821114,160.35319712010113,201.57936255452898
844,548.5024437927664,193.6553037327744,193.6553037327744
845,548.6001955034213,212.71093111435312,189.58858471249223
846,548.6979472140763,189.58858471249223,193.6553037327744
847,548.7956989247311,180.46526155567045,189.58858471249223
848,548.8934506353861,201.22886091888515,189.50677217908486
849,548.9912023460411,186.4833679677989,189.50677217908486
850,549.088954056696,189.50677217908486,189.50677217908486
851,549.186705767351,190.00046275667566,189.50677217908486
852,549.2844574780058,161.42901011781439,190.00046275667566
853,549.3822091886608,198.60293311163753,190.00046275667566
854,549.4799608993158,214.66459773629984,183.0128549003023
855,549.5777126099707,183.0128549003023,183.0128549003023
856,549.6754643206256,166.94064797173215,179.6345420095782
857,549.7732160312805,179.46899508770187,179.46899508770187
858,549.8709677419355,179.6345420095782,179.46899508770187
859,549.9687194525904,159.0238852956037,179.46899508770187
860,550.0664711632453,184.83155024442647,159.0238852956037
861,550.1642228739003,150.52027244818814,159.0238852956037
862,550.2619745845552,149.4803149830891,150.52027244818814
863,550.3597262952102,162.00434008468068,150.52027244818814
864,550.4574780058651,149.35611458402417,149.4803149830891
865,550.55522971652,157.3091843911131,157.3091843911131
866,550.652981427175,141.46572264606516,157.3091843911131
867,550.7507331378299,173.55222397030155,164.10525998942566
868,550.8484848484849,164.10525998942566,164.10525998942566
869,550.9462365591398,166.53782682531536,164.10525998942566
870,551.0439882697947,151.02806624032618,161.44585974963053
871,551.1417399804496,161.44585974963053,151.54736028558494
872,551.2394916911046,126.96638909982747,151.02806624032618
873,551.3372434017596,151.54736028558494,145.3452197828377
874,551.4349951124145,145.3452197828377,140.77488401509513
875,551.5327468230694,140.77488401509513,140.77488401509513
876,551.6304985337243,140.55653057757354,140.55653057757354
877,551.7282502443793,129.55390086382602,140.55653057757354
878,551.8260019550343,130.1831940609376,130.1831940609376
879,551.9237536656891,140.64239401490872,129.55390086382602
880,552.0215053763441,128.09858153503936,130.1831940609376
881,552.119257086999,100.91762823266419,128.09858153503936
882,552.217008797654,140.71524267220317,128.09858153503936
883,552.3147605083088,91.84290728471281,134.6588167942419
884,552.4125122189638,134.6588167942419,134.6588167942419
885,552.5102639296188,142.2930297770191,128.30046227183956
886,552.6080156402737,128.30046227183956,134.6588167942419
887,552.7057673509287,110.84048760544844,128.50467639329872
888,552.8035190615835,142.66052791641835,128.30046227183956
889,552.9012707722385,128.50467639329872,128.50467639329872
890,552.9990224828935,128.15468515469806,128.50467639329872
891,553.0967741935484,137.62164422549245,128.15468515469806
892,553.1945259042034,121.10764811409007,121.25978143422668
893,553.2922776148582,121.25978143422668,121.10764811409007
894,553.3900293255132,116.78117585794693,116.78117585794693
895,553.4877810361681,115.90260994444947,115.90260994444947
896,553.5855327468231,89.84573950279236,112.84849515628734
897,553.6832844574781,105.88459607730135,105.88459607730135
898,553.7810361681329,112.84849515628734,102.01306188052669
899,553.8787878787879,101.50519345837071,104.98563034443835
900,553.9765395894428,102.01306188052669,103.84282408985236
901,554.0742913000978,104.98563034443835,102.01306188052669
902,554.1720430107526,103.84282408985236,103.84282408985236
903,554.2697947214076,101.87826237377129,104.98563034443835
904,554.3675464320626,107.32946046247133,103.84282408985236
905,554.4652981427175,113.10156842685771,101.87826237377129
906,554.5630498533724,96.19010483311655,107.32946046247133
907,554.6608015640273,87.98275209001139,110.25272984156129
908,554.7585532746823,110.25272984156129,96.19010483311655
909,554.8563049853373,114.20208912847602,87.98275209001139
910,554.9540566959922,87.33680684223896,92.08356131892839
911,555.0518084066471,84.8200809773481,87.33680684223896
912,555.149560117302,92.08356131892839,87.33680684223896
913,555.247311827957,67.77066135256872,84.8200809773481
914,555.345063538612,104.19662046356848,82.89110001549355
915,555.4428152492669,79.70720614492969,81.2995467331009
916,555.5405669599218,82.89110001549355,82.89110001549355
917,555.6383186705767,81.2995467331009,81.2995467331009
918,555.7360703812317,88.23175846400397,81.2995467331009
919,555.8338220918866,79.67208183183902,81.2865384812877
920,555.9315738025415,57.359009335642966,81.2865384812877
921,556.0293255131965,81.2865384812877,81.2865384812877
922,556.1270772238514,99.51713300908978,84.60805828040694
923,556.2248289345064,102.63938120850395,84.60805828040694
924,556.3225806451612,84.60805828040694,84.60805828040694
925,556.4203323558162,55.482412685904904,81.15331916489698
926,556.5180840664711,81.15331916489698,81.15331916489698
927,556.6158357771261,51.28341011123367,81.15331916489698
928,556.7135874877811,91.25522575519383,81.9241339972084
929,556.8113391984359,81.9241339972084,81.9241339972084
930,556.9090909090909,83.86358846805413,81.9241339972084
931,557.0068426197458,71.3497230268008,72.08566993929524
932,557.1045943304008,72.08566993929524,71.3497230268008
933,557.2023460410558,69.18828618642168,70.91943775078559
934,557.3000977517106,70.91943775078559,69.33962766942052
935,557.3978494623656,67.27393634250322,69.33962766942052
936,557.4956011730205,69.33962766942052,69.33962766942052
937,557.5933528836755,77.04669692671564,67.27393634250322
938,557.6911045943305,58.99108027182584,69.19402695822927
939,557.7888563049853,55.836464450567085,60.80855104771883
940,557.8866080156403,69.19402695822927,60.80855104771883
941,557.9843597262952,60.80855104771883,60.8263660888112
942,558.0821114369502,100.23986013503958,69.19402695822927
943,558.179863147605,60.8263660888112,74.49337360415402
944,558.27761485826,85.78400546133336,74.49337360415402
945,558.375366568915,74.49337360415402,74.49337360415402
946,558.4731182795699,63.03305429152206,74.49337360415402
947,558.5708699902248,78.93830419096868,63.03305429152206
948,558.6686217008797,47.1061375471354,47.1061375471354
949,558.7663734115347,43.78539834784131,47.1061375471354
950,558.8641251221896,46.04926020804246,47.1061375471354
951,558.9618768328446,75.74264685151248,49.8460429952666
952,559.0596285434995,71.3160993382641,53.57985118524109
953,559.1573802541544,49.8460429952666,53.57985118524109
954,559.2551319648094,53.57985118524109,52.34077029690851
955,559.3528836754643,52.34077029690851,52.34077029690851
956,559.4506353861193,29.77014363250729,52.34077029690851
957,559.5483870967741,54.41095062752806,52.34077029690851
958,559.6461388074291,47.94658205205875,54.41095062752806
959,559.7438905180841,71.76771532047641,54.41095062752806
960,559.841642228739,82.39627862304339,64.15815078169771
961,559.939393939394,43.94521213370332,64.15815078169771
962,560.0371456500488,64.15815078169771,43.94521213370332
963,560.1348973607038,41.535687178429804,43.94521213370332
964,560.2326490713588,35.667083234920625,41.535687178429804
965,560.3304007820137,62.293902181321364,41.535687178429804
966,560.4281524926686,22.054352062528892,62.293902181321364
967,560.5259042033235,72.48019038972879,62.293902181321364
968,560.6236559139785,76.00816560146626,34.74205898442568
969,560.7214076246335,34.03796041274517,42.64958861088272
970,560.8191593352883,34.74205898442568,42.64958861088272
971,560.9169110459433,42.64958861088272,34.74205898442568
972,561.0146627565982,48.65393127683247,42.64958861088272
973,561.1124144672532,21.138708072663444,42.64958861088272
974,561.2101661779081,52.560660356908976,43.61405241816943
975,561.307917888563,34.1273183923791,43.61405241816943
976,561.405669599218,43.61405241816943,43.61405241816943
977,561.5034213098729,55.082111222870026,43.61405241816943
978,561.6011730205279,34.14442649617909,43.61405241816943
979,561.6989247311828,68.59764810243117,50.13460956331669
980,561.7966764418377,23.704491594704237,34.14442649617909
981,561.8944281524927,50.13460956331669,50.13460956331669
982,561.9921798631476,31.19705908134372,41.41344449724732
983,562.0899315738026,63.72481621125195,43.06905305602952
984,562.1876832844575,41.41344449724732,43.06905305602952
985,562.2854349951124,43.06905305602952,43.06905305602952
986,562.3831867057673,57.26328313919633,41.41344449724732
987,562.4809384164223,35.33162619613251,35.33162619613251
988,562.5786901270773,23.8420344173747,35.33162619613251
989,562.6764418377321,34.59792307960003,35.33162619613251
990,562.7741935483871,42.70906078216647,42.70906078216647
991,562.871945259042,45.27417632568959,42.70906078216647
992,562.969696969697,47.143672605608174,42.70906078216647
993,563.0674486803518,10.049610348344572,38.866928260898646
994,563.1652003910068,38.866928260898646,28.744732982294025
995,563.2629521016618,9.659966158207517,28.744732982294025
996,563.3607038123167,28.744732982294025,31.076659939810636
997,563.4584555229717,35.198423844346216,28.744732982294025
998,563.5562072336265,31.076659939810636,31.076659939810636
999,563.6539589442815,11.725080598253736,31.076659939810636
1000,563.7517106549365,51.384030257672805,31.076659939810636
1001,563.8494623655914,26.57806827517707,34.82813117555338
1002,563.9472140762464,34.82813117555338,34.82813117555338
1003,564.0449657869012,46.65632996623415,26.57806827517707
1004,564.1427174975562,24.360166725264996,34.82813117555338
1005,564.2404692082112,21.167726713282057,24.360166725264996
1006,564.3382209188661,44.10651143937402,21.167726713282057
1007,564.4359726295211,9.305745403933606,21.167726713282057
1008,564.5337243401759,17.621993389716323,17.621993389716323
1009,564.6314760508309,43.62363984745351,17.621993389716323
1010,564.7292277614858,8.048568986891045,21.20215263246714
1011,564.8269794721408,21.20215263246714,32.18267332191649
1012,564.9247311827957,32.321080003545305,21.20215263246714
1013,565.0224828934506,32.18267332191649,21.20215263246714
1014,565.1202346041056,11.448961070277202,26.316616799224313
1015,565.2179863147605,10.154090868942157,26.316616799224313
1016,565.3157380254154,26.316616799224313,26.316616799224313
1017,565.4134897360703,42.855833468278206,29.557056796854454
1018,565.5112414467253,29.557056796854454,40.475226779814705
1019,565.6089931573803,44.99469765720331,40.475226779814705
1020,565.7067448680352,40.475226779814705,29.557056796854454
1021,565.8044965786901,26.03863873389362,26.03863873389362
1022,565.902248289345,-3.5177458993909987,19.087187389715343
1023,566.0,19.087187389715343,19.087187389715343
