timestamp,frame_index,step,phase,raw_angle,final_angle,angle_deg,baseline_angle,last_confirmed_angle_before,raw_delta_to_last,delta_from_baseline,final_delta_to_baseline,angle_source,edge_length_px,endpoints,trigger_type,controller_action,raw_image_path,overlay_image_path,reason
2026-07-17 22:15:31.296,1,0,starting,-35.95114709184588,-35.95114709184588,-35.95114709184588,-35.802916700309794,-35.802916700309794,0.14823039153608875,0.14823039153608875,0.14823039153608875,yolo_obb_long_edge,280.392257954067,"[[664.0562744140625, 226.5839080810547], [437.07373046875, 391.20086669921875]]",,none,measurement_output\save\07.17\20260717_221443\ab_angle_realtime_yolo_obb\20260717_221531_266_step7_realtime_frame_000001_raw.png,measurement_output\save\07.17\20260717_221443\ab_angle_realtime_yolo_obb\20260717_221531_266_step7_realtime_frame_000001_YOLO_OBB_overlay.png,ok
2026-07-17 22:15:32.256,2,1,pause,-35.95072350030254,-35.95072350030254,-35.95072350030254,-35.802916700309794,-35.95114709184588,0.00042359154334548066,0.14780679999274327,0.14780679999274327,yolo_obb_long_edge,280.38822879253803,"[[472.9040222167969, 440.60406494140625], [699.884521484375, 275.99114990234375]]",,action_id=1,measurement_output\save\07.17\20260717_221443\ab_angle_realtime_yolo_obb\20260717_221532_238_step7_realtime_frame_000002_raw.png,measurement_output\save\07.17\20260717_221443\ab_angle_realtime_yolo_obb\20260717_221532_238_step7_realtime_frame_000002_YOLO_OBB_overlay.png,ok
2026-07-17 22:15:32.819,3,1,pause,-35.95072350030254,-35.95072350030254,-35.95072350030254,-35.802916700309794,-35.95072350030254,0.0,0.14780679999274327,0.14780679999274327,yolo_obb_long_edge,280.38822879253803,"[[472.9040222167969, 440.60406494140625], [699.884521484375, 275.99114990234375]]",,action_id=1,measurement_output\save\07.17\20260717_221443\ab_angle_realtime_yolo_obb\20260717_221532_801_step7_realtime_frame_000003_raw.png,measurement_output\save\07.17\20260717_221443\ab_angle_realtime_yolo_obb\20260717_221532_801_step7_realtime_frame_000003_YOLO_OBB_overlay.png,ok
2026-07-17 22:15:33.369,4,1,pause,-35.95071597199324,-35.95071597199324,-35.95071597199324,-35.802916700309794,-35.95072350030254,7.528309296844782e-06,0.14779927168344642,0.14779927168344642,yolo_obb_long_edge,280.3908786503159,"[[472.8961181640625, 440.5950012207031], [699.8787841796875, 275.9805603027344]]",,action_id=1,measurement_output\save\07.17\20260717_221443\ab_angle_realtime_yolo_obb\20260717_221533_351_step7_realtime_frame_000004_raw.png,measurement_output\save\07.17\20260717_221443\ab_angle_realtime_yolo_obb\20260717_221533_351_step7_realtime_frame_000004_YOLO_OBB_overlay.png,ok
2026-07-17 22:15:33.921,5,1,pause,-35.95071597199324,-35.95071597199324,-35.95071597199324,-35.802916700309794,-35.95071597199324,0.0,0.14779927168344642,0.14779927168344642,yolo_obb_long_edge,280.3908786503159,"[[472.8961181640625, 440.5950012207031], [699.8787841796875, 275.9805603027344]]",,action_id=1,measurement_output\save\07.17\20260717_221443\ab_angle_realtime_yolo_obb\20260717_221533_903_step7_realtime_frame_000005_raw.png,measurement_output\save\07.17\20260717_221443\ab_angle_realtime_yolo_obb\20260717_221533_903_step7_realtime_frame_000005_YOLO_OBB_overlay.png,ok
2026-07-17 22:15:34.471,6,1,pause,-35.95161231050467,-35.95161231050467,-35.95161231050467,-35.802916700309794,-35.95071597199324,0.0008963385114313382,0.14869561019487776,0.14869561019487776,yolo_obb_long_edge,280.38919677278454,"[[472.8978576660156, 440.59552001953125], [699.8765869140625, 275.978515625]]",,action_id=1,measurement_output\save\07.17\20260717_221443\ab_angle_realtime_yolo_obb\20260717_221534_454_step7_realtime_frame_000006_raw.png,measurement_output\save\07.17\20260717_221443\ab_angle_realtime_yolo_obb\20260717_221534_454_step7_realtime_frame_000006_YOLO_OBB_overlay.png,ok
2026-07-17 22:15:35.054,7,1,pause,-35.9505520635981,-35.9505520635981,-35.9505520635981,-35.802916700309794,-35.95161231050467,0.001060246906568807,0.14763536328830895,0.14763536328830895,yolo_obb_long_edge,280.3850191829022,"[[472.900634765625, 440.59869384765625], [699.8790283203125, 275.98834228515625]]",,action_id=1,measurement_output\save\07.17\20260717_221443\ab_angle_realtime_yolo_obb\20260717_221535_033_step7_realtime_frame_000007_raw.png,measurement_output\save\07.17\20260717_221443\ab_angle_realtime_yolo_obb\20260717_221535_033_step7_realtime_frame_000007_YOLO_OBB_overlay.png,ok
2026-07-17 22:15:35.603,8,1,pause,-35.9505520635981,-35.9505520635981,-35.9505520635981,-35.802916700309794,-35.9505520635981,0.0,0.14763536328830895,0.14763536328830895,yolo_obb_long_edge,280.3850191829022,"[[472.900634765625, 440.59869384765625], [699.8790283203125, 275.98834228515625]]",,action_id=1,measurement_output\save\07.17\20260717_221443\ab_angle_realtime_yolo_obb\20260717_221535_585_step7_realtime_frame_000008_raw.png,measurement_output\save\07.17\20260717_221443\ab_angle_realtime_yolo_obb\20260717_221535_585_step7_realtime_frame_000008_YOLO_OBB_overlay.png,ok
2026-07-17 22:15:36.177,9,1,pause,-35.95048786991663,-35.95048786991663,-35.95048786991663,-35.802916700309794,-35.9505520635981,6.419368147447813e-05,0.14757116960683447,0.14757116960683447,yolo_obb_long_edge,280.3916901213621,"[[472.8995666503906, 440.5992126464844], [699.883544921875, 275.9851989746094]]",,action_id=1,measurement_output\save\07.17\20260717_221443\ab_angle_realtime_yolo_obb\20260717_221536_153_step7_realtime_frame_000009_raw.png,measurement_output\save\07.17\20260717_221443\ab_angle_realtime_yolo_obb\20260717_221536_153_step7_realtime_frame_000009_YOLO_OBB_overlay.png,ok
2026-07-17 22:15:36.218,,1,pause,,,,-35.802916700309794,,,,,controller,,,,action_id=1,,measurement_output\save\07.17\20260717_221443\step7_a_route_overlays\step7_a_route_step_0001_cur_0016_target_0017.png,controller_step_ok
2026-07-17 22:15:37.304,10,2,pause,-35.95099467055257,-35.95099467055257,-35.95099467055257,-35.802916700309794,-35.95048786991663,0.0005068006359394417,0.14807797024277392,0.14807797024277392,yolo_obb_long_edge,280.3906614337644,"[[472.90087890625, 440.60089111328125], [699.882568359375, 275.9854736328125]]",,action_id=1,measurement_output\save\07.17\20260717_221443\ab_angle_realtime_yolo_obb\20260717_221537_286_step7_realtime_frame_000010_raw.png,measurement_output\save\07.17\20260717_221443\ab_angle_realtime_yolo_obb\20260717_221537_286_step7_realtime_frame_000010_YOLO_OBB_overlay.png,ok
2026-07-17 22:15:37.853,11,2,pause,-35.95099467055257,-35.95099467055257,-35.95099467055257,-35.802916700309794,-35.95099467055257,0.0,0.14807797024277392,0.14807797024277392,yolo_obb_long_edge,280.3906614337644,"[[472.90087890625, 440.60089111328125], [699.882568359375, 275.9854736328125]]",,action_id=1,measurement_output\save\07.17\20260717_221443\ab_angle_realtime_yolo_obb\20260717_221537_835_step7_realtime_frame_000011_raw.png,measurement_output\save\07.17\20260717_221443\ab_angle_realtime_yolo_obb\20260717_221537_835_step7_realtime_frame_000011_YOLO_OBB_overlay.png,ok
2026-07-17 22:15:38.403,12,2,pause,-35.95157662971124,-35.95157662971124,-35.95157662971124,-35.802916700309794,-35.95099467055257,0.0005819591586728734,0.1486599294014468,0.1486599294014468,yolo_obb_long_edge,280.4403780200203,"[[472.85638427734375, 440.6255187988281], [699.8766479492188, 275.9786071777344]]",,action_id=1,measurement_output\save\07.17\20260717_221443\ab_angle_realtime_yolo_obb\20260717_221538_386_step7_realtime_frame_000012_raw.png,measurement_output\save\07.17\20260717_221443\ab_angle_realtime_yolo_obb\20260717_221538_386_step7_realtime_frame_000012_YOLO_OBB_overlay.png,ok
2026-07-17 22:15:38.952,13,2,pause,-35.95157662971124,-35.95157662971124,-35.95157662971124,-35.802916700309794,-35.95157662971124,0.0,0.1486599294014468,0.1486599294014468,yolo_obb_long_edge,280.4403780200203,"[[472.85638427734375, 440.6255187988281], [699.8766479492188, 275.9786071777344]]",,action_id=1,measurement_output\save\07.17\20260717_221443\ab_angle_realtime_yolo_obb\20260717_221538_933_step7_realtime_frame_000013_raw.png,measurement_output\save\07.17\20260717_221443\ab_angle_realtime_yolo_obb\20260717_221538_933_step7_realtime_frame_000013_YOLO_OBB_overlay.png,ok
2026-07-17 22:15:39.502,14,2,pause,-35.950274729420556,-35.950274729420556,-35.950274729420556,-35.802916700309794,-35.95157662971124,0.0013019002906844435,0.14735802911076235,0.14735802911076235,yolo_obb_long_edge,280.39021741274644,"[[472.89984130859375, 440.59979248046875], [699.8832397460938, 275.98748779296875]]",,action_id=1,measurement_output\save\07.17\20260717_221443\ab_angle_realtime_yolo_obb\20260717_221539_485_step7_realtime_frame_000014_raw.png,measurement_output\save\07.17\20260717_221443\ab_angle_realtime_yolo_obb\20260717_221539_485_step7_realtime_frame_000014_YOLO_OBB_overlay.png,ok
2026-07-17 22:15:40.054,15,2,pause,-35.9508371094425,-35.9508371094425,-35.9508371094425,-35.802916700309794,-35.950274729420556,0.0005623800219467512,0.1479204091327091,0.1479204091327091,yolo_obb_long_edge,280.3878780322786,"[[472.9003601074219, 440.5994567871094], [699.8802490234375, 275.9862976074219]]",,action_id=1,measurement_output\save\07.17\20260717_221443\ab_angle_realtime_yolo_obb\20260717_221540_035_step7_realtime_frame_000015_raw.png,measurement_output\save\07.17\20260717_221443\ab_angle_realtime_yolo_obb\20260717_221540_035_step7_realtime_frame_000015_YOLO_OBB_overlay.png,ok
2026-07-17 22:15:40.620,16,2,pause,-35.9508371094425,-35.9508371094425,-35.9508371094425,-35.802916700309794,-35.9508371094425,0.0,0.1479204091327091,0.1479204091327091,yolo_obb_long_edge,280.3878780322786,"[[472.9003601074219, 440.5994567871094], [699.8802490234375, 275.9862976074219]]",,action_id=1,measurement_output\save\07.17\20260717_221443\ab_angle_realtime_yolo_obb\20260717_221540_601_step7_realtime_frame_000016_raw.png,measurement_output\save\07.17\20260717_221443\ab_angle_realtime_yolo_obb\20260717_221540_601_step7_realtime_frame_000016_YOLO_OBB_overlay.png,ok
2026-07-17 22:15:41.171,17,2,pause,-35.95073780454005,-35.95073780454005,-35.95073780454005,-35.802916700309794,-35.9508371094425,9.930490245579904e-05,0.1478211042302533,0.1478211042302533,yolo_obb_long_edge,280.386884723215,"[[472.90032958984375, 440.5992736816406], [699.8796997070312, 275.9870910644531]]",,action_id=1,measurement_output\save\07.17\20260717_221443\ab_angle_realtime_yolo_obb\20260717_221541_153_step7_realtime_frame_000017_raw.png,measurement_output\save\07.17\20260717_221443\ab_angle_realtime_yolo_obb\20260717_221541_153_step7_realtime_frame_000017_YOLO_OBB_overlay.png,ok
2026-07-17 22:15:41.265,,2,pause,,,,-35.802916700309794,,,,,controller,,,,action_id=1,,measurement_output\save\07.17\20260717_221443\step7_a_route_overlays\step7_a_route_step_0002_cur_0016_target_0017.png,controller_step_ok
2026-07-17 22:15:42.339,18,3,pause,-35.951148228896685,-35.951148228896685,-35.951148228896685,-35.802916700309794,-35.95073780454005,0.0004104243566374066,0.1482315285868907,0.1482315285868907,yolo_obb_long_edge,280.39222429117984,"[[472.9010314941406, 440.6010437011719], [699.883544921875, 275.9841003417969]]",,action_id=1,measurement_output\save\07.17\20260717_221443\ab_angle_realtime_yolo_obb\20260717_221542_322_step7_realtime_frame_000018_raw.png,measurement_output\save\07.17\20260717_221443\ab_angle_realtime_yolo_obb\20260717_221542_322_step7_realtime_frame_000018_YOLO_OBB_overlay.png,ok
2026-07-17 22:15:42.908,19,3,pause,-35.951148228896685,-35.951148228896685,-35.951148228896685,-35.802916700309794,-35.951148228896685,0.0,0.1482315285868907,0.1482315285868907,yolo_obb_long_edge,280.39222429117984,"[[472.9010314941406, 440.6010437011719], [699.883544921875, 275.9841003417969]]",,action_id=1,measurement_output\save\07.17\20260717_221443\ab_angle_realtime_yolo_obb\20260717_221542_889_step7_realtime_frame_000019_raw.png,measurement_output\save\07.17\20260717_221443\ab_angle_realtime_yolo_obb\20260717_221542_889_step7_realtime_frame_000019_YOLO_OBB_overlay.png,ok
2026-07-17 22:15:43.468,20,3,pause,-35.952090828536846,-35.952090828536846,-35.952090828536846,-35.802916700309794,-35.951148228896685,0.0009425996401617454,0.14917412822705245,0.14917412822705245,yolo_obb_long_edge,280.38867090429284,"[[472.906005859375, 440.6054382324219], [699.8829345703125, 275.9868469238281]]",,action_id=1,measurement_output\save\07.17\20260717_221443\ab_angle_realtime_yolo_obb\20260717_221543_450_step7_realtime_frame_000020_raw.png,measurement_output\save\07.17\20260717_221443\ab_angle_realtime_yolo_obb\20260717_221543_450_step7_realtime_frame_000020_YOLO_OBB_overlay.png,ok
2026-07-17 22:15:44.023,21,3,pause,-35.952090828536846,-35.952090828536846,-35.952090828536846,-35.802916700309794,-35.952090828536846,0.0,0.14917412822705245,0.14917412822705245,yolo_obb_long_edge,280.38867090429284,"[[472.906005859375, 440.6054382324219], [699.8829345703125, 275.9868469238281]]",,action_id=1,measurement_output\save\07.17\20260717_221443\ab_angle_realtime_yolo_obb\20260717_221544_005_step7_realtime_frame_000021_raw.png,measurement_output\save\07.17\20260717_221443\ab_angle_realtime_yolo_obb\20260717_221544_005_step7_realtime_frame_000021_YOLO_OBB_overlay.png,ok
2026-07-17 22:15:44.587,22,3,pause,-35.95072670758105,-35.95072670758105,-35.95072670758105,-35.802916700309794,-35.952090828536846,0.0013641209557988532,0.1478100072712536,0.1478100072712536,yolo_obb_long_edge,280.38654375361136,"[[472.90057373046875, 440.5990905761719], [699.8796997070312, 275.9871520996094]]",,action_id=1,measurement_output\save\07.17\20260717_221443\ab_angle_realtime_yolo_obb\20260717_221544_569_step7_realtime_frame_000022_raw.png,measurement_output\save\07.17\20260717_221443\ab_angle_realtime_yolo_obb\20260717_221544_569_step7_realtime_frame_000022_YOLO_OBB_overlay.png,ok
2026-07-17 22:15:45.137,23,3,pause,-35.95210192375281,-35.95210192375281,-35.95210192375281,-35.802916700309794,-35.95072670758105,0.0013752161717590639,0.14918522344301266,0.14918522344301266,yolo_obb_long_edge,280.3890118751893,"[[472.89898681640625, 440.59619140625], [699.8761596679688, 275.97735595703125]]",,action_id=1,measurement_output\save\07.17\20260717_221443\ab_angle_realtime_yolo_obb\20260717_221545_119_step7_realtime_frame_000023_raw.png,measurement_output\save\07.17\20260717_221443\ab_angle_realtime_yolo_obb\20260717_221545_119_step7_realtime_frame_000023_YOLO_OBB_overlay.png,ok
2026-07-17 22:15:45.684,24,3,pause,-35.95210192375281,-35.95210192375281,-35.95210192375281,-35.802916700309794,-35.95210192375281,0.0,0.14918522344301266,0.14918522344301266,yolo_obb_long_edge,280.3890118751893,"[[472.89898681640625, 440.59619140625], [699.8761596679688, 275.97735595703125]]",,action_id=1,measurement_output\save\07.17\20260717_221443\ab_angle_realtime_yolo_obb\20260717_221545_666_step7_realtime_frame_000024_raw.png,measurement_output\save\07.17\20260717_221443\ab_angle_realtime_yolo_obb\20260717_221545_666_step7_realtime_frame_000024_YOLO_OBB_overlay.png,ok
2026-07-17 22:15:46.235,25,3,pause,-35.95156813666492,-35.95156813666492,-35.95156813666492,-35.802916700309794,-35.95210192375281,0.0005337870878889817,0.14865143635512368,0.14865143635512368,yolo_obb_long_edge,280.39284755687095,"[[664.0625, 226.59251403808594], [437.0806884765625, 391.21148681640625]]",,action_id=1,measurement_output\save\07.17\20260717_221443\ab_angle_realtime_yolo_obb\20260717_221546_218_step7_realtime_frame_000025_raw.png,measurement_output\save\07.17\20260717_221443\ab_angle_realtime_yolo_obb\20260717_221546_218_step7_realtime_frame_000025_YOLO_OBB_overlay.png,ok
2026-07-17 22:15:46.298,,3,pause,,,,-35.802916700309794,,,,,controller,,,,action_id=1,,measurement_output\save\07.17\20260717_221443\step7_a_route_overlays\step7_a_route_step_0003_cur_0016_target_0017.png,controller_step_ok
2026-07-17 22:15:47.382,26,4,planning,-35.9504525530947,-35.9504525530947,-35.9504525530947,-35.802916700309794,-35.95156813666492,0.001115583570218348,0.14753585278490533,0.14753585278490533,yolo_obb_long_edge,280.3866263247219,"[[472.904052734375, 440.6044006347656], [699.884033203125, 275.9934997558594]]",,action_id=1,measurement_output\save\07.17\20260717_221443\ab_angle_realtime_yolo_obb\20260717_221547_365_step7_realtime_frame_000026_raw.png,measurement_output\save\07.17\20260717_221443\ab_angle_realtime_yolo_obb\20260717_221547_365_step7_realtime_frame_000026_YOLO_OBB_overlay.png,ok
2026-07-17 22:15:47.936,27,4,pause,-35.9504525530947,-35.9504525530947,-35.9504525530947,-35.802916700309794,-35.9504525530947,0.0,0.14753585278490533,0.14753585278490533,yolo_obb_long_edge,280.3866263247219,"[[472.904052734375, 440.6044006347656], [699.884033203125, 275.9934997558594]]",,action_id=1,measurement_output\save\07.17\20260717_221443\ab_angle_realtime_yolo_obb\20260717_221547_918_step7_realtime_frame_000027_raw.png,measurement_output\save\07.17\20260717_221443\ab_angle_realtime_yolo_obb\20260717_221547_918_step7_realtime_frame_000027_YOLO_OBB_overlay.png,ok
2026-07-17 22:15:48.484,28,4,pause,-35.950023380947954,-35.950023380947954,-35.950023380947954,-35.802916700309794,-35.9504525530947,0.0004291721467453158,0.14710668063816001,0.14710668063816001,yolo_obb_long_edge,280.38736508546543,"[[664.0559692382812, 226.5886688232422], [437.07415771484375, 391.19830322265625]]",,action_id=1,measurement_output\save\07.17\20260717_221443\ab_angle_realtime_yolo_obb\20260717_221548_467_step7_realtime_frame_000028_raw.png,measurement_output\save\07.17\20260717_221443\ab_angle_realtime_yolo_obb\20260717_221548_467_step7_realtime_frame_000028_YOLO_OBB_overlay.png,ok
2026-07-17 22:15:49.037,29,4,pause,-35.950023380947954,-35.950023380947954,-35.950023380947954,-35.802916700309794,-35.950023380947954,0.0,0.14710668063816001,0.14710668063816001,yolo_obb_long_edge,280.38736508546543,"[[664.0559692382812, 226.5886688232422], [437.07415771484375, 391.19830322265625]]",,action_id=1,measurement_output\save\07.17\20260717_221443\ab_angle_realtime_yolo_obb\20260717_221549_019_step7_realtime_frame_000029_raw.png,measurement_output\save\07.17\20260717_221443\ab_angle_realtime_yolo_obb\20260717_221549_019_step7_realtime_frame_000029_YOLO_OBB_overlay.png,ok
2026-07-17 22:15:49.601,30,4,pause,-35.95066346735323,-35.95066346735323,-35.95066346735323,-35.802916700309794,-35.950023380947954,0.0006400864052764632,0.14774676704343648,0.14774676704343648,yolo_obb_long_edge,280.3866585964287,"[[472.9003601074219, 440.59912109375], [699.8797607421875, 275.98736572265625]]",,action_id=1,measurement_output\save\07.17\20260717_221443\ab_angle_realtime_yolo_obb\20260717_221549_584_step7_realtime_frame_000030_raw.png,measurement_output\save\07.17\20260717_221443\ab_angle_realtime_yolo_obb\20260717_221549_584_step7_realtime_frame_000030_YOLO_OBB_overlay.png,ok
2026-07-17 22:15:50.151,31,4,pause,-35.95016378200709,-35.95016378200709,-35.95016378200709,-35.802916700309794,-35.95066346735323,0.0004996853461420869,0.1472470816972944,0.1472470816972944,yolo_obb_long_edge,280.3902383371668,"[[472.8996887207031, 440.5997314453125], [699.8834228515625, 275.98785400390625]]",,action_id=1,measurement_output\save\07.17\20260717_221443\ab_angle_realtime_yolo_obb\20260717_221550_132_step7_realtime_frame_000031_raw.png,measurement_output\save\07.17\20260717_221443\ab_angle_realtime_yolo_obb\20260717_221550_132_step7_realtime_frame_000031_YOLO_OBB_overlay.png,ok
2026-07-17 22:15:50.701,32,4,pause,-35.95016378200709,-35.95016378200709,-35.95016378200709,-35.802916700309794,-35.95016378200709,0.0,0.1472470816972944,0.1472470816972944,yolo_obb_long_edge,280.3902383371668,"[[472.8996887207031, 440.5997314453125], [699.8834228515625, 275.98785400390625]]",,action_id=1,measurement_output\save\07.17\20260717_221443\ab_angle_realtime_yolo_obb\20260717_221550_684_step7_realtime_frame_000032_raw.png,measurement_output\save\07.17\20260717_221443\ab_angle_realtime_yolo_obb\20260717_221550_684_step7_realtime_frame_000032_YOLO_OBB_overlay.png,ok
2026-07-17 22:15:51.251,33,4,pause,-35.95052866415324,-35.95052866415324,-35.95052866415324,-35.802916700309794,-35.95016378200709,0.0003648821461510465,0.14761196384344544,0.14761196384344544,yolo_obb_long_edge,280.38663255602705,"[[472.9041442871094, 440.6044921875], [699.8839111328125, 275.9932861328125]]",,action_id=1,measurement_output\save\07.17\20260717_221443\ab_angle_realtime_yolo_obb\20260717_221551_234_step7_realtime_frame_000033_raw.png,measurement_output\save\07.17\20260717_221443\ab_angle_realtime_yolo_obb\20260717_221551_234_step7_realtime_frame_000033_YOLO_OBB_overlay.png,ok
2026-07-17 22:15:51.413,,4,pause,,,,-35.802916700309794,,,,,controller,,,,action_id=1,,measurement_output\save\07.17\20260717_221443\step7_a_route_overlays\step7_a_route_step_0004_cur_0016_target_0017.png,controller_step_ok
2026-07-17 22:15:52.485,34,5,planning,-35.950870459022134,-35.950870459022134,-35.950870459022134,-35.802916700309794,-35.95052866415324,0.00034179486889485133,0.1479537587123403,0.1479537587123403,yolo_obb_long_edge,280.4395300082356,"[[472.85577392578125, 440.62506103515625], [699.8773803710938, 275.9814453125]]",,action_id=1,measurement_output\save\07.17\20260717_221443\ab_angle_realtime_yolo_obb\20260717_221552_468_step7_realtime_frame_000034_raw.png,measurement_output\save\07.17\20260717_221443\ab_angle_realtime_yolo_obb\20260717_221552_468_step7_realtime_frame_000034_YOLO_OBB_overlay.png,ok
2026-07-17 22:15:53.038,35,5,pause,-35.950870459022134,-35.950870459022134,-35.950870459022134,-35.802916700309794,-35.950870459022134,0.0,0.1479537587123403,0.1479537587123403,yolo_obb_long_edge,280.4395300082356,"[[472.85577392578125, 440.62506103515625], [699.8773803710938, 275.9814453125]]",,action_id=1,measurement_output\save\07.17\20260717_221443\ab_angle_realtime_yolo_obb\20260717_221553_019_step7_realtime_frame_000035_raw.png,measurement_output\save\07.17\20260717_221443\ab_angle_realtime_yolo_obb\20260717_221553_019_step7_realtime_frame_000035_YOLO_OBB_overlay.png,ok
2026-07-17 22:15:53.601,36,5,pause,-35.95078262551124,-35.95078262551124,-35.95078262551124,-35.802916700309794,-35.950870459022134,8.78335108964734e-05,0.14786592520144382,0.14786592520144382,yolo_obb_long_edge,280.38647832041113,"[[472.9010925292969, 440.5998229980469], [699.8800048828125, 275.9877014160156]]",,action_id=1,measurement_output\save\07.17\20260717_221443\ab_angle_realtime_yolo_obb\20260717_221553_583_step7_realtime_frame_000036_raw.png,measurement_output\save\07.17\20260717_221443\ab_angle_realtime_yolo_obb\20260717_221553_583_step7_realtime_frame_000036_YOLO_OBB_overlay.png,ok
2026-07-17 22:15:54.151,37,5,pause,-35.950989741702784,-35.950989741702784,-35.950989741702784,-35.802916700309794,-35.95078262551124,0.0002071161915466746,0.1480730413929905,0.1480730413929905,yolo_obb_long_edge,280.38687410207393,"[[664.0530395507812, 226.58689880371094], [437.07440185546875, 391.2000732421875]]",,action_id=1,measurement_output\save\07.17\20260717_221443\ab_angle_realtime_yolo_obb\20260717_221554_134_step7_realtime_frame_000037_raw.png,measurement_output\save\07.17\20260717_221443\ab_angle_realtime_yolo_obb\20260717_221554_134_step7_realtime_frame_000037_YOLO_OBB_overlay.png,ok
2026-07-17 22:15:54.702,38,5,pause,-35.950989741702784,-35.950989741702784,-35.950989741702784,-35.802916700309794,-35.950989741702784,0.0,0.1480730413929905,0.1480730413929905,yolo_obb_long_edge,280.38687410207393,"[[664.0530395507812, 226.58689880371094], [437.07440185546875, 391.2000732421875]]",,action_id=1,measurement_output\save\07.17\20260717_221443\ab_angle_realtime_yolo_obb\20260717_221554_685_step7_realtime_frame_000038_raw.png,measurement_output\save\07.17\20260717_221443\ab_angle_realtime_yolo_obb\20260717_221554_685_step7_realtime_frame_000038_YOLO_OBB_overlay.png,ok
2026-07-17 22:15:55.251,39,5,pause,-35.95088813929757,-35.95088813929757,-35.95088813929757,-35.802916700309794,-35.950989741702784,0.00010160240521628339,0.1479714389877742,0.1479714389877742,yolo_obb_long_edge,280.3867020005471,"[[472.9006652832031, 440.59930419921875], [699.8794555664062, 275.98663330078125]]",,action_id=1,measurement_output\save\07.17\20260717_221443\ab_angle_realtime_yolo_obb\20260717_221555_234_step7_realtime_frame_000039_raw.png,measurement_output\save\07.17\20260717_221443\ab_angle_realtime_yolo_obb\20260717_221555_234_step7_realtime_frame_000039_YOLO_OBB_overlay.png,ok
2026-07-17 22:15:55.801,40,5,pause,-35.95088813929757,-35.95088813929757,-35.95088813929757,-35.802916700309794,-35.95088813929757,0.0,0.1479714389877742,0.1479714389877742,yolo_obb_long_edge,280.3867020005471,"[[472.9006652832031, 440.59930419921875], [699.8794555664062, 275.98663330078125]]",,action_id=1,measurement_output\save\07.17\20260717_221443\ab_angle_realtime_yolo_obb\20260717_221555_784_step7_realtime_frame_000040_raw.png,measurement_output\save\07.17\20260717_221443\ab_angle_realtime_yolo_obb\20260717_221555_784_step7_realtime_frame_000040_YOLO_OBB_overlay.png,ok
2026-07-17 22:15:56.353,41,5,pause,-35.95165901902761,-35.95165901902761,-35.95165901902761,-35.802916700309794,-35.95088813929757,0.0007708797300409742,0.14874231871781518,0.14874231871781518,yolo_obb_long_edge,280.3889855629341,"[[472.8921203613281, 440.5871887207031], [699.8705444335938, 275.9701232910156]]",,action_id=1,measurement_output\save\07.17\20260717_221443\ab_angle_realtime_yolo_obb\20260717_221556_335_step7_realtime_frame_000041_raw.png,measurement_output\save\07.17\20260717_221443\ab_angle_realtime_yolo_obb\20260717_221556_335_step7_realtime_frame_000041_YOLO_OBB_overlay.png,ok
2026-07-17 22:15:56.516,,5,pause,,,,-35.802916700309794,,,,,controller,,,,action_id=1,,measurement_output\save\07.17\20260717_221443\step7_a_route_overlays\step7_a_route_step_0005_cur_0016_target_0017.png,controller_step_ok
2026-07-17 22:15:57.585,42,6,pause,-35.95086994217411,-35.95086994217411,-35.95086994217411,-35.802916700309794,-35.95165901902761,0.0007890768535006032,0.14795324186431458,0.14795324186431458,yolo_obb_long_edge,280.39142510576227,"[[664.0599365234375, 226.5891571044922], [437.0772705078125, 391.20452880859375]]",,action_id=1,measurement_output\save\07.17\20260717_221443\ab_angle_realtime_yolo_obb\20260717_221557_568_step7_realtime_frame_000042_raw.png,measurement_output\save\07.17\20260717_221443\ab_angle_realtime_yolo_obb\20260717_221557_568_step7_realtime_frame_000042_YOLO_OBB_overlay.png,ok
2026-07-17 22:15:58.135,43,6,pause,-35.95036614263446,-35.95036614263446,-35.95036614263446,-35.802916700309794,-35.95086994217411,0.000503799539650629,0.14744944232466395,0.14744944232466395,yolo_obb_long_edge,280.38918470959806,"[[472.8963623046875, 440.5946350097656], [699.878662109375, 275.9825744628906]]",,action_id=1,measurement_output\save\07.17\20260717_221443\ab_angle_realtime_yolo_obb\20260717_221558_118_step7_realtime_frame_000043_raw.png,measurement_output\save\07.17\20260717_221443\ab_angle_realtime_yolo_obb\20260717_221558_118_step7_realtime_frame_000043_YOLO_OBB_overlay.png,ok
2026-07-17 22:15:58.685,44,6,pause,-35.95036614263446,-35.95036614263446,-35.95036614263446,-35.802916700309794,-35.95036614263446,0.0,0.14744944232466395,0.14744944232466395,yolo_obb_long_edge,280.38918470959806,"[[472.8963623046875, 440.5946350097656], [699.878662109375, 275.9825744628906]]",,action_id=1,measurement_output\save\07.17\20260717_221443\ab_angle_realtime_yolo_obb\20260717_221558_666_step7_realtime_frame_000044_raw.png,measurement_output\save\07.17\20260717_221443\ab_angle_realtime_yolo_obb\20260717_221558_666_step7_realtime_frame_000044_YOLO_OBB_overlay.png,ok
2026-07-17 22:15:59.235,45,6,pause,-35.95051192796617,-35.95051192796617,-35.95051192796617,-35.802916700309794,-35.95036614263446,0.0001457853317106128,0.14759522765637456,0.14759522765637456,yolo_obb_long_edge,280.3891366339527,"[[472.8966369628906, 440.59478759765625], [699.8784790039062, 275.982177734375]]",,action_id=1,measurement_output\save\07.17\20260717_221443\ab_angle_realtime_yolo_obb\20260717_221559_217_step7_realtime_frame_000045_raw.png,measurement_output\save\07.17\20260717_221443\ab_angle_realtime_yolo_obb\20260717_221559_217_step7_realtime_frame_000045_YOLO_OBB_overlay.png,ok
2026-07-17 22:15:59.786,46,6,pause,-35.95051192796617,-35.95051192796617,-35.95051192796617,-35.802916700309794,-35.95051192796617,0.0,0.14759522765637456,0.14759522765637456,yolo_obb_long_edge,280.3891366339527,"[[472.8966369628906, 440.59478759765625], [699.8784790039062, 275.982177734375]]",,action_id=1,measurement_output\save\07.17\20260717_221443\ab_angle_realtime_yolo_obb\20260717_221559_769_step7_realtime_frame_000046_raw.png,measurement_output\save\07.17\20260717_221443\ab_angle_realtime_yolo_obb\20260717_221559_769_step7_realtime_frame_000046_YOLO_OBB_overlay.png,ok
2026-07-17 22:16:00.335,47,6,pause,-35.95071783271268,-35.95071783271268,-35.95071783271268,-35.802916700309794,-35.95051192796617,0.0002059047465081676,0.14780113240288273,0.14780113240288273,yolo_obb_long_edge,280.44128782300214,"[[472.8649597167969, 440.6385192871094], [699.888427734375, 275.9944763183594]]",,action_id=1,measurement_output\save\07.17\20260717_221443\ab_angle_realtime_yolo_obb\20260717_221600_318_step7_realtime_frame_000047_raw.png,measurement_output\save\07.17\20260717_221443\ab_angle_realtime_yolo_obb\20260717_221600_318_step7_realtime_frame_000047_YOLO_OBB_overlay.png,ok
2026-07-17 22:16:00.885,48,6,pause,-35.95071783271268,-35.95071783271268,-35.95071783271268,-35.802916700309794,-35.95071783271268,0.0,0.14780113240288273,0.14780113240288273,yolo_obb_long_edge,280.44128782300214,"[[472.8649597167969, 440.6385192871094], [699.888427734375, 275.9944763183594]]",,action_id=1,measurement_output\save\07.17\20260717_221443\ab_angle_realtime_yolo_obb\20260717_221600_868_step7_realtime_frame_000048_raw.png,measurement_output\save\07.17\20260717_221443\ab_angle_realtime_yolo_obb\20260717_221600_868_step7_realtime_frame_000048_YOLO_OBB_overlay.png,ok
2026-07-17 22:16:01.438,49,6,pause,-35.95141156875325,-35.95141156875325,-35.95141156875325,-35.802916700309794,-35.95071783271268,0.000693736040574322,0.14849486844345705,0.14849486844345705,yolo_obb_long_edge,280.44024446803314,"[[472.85626220703125, 440.62530517578125], [699.8768920898438, 275.9791259765625]]",,action_id=1,measurement_output\save\07.17\20260717_221443\ab_angle_realtime_yolo_obb\20260717_221601_421_step7_realtime_frame_000049_raw.png,measurement_output\save\07.17\20260717_221443\ab_angle_realtime_yolo_obb\20260717_221601_421_step7_realtime_frame_000049_YOLO_OBB_overlay.png,ok
2026-07-17 22:16:01.545,,6,pause,,,,-35.802916700309794,,,,,controller,,,,action_id=1,,measurement_output\save\07.17\20260717_221443\step7_a_route_overlays\step7_a_route_step_0006_cur_0016_target_0017.png,controller_step_ok
2026-07-17 22:16:02.639,50,7,pause,-35.951173067198944,-35.951173067198944,-35.951173067198944,-35.802916700309794,-35.95141156875325,0.00023850155430693576,0.14825636688915012,0.14825636688915012,yolo_obb_long_edge,280.38914577453363,"[[472.9016418457031, 440.6002502441406], [699.881591796875, 275.9850158691406]]",,action_id=1,measurement_output\save\07.17\20260717_221443\ab_angle_realtime_yolo_obb\20260717_221602_622_step7_realtime_frame_000050_raw.png,measurement_output\save\07.17\20260717_221443\ab_angle_realtime_yolo_obb\20260717_221602_622_step7_realtime_frame_000050_YOLO_OBB_overlay.png,ok
2026-07-17 22:16:03.209,51,7,pause,-35.950769754704,-35.950769754704,-35.950769754704,-35.802916700309794,-35.951173067198944,0.0004033124949458511,0.14785305439420426,0.14785305439420426,yolo_obb_long_edge,280.3863572448702,"[[472.9006652832031, 440.5990905761719], [699.8795166015625, 275.9870910644531]]",,action_id=1,measurement_output\save\07.17\20260717_221443\ab_angle_realtime_yolo_obb\20260717_221603_190_step7_realtime_frame_000051_raw.png,measurement_output\save\07.17\20260717_221443\ab_angle_realtime_yolo_obb\20260717_221603_190_step7_realtime_frame_000051_YOLO_OBB_overlay.png,ok
2026-07-17 22:16:03.772,52,7,pause,-35.950769754704,-35.950769754704,-35.950769754704,-35.802916700309794,-35.950769754704,0.0,0.14785305439420426,0.14785305439420426,yolo_obb_long_edge,280.3863572448702,"[[472.9006652832031, 440.5990905761719], [699.8795166015625, 275.9870910644531]]",,action_id=1,measurement_output\save\07.17\20260717_221443\ab_angle_realtime_yolo_obb\20260717_221603_753_step7_realtime_frame_000052_raw.png,measurement_output\save\07.17\20260717_221443\ab_angle_realtime_yolo_obb\20260717_221603_753_step7_realtime_frame_000052_YOLO_OBB_overlay.png,ok
2026-07-17 22:16:04.338,53,7,pause,-35.951321950949605,-35.951321950949605,-35.951321950949605,-35.802916700309794,-35.950769754704,0.000552196245607206,0.14840525063981147,0.14840525063981147,yolo_obb_long_edge,280.38699758659925,"[[472.90533447265625, 440.6051940917969], [699.8831176757812, 275.9906311035156]]",,action_id=1,measurement_output\save\07.17\20260717_221443\ab_angle_realtime_yolo_obb\20260717_221604_320_step7_realtime_frame_000053_raw.png,measurement_output\save\07.17\20260717_221443\ab_angle_realtime_yolo_obb\20260717_221604_320_step7_realtime_frame_000053_YOLO_OBB_overlay.png,ok
2026-07-17 22:16:04.901,54,7,pause,-35.951321950949605,-35.951321950949605,-35.951321950949605,-35.802916700309794,-35.951321950949605,0.0,0.14840525063981147,0.14840525063981147,yolo_obb_long_edge,280.38699758659925,"[[472.90533447265625, 440.6051940917969], [699.8831176757812, 275.9906311035156]]",,action_id=1,measurement_output\save\07.17\20260717_221443\ab_angle_realtime_yolo_obb\20260717_221604_884_step7_realtime_frame_000054_raw.png,measurement_output\save\07.17\20260717_221443\ab_angle_realtime_yolo_obb\20260717_221604_884_step7_realtime_frame_000054_YOLO_OBB_overlay.png,ok
2026-07-17 22:16:05.450,55,7,pause,-35.951135665467376,-35.951135665467376,-35.951135665467376,-35.802916700309794,-35.951321950949605,0.00018628548222920926,0.14821896515758226,0.14821896515758226,yolo_obb_long_edge,280.3864872347587,"[[472.9051513671875, 440.6050109863281], [699.883056640625, 275.9914855957031]]",,action_id=1,measurement_output\save\07.17\20260717_221443\ab_angle_realtime_yolo_obb\20260717_221605_433_step7_realtime_frame_000055_raw.png,measurement_output\save\07.17\20260717_221443\ab_angle_realtime_yolo_obb\20260717_221605_433_step7_realtime_frame_000055_YOLO_OBB_overlay.png,ok
2026-07-17 22:16:06.003,56,7,pause,-35.951135665467376,-35.951135665467376,-35.951135665467376,-35.802916700309794,-35.951135665467376,0.0,0.14821896515758226,0.14821896515758226,yolo_obb_long_edge,280.3864872347587,"[[472.9051513671875, 440.6050109863281], [699.883056640625, 275.9914855957031]]",,action_id=1,measurement_output\save\07.17\20260717_221443\ab_angle_realtime_yolo_obb\20260717_221605_985_step7_realtime_frame_000056_raw.png,measurement_output\save\07.17\20260717_221443\ab_angle_realtime_yolo_obb\20260717_221605_985_step7_realtime_frame_000056_YOLO_OBB_overlay.png,ok
2026-07-17 22:16:06.570,57,7,pause,-35.95142611071396,-35.95142611071396,-35.95142611071396,-35.802916700309794,-35.951135665467376,0.00029044524658417004,0.14850941040416643,0.14850941040416643,yolo_obb_long_edge,280.44316118229597,"[[472.856201171875, 440.625732421875], [699.879150390625, 275.977783203125]]",,action_id=1,measurement_output\save\07.17\20260717_221443\ab_angle_realtime_yolo_obb\20260717_221606_552_step7_realtime_frame_000057_raw.png,measurement_output\save\07.17\20260717_221443\ab_angle_realtime_yolo_obb\20260717_221606_552_step7_realtime_frame_000057_YOLO_OBB_overlay.png,ok
2026-07-17 22:16:06.591,,7,pause,,,,-35.802916700309794,,,,,controller,,,,action_id=1,,measurement_output\save\07.17\20260717_221443\step7_a_route_overlays\step7_a_route_step_0007_cur_0016_target_0017.png,controller_step_ok
2026-07-17 22:16:07.670,58,8,planning,-35.951107262921475,-35.951107262921475,-35.951107262921475,-35.802916700309794,-35.95142611071396,0.00031884779248514405,0.1481905626116813,0.1481905626116813,yolo_obb_long_edge,280.38657492399597,"[[472.9015197753906, 440.6002197265625], [699.8795776367188, 275.98675537109375]]",,action_id=1,measurement_output\save\07.17\20260717_221443\ab_angle_realtime_yolo_obb\20260717_221607_652_step7_realtime_frame_000058_raw.png,measurement_output\save\07.17\20260717_221443\ab_angle_realtime_yolo_obb\20260717_221607_652_step7_realtime_frame_000058_YOLO_OBB_overlay.png,ok
2026-07-17 22:16:08.256,,8,pause,,,,-35.802916700309794,,,,,controller,,,,action_id=1,,measurement_output\save\07.17\20260717_221443\step7_a_route_overlays\step7_a_route_step_0008_cur_0016_target_0017.png,controller_step_ok
