a_area,a_conf,a_source,a_x,a_y,ab_b_contact_x,ab_b_contact_y,ab_edge_dist,ab_overlap,ab_overlap_area,ab_status,ac_c_contact_x,ac_c_contact_y,ac_clearance,ac_collision_like,ac_raw_dist,ac_status,action_id,action_name,b_area,b_conf,b_edge_angle_deg,b_edge_x1,b_edge_x2,b_edge_y1,b_edge_y2,b_source,b_x,b_y,c_area,c_conf,c_source,c_x,c_y,contact_valid,cycle,direction,distance_status,ok,stage_x,stage_y,time
8631.5,1.0,sam2,495.0905790804997,233.49981656336286,484.39506195368347,279.19884428703233,46.933945300802606,False,0.0,ab_no_overlap,525.9199106804629,318.68612756326104,90.59335112839055,False,90.59335112839055,ac_ok,3,LEFT,9412.0,1.0,13.172553423326889,569.0,475.0,299.0,277.0,sam2,550.6880932143363,319.08937172404023,46875.5,1.0,sam2_body_edge,658.4991235649042,442.0037439600644,True,1,left,ac_ok|ab_no_overlap,True,0.0,0.0,1780642777.864346
8635.5,1.0,sam2,494.9956188601316,233.5651670430201,484.2055665489212,279.17766090404587,46.87136466010745,False,0.0,ab_no_overlap,525.8150358032963,318.72408228071185,90.56421647194325,False,90.56421647194325,ac_ok,3,LEFT,9435.5,1.0,13.309178695400476,568.0,475.0,299.0,277.0,sam2,550.3325561266846,319.12007842721636,46875.5,1.0,sam2_body_edge,658.4991235649042,442.0037439600644,True,2,left,ac_ok|ab_no_overlap,True,100.0,0.0,1780642778.2657695
8615.5,1.0,sam2,495.02615441162243,233.4857330779796,484.2696834976096,278.9562692144883,46.725489008308394,False,1.0,ab_no_overlap,525.8674534771833,318.70511207492416,90.6285180540664,False,90.6285180540664,ac_ok,3,LEFT,9597.0,1.0,13.309178695400476,569.0,476.0,299.0,277.0,sam2,551.4054044666735,318.6025320412629,46875.5,1.0,sam2_body_edge,658.4991235649042,442.0037439600644,True,3,left,ac_ok|ab_no_overlap,True,200.0,0.0,1780642778.662229
8619.0,1.0,sam2,495.05936496886716,233.50119890165138,484.47768162251316,279.1948315336346,46.90287928847384,False,0.0,ab_no_overlap,525.8918690483737,318.6962759634457,90.60267359950181,False,90.60267359950181,ac_ok,3,LEFT,9611.5,1.0,13.03865658302297,570.0,475.0,299.0,277.0,sam2,551.7815117307392,318.58358910333106,46875.5,1.0,sam2_body_edge,658.4991235649042,442.0037439600644,True,4,left,ac_ok|ab_no_overlap,True,300.0,0.0,1780642779.0791261
8639.0,1.0,sam2,494.92448971717397,233.53773584905662,484.1320616567401,279.16027264998155,46.8816847776548,False,0.0,ab_no_overlap,525.7609217334275,318.7436664202834,90.61421601493741,False,90.61421601493741,ac_ok,3,LEFT,9471.5,1.0,13.309178695400476,568.0,475.0,299.0,277.0,sam2,550.646518502877,319.0158017913389,46875.5,1.0,sam2_body_edge,658.4991235649042,442.0037439600644,True,5,left,ac_ok|ab_no_overlap,True,400.0,0.0,1780642779.4667654
8620.0,1.0,sam2,494.9434648105181,233.405781129157,484.23472215030415,279.1613179500712,46.99198143441836,False,0.0,ab_no_overlap,525.8199240380644,318.7223132052719,90.7318377413633,False,90.7318377413633,ac_ok,3,LEFT,9608.0,1.0,13.172553423326889,569.0,475.0,299.0,277.0,sam2,551.6944733555371,318.4497987787954,46875.5,1.0,sam2_body_edge,658.4991235649042,442.0037439600644,True,6,left,ac_ok|ab_no_overlap,True,500.0,0.0,1780642779.8646138
8597.0,1.0,sam2,494.92613702454344,233.55003683455467,484.1893720013988,278.9372707960298,46.63988775539562,False,1.0,ab_no_overlap,525.7584420343026,318.7445638352048,90.60208862426586,False,90.60208862426586,ac_ok,3,LEFT,9724.0,1.0,13.309178695400476,569.0,476.0,299.0,277.0,sam2,552.2879816262168,318.30570409982175,46875.5,1.0,sam2_body_edge,658.4991235649042,442.0037439600644,True,7,left,ac_ok|ab_no_overlap,True,600.0,0.0,1780642780.2830768
8616.5,1.0,sam2,494.90276407667454,233.5351941043347,484.1109179499208,279.1552709128845,46.8791568913255,False,1.0,ab_no_overlap,525.7425254205664,318.7503241335093,90.62399939109586,False,90.62399939109586,ac_ok,3,LEFT,9592.0,1.0,13.309178695400476,568.0,475.0,299.0,277.0,sam2,551.6298130386433,318.7458993605782,46875.5,1.0,sam2_body_edge,658.4991235649042,442.0037439600644,True,8,left,ac_ok|ab_no_overlap,True,700.0,0.0,1780642780.664014
8630.0,1.0,sam2,494.96081498648124,233.5,484.1580081920591,279.166410540057,46.92676939925269,False,0.0,ab_no_overlap,525.8051155045277,318.7276724840757,90.63733795462241,False,90.63733795462241,ac_ok,3,LEFT,9720.5,1.0,13.309178695400476,568.0,475.0,299.0,277.0,sam2,551.8522881196097,318.3753579205459,46875.5,1.0,sam2_body_edge,658.4991235649042,442.0037439600644,True,9,left,ac_ok|ab_no_overlap,True,800.0,0.0,1780642781.0611322
8607.0,1.0,sam2,494.94804616397505,233.57308005112117,484.27618728010754,279.1710225549188,46.830128471068896,False,0.0,ab_no_overlap,525.7704402561434,318.7402216215862,90.5729649556454,False,90.5729649556454,ac_ok,3,LEFT,9469.5,1.0,13.172553423326889,569.0,475.0,299.0,277.0,sam2,550.5015928331309,319.06061566080575,46875.5,1.0,sam2_body_edge,658.4991235649042,442.0037439600644,True,10,left,ac_ok|ab_no_overlap,True,900.0,0.0,1780642781.4767053
8626.5,1.0,sam2,494.8383083135299,233.64852489422128,484.0752666744002,279.1468372778151,46.754031859089196,False,0.0,ab_no_overlap,525.6492689733518,318.78407408583456,90.53936731024078,False,90.53936731024078,ac_ok,3,LEFT,9470.0,1.0,13.309178695400476,568.0,475.0,299.0,277.0,sam2,550.5391235480465,319.087521999296,46875.5,1.0,sam2_body_edge,658.4991235649042,442.0037439600644,True,11,left,ac_ok|ab_no_overlap,True,1000.0,0.0,1780642781.8637874
8653.0,1.0,sam2,494.9301590970376,233.42441927655148,484.11204509691254,279.15553754980726,46.99326301760935,False,0.0,ab_no_overlap,525.8021951344454,318.728729379915,90.71884000198536,False,90.71884000198536,ac_ok,3,LEFT,9695.0,1.0,13.309178695400476,568.0,475.0,299.0,277.0,sam2,551.4357228812103,318.3371153515558,46875.5,1.0,sam2_body_edge,658.4991235649042,442.0037439600644,True,12,left,ac_ok|ab_no_overlap,True,1100.0,0.0,1780642782.2628646
8626.5,1.0,sam2,494.9680055642497,233.43026333584496,484.2634207880084,279.1680346525126,46.9737358557686,False,0.0,ab_no_overlap,525.8337886467104,318.717295537381,90.7004654179865,False,90.7004654179865,ac_ok,3,LEFT,9444.0,1.0,13.172553423326889,569.0,475.0,299.0,277.0,sam2,550.7580121417478,319.00192361993504,46875.5,1.0,sam2_body_edge,658.4991235649042,442.0037439600644,True,13,left,ac_ok|ab_no_overlap,True,1200.0,0.0,1780642782.6784914
8636.5,1.0,sam2,494.97965997028115,233.54871765182656,484.23976299119664,278.9491912452293,46.65349279128636,False,1.0,ab_no_overlap,525.8061887674683,318.72728406510674,90.5851149687706,False,90.5851149687706,ac_ok,3,LEFT,9794.5,1.0,13.309178695400476,569.0,476.0,299.0,277.0,sam2,552.1308387360253,318.10313611380536,46875.5,1.0,sam2_body_edge,658.4991235649042,442.0037439600644,True,14,left,ac_ok|ab_no_overlap,True,1300.0,0.0,1780642783.0626473
8619.0,1.0,sam2,495.0343427311753,233.55658042309625,484.1780504753034,278.95562076583343,46.679031112335466,False,1.0,ab_no_overlap,525.8520228344738,318.71069649799995,90.55911269136539,False,90.55911269136539,ac_ok,3,LEFT,9462.5,1.0,13.448615051686517,568.0,476.0,299.0,277.0,sam2,550.5845354469396,318.9075649493615,46875.5,1.0,sam2_body_edge,658.4991235649042,442.0037439600644,True,15,left,ac_ok|ab_no_overlap,True,1400.0,0.0,1780642783.4617448
8707.5,1.0,sam2,495.25634988994153,233.58732893099815,484.7420030042073,279.85045522822895,47.44289562439331,False,1.0,ab_no_overlap,526.0384806401414,318.64321653023455,90.4546493488109,False,90.4546493488109,ac_ok,3,LEFT,9593.0,1.0,12.804266065286754,569.0,459.0,299.0,274.0,sam2,551.2055144376108,318.60691823899367,46875.5,1.0,sam2_body_edge,658.4991235649042,442.0037439600644,True,16,left,ac_ok|ab_no_overlap,True,1500.0,0.0,1780642783.8630166
8792.5,1.0,sam2,495.15613685906544,234.2362430101412,484.82463028647567,280.9346527182468,47.827622743824065,False,0.0,ab_no_overlap,525.7422246580105,318.7504329809105,89.87856848693161,False,89.87856848693161,ac_ok,3,LEFT,9458.0,1.0,12.475109712208962,571.0,458.0,300.0,275.0,sam2,550.5093219144286,319.74592937196024,46875.5,1.0,sam2_body_edge,658.4991235649042,442.0037439600644,True,17,left,ac_ok|ab_no_overlap,True,1600.0,0.0,1780642784.28143
8850.5,1.0,sam2,495.03948929439014,235.12473871532683,483.65733221560856,284.92167593499624,51.08119474156565,False,0.0,ab_no_overlap,525.3547727962545,318.89065365468883,89.08279811179506,False,89.08279811179506,ac_ok,3,LEFT,9412.5,1.0,12.875001559612485,519.0,449.0,293.0,277.0,sam2,550.125489154493,320.6130854360336,46875.5,1.0,sam2_body_edge,658.4991235649042,442.0037439600644,True,18,left,ac_ok|ab_no_overlap,True,1700.0,0.0,1780642784.6615303
8892.5,1.0,sam2,494.79411489082554,235.33288351607158,485.16837597283666,284.3366452803786,49.94019940659273,False,0.0,ab_no_overlap,525.0712095149752,318.99327655648517,88.97057840969786,False,88.97057840969786,ac_ok,3,LEFT,9407.5,1.0,11.1130405359483,570.0,458.0,301.0,279.0,sam2,549.9910355213038,320.8896979360439,46875.5,1.0,sam2_body_edge,658.4991235649042,442.0037439600644,True,19,left,ac_ok|ab_no_overlap,True,1800.0,0.0,1780642785.0647442
8922.5,1.0,sam2,494.84705332959743,235.5561782011768,485.3907435334677,284.7289891410515,50.07381681766469,False,0.0,ab_no_overlap,525.0465644346873,319.0021957283989,88.74259581587582,False,88.74259581587582,ac_ok,3,LEFT,9378.5,1.0,10.885527054658724,570.0,466.0,301.0,281.0,sam2,549.8012119919674,321.41859927849157,46875.5,1.0,sam2_body_edge,658.4991235649042,442.0037439600644,True,20,left,ac_ok|ab_no_overlap,True,1900.0,0.0,1780642785.4622328
8954.5,1.0,sam2,494.74593779663854,235.8455711281106,483.2137121439788,285.8185489563028,51.28636018982874,False,0.0,ab_no_overlap,524.8645549287656,319.06806583530386,88.5048853071991,False,88.5048853071991,ac_ok,3,LEFT,9382.5,1.0,12.994616791916513,536.0,458.0,298.0,280.0,sam2,548.8827604583,321.5194955146993,46875.5,1.0,sam2_body_edge,658.4991235649042,442.0037439600644,True,21,left,ac_ok|ab_no_overlap,True,2000.0,0.0,1780642785.862628
8963.5,1.0,sam2,494.5696621483423,236.17407634666515,483.5799906560166,286.8486726723891,51.85255627531118,False,0.0,ab_no_overlap,524.6035737077776,319.1625161819471,88.25597424454733,False,88.25597424454733,ac_ok,3,LEFT,9353.0,1.0,12.236111509416332,535.0,452.0,298.0,280.0,sam2,548.7092733169393,321.89465055775327,46875.5,1.0,sam2_body_edge,658.4991235649042,442.0037439600644,True,22,left,ac_ok|ab_no_overlap,True,2100.0,0.0,1780642786.2833462
8988.5,1.0,sam2,494.4759229385696,236.35816135432307,483.7693062168493,287.2145907824946,51.971223343388914,False,0.0,ab_no_overlap,524.461784152216,319.21383049729326,88.11477618341546,False,88.11477618341546,ac_ok,3,LEFT,9353.0,1.0,11.888658039627956,535.0,459.0,298.0,282.0,sam2,548.9363305891158,322.2457500267294,46875.5,1.0,sam2_body_edge,658.4991235649042,442.0037439600644,True,23,left,ac_ok|ab_no_overlap,True,2200.0,0.0,1780642786.6636012
8559.0,1.0,sam2,494.70975970713084,236.2118432838727,485.42734794571237,286.9920958610442,51.621673935565624,False,0.0,ab_no_overlap,524.7153617826983,319.1220595453092,88.17278557715792,False,88.17278557715792,ac_ok,3,LEFT,8885.5,1.0,10.359052488083705,573.0,480.0,303.0,286.0,sam2,553.8671806126085,322.90306304278505,46875.5,1.0,sam2_body_edge,658.4991235649042,442.0037439600644,True,24,left,ac_ok|ab_no_overlap,True,2300.0,0.0,1780642787.0626717
8530.5,1.0,sam2,494.52988296895444,236.4049391399488,484.80826746843246,287.3004555838579,51.81566753436852,False,0.0,ab_no_overlap,524.4945266311915,319.20198083823544,88.05242747245907,False,88.05242747245907,ac_ok,3,LEFT,8832.5,1.0,10.81387751362496,567.0,478.0,303.0,286.0,sam2,553.339296160015,323.3264081517124,46875.5,1.0,sam2_body_edge,658.4991235649042,442.0037439600644,True,25,left,ac_ok|ab_no_overlap,True,2400.0,0.0,1780642787.4656553
8541.5,1.0,sam2,494.4341938379285,236.62317313508555,484.86564854280783,287.8430332442608,52.10596058675303,False,0.0,ab_no_overlap,524.3400855124044,319.2578738145584,87.87978216422455,False,87.87978216422455,ac_ok,3,LEFT,8823.5,1.0,10.581635520943792,566.0,475.0,303.0,286.0,sam2,553.3471411571372,323.5086228065204,46875.5,1.0,sam2_body_edge,658.4991235649042,442.0037439600644,True,26,left,ac_ok|ab_no_overlap,True,2500.0,0.0,1780642787.863368
8397.0,1.0,sam2,494.2416736135921,236.14473423047912,484.6886395057446,288.4054502322329,53.12666842256968,False,0.0,ab_no_overlap,524.3229578964024,319.2640723803496,88.39518108231785,False,88.39518108231785,ac_ok,3,LEFT,8782.0,1.0,10.359052488083705,570.0,477.0,304.0,287.0,sam2,553.3710809990131,323.8604531997267,46875.5,1.0,sam2_body_edge,658.4991235649042,442.0037439600644,True,27,left,ac_ok|ab_no_overlap,True,2600.0,0.0,1780642788.264646
8497.0,1.0,sam2,494.18916480326385,236.9003373739751,482.6748386012332,288.271946583035,52.64619587980823,False,0.0,ab_no_overlap,524.0347418264354,319.3683791485281,87.70254490022215,False,87.70254490022215,ac_ok,3,LEFT,8787.5,1.0,12.633361935275019,535.0,477.0,300.0,287.0,sam2,553.198596491228,323.90298719772403,46875.5,1.0,sam2_body_edge,658.4991235649042,442.0037439600644,True,28,left,ac_ok|ab_no_overlap,True,2700.0,0.0,1780642788.6656523
8414.0,1.0,sam2,493.874257190397,236.53892322319942,482.0508495377386,288.38001831562457,53.172287038482814,False,0.0,ab_no_overlap,523.8719529925063,319.427293202712,88.14955264376815,False,88.14955264376815,ac_ok,3,LEFT,8781.5,1.0,12.847704858717663,533.0,476.0,300.0,287.0,sam2,553.1068344436219,324.07105847520353,46875.5,1.0,sam2_body_edge,658.4991235649042,442.0037439600644,True,29,left,ac_ok|ab_no_overlap,True,2800.0,0.0,1780642789.0701857
8990.5,1.0,sam2,493.0018352705634,237.89557495875275,483.4369086874637,290.8705529574587,53.83155314964883,False,0.0,ab_no_overlap,522.6664439628308,319.86357266107075,87.17076147535111,False,87.17076147535111,ac_ok,3,LEFT,9307.0,1.0,10.234802763423204,534.0,462.0,300.0,287.0,sam2,549.1485978295906,324.1790587729666,46875.5,1.0,sam2_body_edge,658.4991235649042,442.0037439600644,True,30,left,ac_ok|ab_no_overlap,True,2900.0,0.0,1780642789.4835575
8979.0,1.0,sam2,492.57177859449826,238.14108846567913,478.0,289.0,52.9052512881562,False,0.0,ab_no_overlap,522.2076282000388,320.02962027046215,87.08625163012344,False,87.08625163012344,ac_ok,3,LEFT,9352.5,1.0,26.565051177078004,488.0,478.0,294.0,289.0,sam2,548.3516172146485,324.4870177314443,46875.5,1.0,sam2_body_edge,658.4991235649042,442.0037439600644,True,31,left,ac_ok|ab_no_overlap,True,3000.0,0.0,1780642789.885947
8970.0,1.0,sam2,492.3145299145299,238.26716833890748,482.40229471312205,291.36842834644943,54.018480366228395,False,0.0,ab_no_overlap,521.9398260193641,320.1265391548968,87.05523970266667,False,87.05523970266667,ac_ok,3,LEFT,9361.0,1.0,10.57352341856091,534.0,459.0,301.0,287.0,sam2,548.2320799059929,324.6762988284727,46875.5,1.0,sam2_body_edge,658.4991235649042,442.0037439600644,True,32,left,ac_ok|ab_no_overlap,True,3100.0,0.0,1780642790.2878373
8951.5,1.0,sam2,491.81092554320503,238.8156919696885,482.4570443453555,292.1328147974308,54.13142045145354,False,0.0,ab_no_overlap,521.3190186185562,320.3512123094749,86.71083342941245,False,86.71083342941245,ac_ok,3,LEFT,9350.5,1.0,9.950626687951598,533.0,476.0,301.0,291.0,sam2,548.397625795412,325.2374026344402,46875.5,1.0,sam2_body_edge,658.4991235649042,442.0037439600644,True,33,left,ac_ok|ab_no_overlap,True,3200.0,0.0,1780642790.6849704
8887.5,1.0,sam2,491.46578527894974,238.4216971401781,482.48139813621583,293.22645871085507,55.53630437064814,False,0.0,ab_no_overlap,521.1399239001612,320.41602754089405,87.19876559202339,False,87.19876559202339,ac_ok,3,LEFT,9415.0,1.0,9.309940174986025,536.0,475.0,302.0,292.0,sam2,548.139794653921,325.5296866702071,46875.5,1.0,sam2_body_edge,658.4991235649042,442.0037439600644,True,34,left,ac_ok|ab_no_overlap,True,3300.0,0.0,1780642791.089252
8853.0,1.0,sam2,491.28506344365366,238.64821717685152,484.0,294.0,55.829132279474436,False,0.0,ab_no_overlap,520.9076459965229,320.500090020306,87.04726581049283,False,87.04726581049283,ac_ok,3,LEFT,9402.5,1.0,11.3099324740202,519.0,484.0,301.0,294.0,sam2,548.0732783834087,326.1945759106621,46875.5,1.0,sam2_body_edge,658.4991235649042,442.0037439600644,True,35,left,ac_ok|ab_no_overlap,True,3400.0,0.0,1780642791.4839265
8879.0,1.0,sam2,490.740755340316,239.0730187333408,484.0,295.0,56.331740752077316,False,0.0,ab_no_overlap,520.2904389189955,320.7234602007445,86.8330489584582,False,86.8330489584582,ac_ok,3,LEFT,9380.5,1.0,11.3099324740202,514.0,484.0,301.0,295.0,sam2,547.827105875664,326.60899383472804,46875.5,1.0,sam2_body_edge,658.4991235649042,442.0037439600644,True,36,left,ac_ok|ab_no_overlap,True,3500.0,0.0,1780642791.8897102
8851.5,1.0,sam2,489.972208100322,239.69560714756443,480.996064442929,297.39938780223343,58.39775215537246,False,0.0,ab_no_overlap,519.4116706862834,321.04149060877364,86.50915970829246,False,86.50915970829246,ac_ok,3,LEFT,9367.5,1.0,8.841814560191665,517.0,472.0,303.0,296.0,sam2,547.9004181122675,327.40316697802683,46875.5,1.0,sam2_body_edge,658.4991235649042,442.0037439600644,True,37,left,ac_ok|ab_no_overlap,True,3600.0,0.0,1780642792.2893274
8810.5,1.0,sam2,489.3465561924219,240.08618504435992,483.94221382355653,298.9334686164491,59.094921103710675,False,0.0,ab_no_overlap,518.7334913541146,321.2869269385109,86.35480555451475,False,86.35480555451475,ac_ok,3,LEFT,9386.0,1.0,5.247138901616438,550.0,452.0,305.0,296.0,sam2,548.1268023297108,327.79201292705443,46875.5,1.0,sam2_body_edge,658.4991235649042,442.0037439600644,True,38,left,ac_ok|ab_no_overlap,True,3700.0,0.0,1780642792.6827247
8790.5,1.0,sam2,488.62537208729117,240.48616878069126,484.73276419601245,301.6557213579281,61.293283145011785,False,0.0,ab_no_overlap,517.9678333328596,321.56402222239365,86.22411698974864,False,86.22411698974864,ac_ok,3,LEFT,9367.5,1.0,3.641185257901327,553.0,443.0,306.0,299.0,sam2,548.2282003380482,328.5677964593897,46875.5,1.0,sam2_body_edge,658.4991235649042,442.0037439600644,True,39,left,ac_ok|ab_no_overlap,True,3800.0,0.0,1780642793.086793
8796.0,1.0,sam2,488.1245831438532,240.86675761709867,484.4052022813714,301.616645037635,60.86363951989755,False,0.0,ab_no_overlap,517.4032533698579,321.76834639948,86.03666426423482,False,86.03666426423482,ac_ok,3,LEFT,9368.0,1.0,3.503531644784431,556.0,458.0,306.0,300.0,sam2,549.0404212923427,328.90487119271273,46875.5,1.0,sam2_body_edge,658.4991235649042,442.0037439600644,True,40,left,ac_ok|ab_no_overlap,True,3900.0,0.0,1780642793.4855628
8822.0,1.0,sam2,487.74045945741705,241.0173241139575,485.25711895715654,303.59750472052207,62.62943385334466,False,0.0,ab_no_overlap,517.0154336597427,321.9087001993312,86.02580333558181,False,86.02580333558181,ac_ok,3,LEFT,9325.0,1.0,2.272449732782917,571.0,445.0,307.0,302.0,sam2,548.7827882037534,329.42709562109025,46875.5,1.0,sam2_body_edge,658.4991235649042,442.0037439600644,True,41,left,ac_ok|ab_no_overlap,True,4000.0,0.0,1780642793.868457
8844.0,1.0,sam2,487.5341474445952,241.07293080054274,485.03620674582356,303.52144826983294,62.498456315710904,False,0.0,ab_no_overlap,516.8152202808964,321.98115837453275,86.04372444059668,False,86.04372444059668,ac_ok,3,LEFT,9303.0,1.0,2.2906100426385194,572.0,447.0,307.0,302.0,sam2,548.7030706940412,329.56139596545916,46875.5,1.0,sam2_body_edge,658.4991235649042,442.0037439600644,True,42,left,ac_ok|ab_no_overlap,True,4100.0,0.0,1780642794.2778783
8885.0,1.0,sam2,486.8021947101857,241.82324141812043,484.0,303.0,61.24090206536288,False,0.0,ab_no_overlap,515.9279383608547,322.30226992654786,85.5872827753327,False,85.5872827753327,ac_ok,3,LEFT,9313.5,1.0,2.632434868986479,571.0,484.0,307.0,303.0,sam2,548.7213543064727,329.9635475385194,46875.5,1.0,sam2_body_edge,658.4991235649042,442.0037439600644,True,43,left,ac_ok|ab_no_overlap,True,4200.0,0.0,1780642794.6849773
8911.5,1.0,sam2,486.4275748564589,242.1532289737979,484.1688013996562,305.3988857642734,63.2859791769692,False,0.0,ab_no_overlap,515.4911082835035,322.46036081168444,85.40447528843342,False,85.40447528843342,ac_ok,3,LEFT,9267.5,1.0,2.0454084888872046,557.0,445.0,308.0,304.0,sam2,548.5953960974732,330.41607769085516,46875.5,1.0,sam2_body_edge,658.4991235649042,442.0037439600644,True,44,left,ac_ok|ab_no_overlap,True,4300.0,0.0,1780642795.0871553
8709.5,1.0,sam2,486.692002985246,241.72897410873185,484.0816102220299,304.3784004259179,62.70378591640839,False,0.0,ab_no_overlap,515.8606725654421,322.32661373822094,85.71342251318428,False,85.71342251318428,ac_ok,3,LEFT,9221.0,1.0,2.3859440303887993,571.0,475.0,308.0,304.0,sam2,547.9275205147669,331.16046704984996,46875.5,1.0,sam2_body_edge,658.4991235649042,442.0037439600644,True,45,left,ac_ok|ab_no_overlap,True,4400.0,0.0,1780642795.4846156
8887.0,1.0,sam2,486.0278871760249,242.0609316979858,483.9913601442801,305.19326968207355,63.16517665366032,False,0.0,ab_no_overlap,515.1672418510475,322.5775696158114,85.62727937092824,False,85.62727937092824,ac_ok,3,LEFT,9224.0,1.0,1.8476102659946037,571.0,478.0,308.0,305.0,sam2,547.8482039606822,331.40268141081236,46875.5,1.0,sam2_body_edge,658.4991235649042,442.0037439600644,True,46,left,ac_ok|ab_no_overlap,True,4500.0,0.0,1780642795.8677635
8772.0,1.0,sam2,486.0197978416172,242.0733014135887,484.97082889668735,306.5848915267754,64.52011775236646,False,0.0,ab_no_overlap,515.1561310901926,322.58159065307314,85.61840077600449,False,85.61840077600449,ac_ok,3,LEFT,9158.5,1.0,0.9315565980774636,572.0,449.0,308.0,306.0,sam2,548.2588123964987,331.7029717384579,46875.5,1.0,sam2_body_edge,658.4991235649042,442.0037439600644,True,47,left,ac_ok|ab_no_overlap,True,4600.0,0.0,1780642796.2852323
8757.0,1.0,sam2,485.7014578813139,242.1651821400023,484.6540666816123,306.5797409216522,64.42307359448047,False,0.0,ab_no_overlap,514.8452559469787,322.69409784776013,85.64033647037718,False,85.64033647037718,ac_ok,3,LEFT,9173.0,1.0,0.9315565980774636,572.0,449.0,308.0,306.0,sam2,548.010610850685,331.812020785639,46875.5,1.0,sam2_body_edge,658.4991235649042,442.0037439600644,True,48,left,ac_ok|ab_no_overlap,True,4700.0,0.0,1780642796.6708
8777.5,1.0,sam2,485.6823507073008,242.2298680337985,486.1855343554404,308.65010958821637,66.42214752573852,False,0.0,ab_no_overlap,514.8076624503276,322.70770311321473,85.58601359567,False,85.58601359567,ac_ok,3,LEFT,9179.5,1.0,179.5659493678606,572.0,440.0,308.0,309.0,sam2,548.0104580859525,331.888247362783,46875.5,1.0,sam2_body_edge,658.4991235649042,442.0037439600644,True,49,left,ac_ok|ab_no_overlap,True,4800.0,0.0,1780642797.0709708
8749.0,1.0,sam2,485.60808854345254,242.25427667923952,484.5097951372427,306.50444094251696,64.25955070076554,False,0.0,ab_no_overlap,514.7341897699413,322.73429322611645,85.58833352765582,False,85.58833352765582,ac_ok,3,LEFT,9152.5,1.0,0.9793196543394913,572.0,455.0,308.0,306.0,sam2,548.5973595556769,331.91333879632157,46875.5,1.0,sam2_body_edge,658.4991235649042,442.0037439600644,True,50,left,ac_ok|ab_no_overlap,True,4900.0,0.0,1780642797.4680088
8634.5,1.0,sam2,485.23875152006485,242.25892253942516,485.7456179922601,308.65843039700565,66.40144243425385,False,0.0,ab_no_overlap,514.4061379883237,322.85301672803524,85.7096520321447,False,85.7096520321447,ac_ok,3,LEFT,9188.5,1.0,179.56263613247927,572.0,441.0,308.0,309.0,sam2,548.6148809199906,332.0130960802452,46875.5,1.0,sam2_body_edge,658.4991235649042,442.0037439600644,True,51,left,ac_ok|ab_no_overlap,True,5000.0,0.0,1780642797.888004
8689.0,1.0,sam2,484.7253615682663,243.03391260981314,483.09109918321803,305.680637369997,62.66803760068935,False,0.0,ab_no_overlap,514.0,323.0,85.15620698342394,False,85.15620698342394,ac_ok,2,DOWN,9224.5,1.0,1.4943335912665248,572.0,457.0,308.0,305.0,sam2,548.6900283664877,332.00807631849966,46875.5,1.0,sam2_body_edge,658.4991235649042,442.0037439600644,True,52,down,ac_ok|ab_no_overlap,True,5100.0,0.0,1780642798.3048482
8696.0,1.0,sam2,484.96494556884386,242.93933992640294,486.2595441880118,308.10080375785407,65.17432281383724,False,0.0,ab_no_overlap,514.0,323.0,85.16304173313831,False,85.16304173313831,ac_ok,2,DOWN,9166.5,1.0,178.86182299251183,592.0,441.0,306.0,309.0,sam2,548.6880125093182,332.05340097092676,46875.5,1.0,sam2_body_edge,658.4991235649042,442.0037439600644,True,53,down,ac_ok|ab_no_overlap,True,5100.0,100.0,1780642798.7182226
8665.0,1.0,sam2,484.5552413925754,243.2470282746682,485.0546053393547,308.66370530275304,65.41858296958218,False,0.0,ab_no_overlap,514.0,323.0,85.01488286453778,False,85.01488286453778,ac_ok,2,DOWN,9195.0,1.0,179.56263613247927,572.0,441.0,308.0,309.0,sam2,548.7133224578575,332.0269168026101,46875.5,1.0,sam2_body_edge,658.4991235649042,442.0037439600644,True,54,down,ac_ok|ab_no_overlap,True,5100.0,200.0,1780642799.1277761
8627.5,1.0,sam2,484.26697575581954,243.54372645609968,482.6469956172033,305.64296510305746,62.12036522897564,False,0.0,ab_no_overlap,514.0,323.0,84.83720962047336,False,84.83720962047336,ac_ok,2,DOWN,9166.5,1.0,1.4943335912665248,573.0,458.0,308.0,305.0,sam2,548.4127347769959,331.9878543246241,46875.5,1.0,sam2_body_edge,658.4991235649042,442.0037439600644,True,55,down,ac_ok|ab_no_overlap,True,5100.0,300.0,1780642799.5350463
8701.5,1.0,sam2,484.4038575724491,243.79231550115878,482.78958480002564,305.672771777392,61.9015084270052,False,0.0,ab_no_overlap,514.0,323.0,84.55642453569007,False,84.55642453569007,ac_ok,2,DOWN,9175.5,1.0,1.4943335912665248,572.0,457.0,308.0,305.0,sam2,548.2515212613299,331.987030679527,46875.5,1.0,sam2_body_edge,658.4991235649042,442.0037439600644,True,56,down,ac_ok|ab_no_overlap,True,5100.0,400.0,1780642799.9341106
8598.0,1.0,sam2,483.8332945646274,244.38708614406448,482.2349150171452,305.658302130882,61.29206086991246,False,0.0,ab_no_overlap,514.0,323.0,84.20225853114201,False,84.20225853114201,ac_ok,2,DOWN,9255.5,1.0,1.4943335912665248,572.0,457.0,308.0,305.0,sam2,548.0972214719176,332.00151261412134,46875.5,1.0,sam2_body_edge,658.4991235649042,442.0037439600644,True,57,down,ac_ok|ab_no_overlap,True,5100.0,500.0,1780642800.321098
8570.5,1.0,sam2,483.4168951636427,244.77648134103413,483.90091740569835,308.66741729238106,63.89276934262531,False,0.0,ab_no_overlap,514.0,323.0,83.9895539506027,False,83.9895539506027,ac_ok,2,DOWN,9257.0,1.0,179.5659493678606,572.0,440.0,308.0,309.0,sam2,548.1649562493249,332.17530877534114,46875.5,1.0,sam2_body_edge,658.4991235649042,442.0037439600644,True,58,down,ac_ok|ab_no_overlap,True,5100.0,600.0,1780642800.7176185
8626.5,1.0,sam2,483.2191889333256,245.2744450240538,483.6994502858588,308.66894355844045,63.39631768007578,False,0.0,ab_no_overlap,514.0,323.0,83.59856593411841,False,83.59856593411841,ac_ok,2,DOWN,9275.5,1.0,179.5659493678606,572.0,440.0,308.0,309.0,sam2,548.17172479471,332.3518408711121,46875.5,1.0,sam2_body_edge,658.4991235649042,442.0037439600644,True,59,down,ac_ok|ab_no_overlap,True,5100.0,700.0,1780642801.122318
8695.5,1.0,sam2,483.01968451114556,246.15973779541142,483.4932509344738,308.6705056747388,62.51256166580006,False,0.0,ab_no_overlap,514.0,323.0,82.85050297649906,False,82.85050297649906,ac_ok,2,DOWN,9230.0,1.0,179.5659493678606,572.0,440.0,308.0,309.0,sam2,548.349711087035,332.2878656554713,46875.5,1.0,sam2_body_edge,658.4991235649042,442.0037439600644,True,60,down,ac_ok|ab_no_overlap,True,5100.0,800.0,1780642801.5184588
8789.5,1.0,sam2,482.8729544721922,247.5621480175209,484.1288170003643,309.09941189795177,61.55007747013359,False,0.0,ab_no_overlap,514.0,323.0,81.607367774121,False,81.607367774121,ac_ok,2,DOWN,9252.5,1.0,178.8308606720926,587.0,440.0,307.0,310.0,sam2,548.2265693956588,332.6154913086553,46875.5,1.0,sam2_body_edge,658.4991235649042,442.0037439600644,True,61,down,ac_ok|ab_no_overlap,True,5100.0,900.0,1780642801.9020176
8807.0,1.0,sam2,482.97269217667764,248.81456038757045,483.8850542162786,308.57427398143085,59.76667778379126,False,0.0,ab_no_overlap,514.0,323.0,80.41251943107262,False,80.41251943107262,ac_ok,2,DOWN,9328.0,1.0,179.12532322887867,587.0,456.0,307.0,309.0,sam2,548.1725450257289,333.33914022298455,46875.5,1.0,sam2_body_edge,658.4991235649042,442.0037439600644,True,62,down,ac_ok|ab_no_overlap,True,5100.0,1000.0,1780642802.300551
8777.0,1.0,sam2,482.8534996771865,250.61167445216662,487.12852449592566,311.6279377741708,61.16584199519358,False,0.0,ab_no_overlap,514.0,323.0,78.80465822512097,False,78.80465822512097,ac_too_near,1,UP,9374.0,1.0,175.99219545762767,596.0,439.0,304.0,315.0,sam2,547.4223739421094,333.8880236114074,46875.5,1.0,sam2_body_edge,658.4991235649042,442.0037439600644,False,63,up,ac_too_near|ab_no_overlap,True,5100.0,1100.0,1780642802.7134624
8707.0,1.0,sam2,481.7738983959266,251.82102522874314,486.4023720417151,312.3768887611428,60.73249028686682,False,0.0,ab_no_overlap,514.0,323.0,78.13429512117763,False,78.13429512117763,ac_too_near,1,UP,9349.0,1.0,175.62920296209253,596.0,439.0,304.0,316.0,sam2,547.7529682318965,334.2821513887403,46875.5,1.0,sam2_body_edge,658.4991235649042,442.0037439600644,False,64,up,ac_too_near|ab_no_overlap,True,5100.0,1000.0,1780642803.103268
8794.0,1.0,sam2,481.6714616026078,253.63133954969297,486.136424552385,312.42001838842646,58.95799058436976,False,0.0,ab_no_overlap,514.0,323.0,76.53198970091954,False,76.53198970091954,ac_too_near,1,UP,9317.0,1.0,175.65676004831062,597.0,439.0,304.0,316.0,sam2,548.0287825122535,334.3605416621945,46875.5,1.0,sam2_body_edge,658.4991235649042,442.0037439600644,False,65,up,ac_too_near|ab_no_overlap,True,5100.0,900.0,1780642803.5011244
8849.0,1.0,sam2,481.71714318002034,254.99949146796249,485.1888503077827,313.2470221670858,58.35090044657638,False,0.0,ab_no_overlap,514.0,323.0,75.27451099193547,False,75.27451099193547,ac_too_near,1,UP,9321.0,1.0,176.58905504464428,590.0,439.0,307.0,316.0,sam2,548.2205414297464,334.2823016128455,46875.5,1.0,sam2_body_edge,658.4991235649042,442.0037439600644,False,66,up,ac_too_near|ab_no_overlap,True,5100.0,800.0,1780642803.9055173
8773.0,1.0,sam2,481.7601352634978,255.8687260154261,485.20168563428876,313.22789886194266,57.46232660266425,False,0.0,ab_no_overlap,514.0,323.0,74.47158401041224,False,74.47158401041224,ac_too_near,1,UP,9341.5,1.0,176.56636963754949,589.0,439.0,307.0,316.0,sam2,548.1118128780174,334.259826223483,46875.5,1.0,sam2_body_edge,658.4991235649042,442.0037439600644,False,67,up,ac_too_near|ab_no_overlap,True,5100.0,700.0,1780642804.3228276
8665.5,1.0,sam2,481.65372261650606,256.4661012059316,484.9965590195497,313.29432005767353,56.926452665513885,False,0.0,ab_no_overlap,514.0,323.0,73.9800064159856,False,73.9800064159856,ac_too_near,1,UP,9342.5,1.0,176.63353933657018,592.0,439.0,307.0,316.0,sam2,548.0239586120774,334.36765676567654,46875.5,1.0,sam2_body_edge,658.4991235649042,442.0037439600644,False,68,up,ac_too_near|ab_no_overlap,True,5100.0,600.0,1780642804.7200053
8532.5,1.0,sam2,481.85943939837875,256.6159390565485,484.5221774163374,312.15304628825777,55.600903350742946,False,0.0,ab_no_overlap,514.0,323.0,73.7554010437905,False,73.7554010437905,ac_too_near,1,UP,9301.5,1.0,177.25504410616188,592.0,446.0,307.0,314.0,sam2,548.3073697790679,334.5974842767296,46875.5,1.0,sam2_body_edge,658.4991235649042,442.0037439600644,False,69,up,ac_too_near|ab_no_overlap,True,5100.0,500.0,1780642805.121528
8728.0,1.0,sam2,481.3313282920867,257.16628475404826,483.85558139059646,313.20470354096415,56.09524252414908,False,0.0,ab_no_overlap,514.0,323.0,73.49367438252405,False,73.49367438252405,ac_too_near,1,UP,9222.5,1.0,177.42085249971657,555.0,444.0,310.0,315.0,sam2,548.7781693322489,334.74630884611906,46875.5,1.0,sam2_body_edge,658.4991235649042,442.0037439600644,False,70,up,ac_too_near|ab_no_overlap,True,5100.0,400.0,1780642805.5377555
8552.0,1.0,sam2,481.7547747115684,256.96431633925783,485.0510440229166,313.3671467778815,56.49906789373668,False,0.0,ab_no_overlap,514.0,323.0,73.48786342276742,False,73.48786342276742,ac_too_near,1,UP,9195.5,1.0,176.65534968173412,594.0,440.0,307.0,316.0,sam2,548.9320863465825,334.70913309046085,46875.5,1.0,sam2_body_edge,658.4991235649042,442.0037439600644,False,71,up,ac_too_near|ab_no_overlap,True,5100.0,300.0,1780642805.935483
8524.5,1.0,sam2,481.89344438578996,256.77197098559054,483.9243157671178,312.6209339721048,55.885875722194214,False,0.0,ab_no_overlap,514.0,323.0,73.60015448721438,False,73.60015448721438,ac_too_near,1,UP,9263.5,1.0,177.91743472026914,556.0,446.0,310.0,314.0,sam2,548.6913153775571,334.64991633831704,46875.5,1.0,sam2_body_edge,658.4991235649042,442.0037439600644,False,72,up,ac_too_near|ab_no_overlap,True,5100.0,200.0,1780642806.3344116
8617.5,1.0,sam2,481.86827192727975,257.041156561261,484.8985099179664,311.964220142457,55.00659283598921,False,0.0,ab_no_overlap,514.0,323.0,73.36904644818087,False,73.36904644818087,ac_too_near,1,UP,9276.5,1.0,176.84205520356073,593.0,448.0,306.0,314.0,sam2,548.5294561526438,334.6885139869563,46875.5,1.0,sam2_body_edge,658.4991235649042,442.0037439600644,False,73,up,ac_too_near|ab_no_overlap,True,5100.0,100.0,1780642806.7392356
8580.5,1.0,sam2,481.62428374414856,256.58465901365497,484.34227095946216,313.0583933762826,56.53910264023684,False,0.0,ab_no_overlap,514.0,323.0,73.88629454379131,False,73.88629454379131,ac_too_near,1,UP,9261.0,1.0,177.24457529949726,631.0,444.0,306.0,315.0,sam2,548.3132851024008,334.76928337472555,46875.5,1.0,sam2_body_edge,658.4991235649042,442.0037439600644,False,74,up,ac_too_near|ab_no_overlap,True,5100.0,0.0,1780642807.1519713
8672.5,1.0,sam2,481.2168156048813,256.2518112808686,484.05587318294874,312.2218035341983,56.04195107925282,False,0.0,ab_no_overlap,514.0,323.0,74.36435891184121,False,74.36435891184121,ac_too_near,1,UP,9252.0,1.0,177.09618113490373,587.0,449.0,307.0,314.0,sam2,548.4869397607724,334.623270644185,46875.5,1.0,sam2_body_edge,658.4991235649042,442.0037439600644,False,75,up,ac_too_near|ab_no_overlap,True,5100.0,-100.0,1780642807.5521932
8708.5,1.0,sam2,481.19902011444753,255.62245698646913,484.2484933607209,312.80008035409486,57.258884909241786,False,0.0,ab_no_overlap,514.0,323.0,74.93755789984499,False,74.93755789984499,ac_too_near,1,UP,9244.5,1.0,176.94711748520757,593.0,443.0,307.0,315.0,sam2,548.6176465285665,334.5990769286242,46875.5,1.0,sam2_body_edge,658.4991235649042,442.0037439600644,False,76,up,ac_too_near|ab_no_overlap,True,5100.0,-200.0,1780642807.9520981
8783.5,1.0,sam2,480.9362251190679,254.74243372991023,484.01246496689805,313.7036974799879,59.04145894714664,False,0.0,ab_no_overlap,514.0,323.0,75.84397512322685,False,75.84397512322685,ac_too_near,1,UP,9275.0,1.0,177.01336300952485,555.0,440.0,310.0,316.0,sam2,548.4771248876909,334.5970709793351,46875.5,1.0,sam2_body_edge,658.4991235649042,442.0037439600644,False,77,up,ac_too_near|ab_no_overlap,True,5100.0,-300.0,1780642808.3487964
8769.5,1.0,sam2,480.74643176159793,253.66379687173344,483.9013542984344,312.81859443741683,59.238869091589024,False,0.0,ab_no_overlap,514.0,323.0,76.89804200908047,False,76.89804200908047,ac_too_near,1,UP,9266.0,1.0,176.94711748520757,593.0,443.0,307.0,315.0,sam2,548.5264767249442,334.6420965537089,46875.5,1.0,sam2_body_edge,658.4991235649042,442.0037439600644,False,78,up,ac_too_near|ab_no_overlap,True,5100.0,-400.0,1780642808.7515256
8788.0,1.0,sam2,480.4835191928386,252.09903656501285,484.1124755406688,313.38807710614464,61.39638274871698,False,0.0,ab_no_overlap,514.0,323.0,78.42385543765495,False,78.42385543765495,ac_too_near,1,UP,9272.0,1.0,176.61144300927648,592.0,440.0,307.0,316.0,sam2,548.4052883232672,334.550312769629,46875.5,1.0,sam2_body_edge,658.4991235649042,442.0037439600644,False,79,up,ac_too_near|ab_no_overlap,True,5100.0,-500.0,1780642809.1511621
8924.0,1.0,sam2,480.5567944120723,249.94709024353799,484.0271220935709,312.8467794706995,62.995349662419336,False,0.0,ab_no_overlap,514.0,323.0,80.34410758656905,False,80.34410758656905,ac_ok,2,DOWN,9218.5,1.0,176.84205520356073,590.0,445.0,307.0,315.0,sam2,548.829581819168,334.5869356909114,46875.5,1.0,sam2_body_edge,658.4991235649042,442.0037439600644,True,80,down,ac_ok|ab_no_overlap,True,5100.0,-600.0,1780642809.5521097
8887.5,1.0,sam2,480.43246132208156,248.39088607594937,484.28039052117634,313.37813477177247,65.10106798028744,False,0.0,ab_no_overlap,514.0,323.0,81.8125878665717,False,81.8125878665717,ac_ok,2,DOWN,9238.5,1.0,176.61144300927648,592.0,440.0,307.0,316.0,sam2,548.7234940737133,334.5078024931897,46875.5,1.0,sam2_body_edge,658.4991235649042,442.0037439600644,True,81,down,ac_ok|ab_no_overlap,True,5100.0,-500.0,1780642809.9689622
8942.5,1.0,sam2,480.5365576367533,247.29259155717082,484.44892656412935,313.36815566396604,66.19128947720463,False,0.0,ab_no_overlap,514.0,323.0,82.77326662593242,False,82.77326662593242,ac_ok,2,DOWN,9231.0,1.0,176.61144300927648,592.0,440.0,307.0,316.0,sam2,548.9085328422344,334.57350232910846,46875.5,1.0,sam2_body_edge,658.4991235649042,442.0037439600644,True,82,down,ac_ok|ab_no_overlap,True,5100.0,-400.0,1780642810.3647163
8918.5,1.0,sam2,480.3043112631048,246.7647773355011,482.912143888935,311.4390264560913,64.72680503714446,False,0.0,ab_no_overlap,514.0,323.0,83.34991670157477,False,83.34991670157477,ac_ok,2,DOWN,9213.0,1.0,177.6909372109743,593.0,469.0,307.0,312.0,sam2,548.8884909005391,334.4761568797713,46875.5,1.0,sam2_body_edge,658.4991235649042,442.0037439600644,True,83,down,ac_ok|ab_no_overlap,True,5100.0,-300.0,1780642810.7707825
8973.0,1.0,sam2,480.28660054236775,246.75833054719715,483.791778875399,313.7072367080943,67.04060196095321,False,0.0,ab_no_overlap,514.0,323.0,83.36297417883031,False,83.36297417883031,ac_ok,2,DOWN,9223.0,1.0,177.00295741971632,631.0,440.0,306.0,316.0,sam2,548.601250496946,334.6348801908273,46875.5,1.0,sam2_body_edge,658.4991235649042,442.0037439600644,True,84,down,ac_ok|ab_no_overlap,True,5100.0,-200.0,1780642811.17006
8885.0,1.0,sam2,480.35794410054393,246.59110861001687,484.07795056491057,313.55122496861605,67.06337026165679,False,0.0,ab_no_overlap,514.0,323.0,83.48716433433565,False,83.48716433433565,ac_ok,2,DOWN,9258.0,1.0,176.82016988013575,584.0,440.0,308.0,316.0,sam2,548.3886548570605,334.5398034132642,46875.5,1.0,sam2_body_edge,658.4991235649042,442.0037439600644,True,85,down,ac_ok|ab_no_overlap,True,5100.0,-100.0,1780642811.5864015
8799.5,1.0,sam2,479.92812091596113,246.68947099267004,483.43787456710254,313.72576572947105,67.12811022761593,False,0.0,ab_no_overlap,514.0,323.0,83.5714651163656,False,83.5714651163656,ac_ok,2,DOWN,9232.5,1.0,177.00295741971632,631.0,440.0,306.0,316.0,sam2,548.3527033125733,334.54263020128167,46875.5,1.0,sam2_body_edge,658.4991235649042,442.0037439600644,True,86,down,ac_ok|ab_no_overlap,True,5100.0,0.0,1780642811.9886458
8944.5,1.0,sam2,479.81401978869695,246.85152887249149,482.9508253362124,312.27633029209943,65.49995564760374,False,0.0,ab_no_overlap,514.0,323.0,83.47017969349653,False,83.47017969349653,ac_ok,2,DOWN,9315.5,1.0,177.25504410616188,593.0,447.0,307.0,314.0,sam2,548.2154115900023,334.4759451094055,46875.5,1.0,sam2_body_edge,658.4991235649042,442.0037439600644,True,87,down,ac_ok|ab_no_overlap,True,5100.0,100.0,1780642812.3850105
8986.5,1.0,sam2,479.27752740221445,247.31194940558984,483.99142666517764,312.8351491607786,65.69254563814476,False,0.0,ab_no_overlap,514.0,323.0,83.2726311946846,False,83.2726311946846,ac_ok,2,DOWN,9232.0,1.0,175.88509090176274,579.0,440.0,306.0,316.0,sam2,548.5403668399769,334.4736424032351,46875.5,1.0,sam2_body_edge,658.4991235649042,442.0037439600644,True,88,down,ac_ok|ab_no_overlap,True,5100.0,200.0,1780642812.801839
8908.0,1.0,sam2,479.14331686873214,247.76972010178116,483.0080459770114,313.47011494252877,65.81396518452992,False,0.0,ab_no_overlap,514.0,323.0,82.91310736233423,False,82.91310736233423,ac_ok,2,DOWN,9284.5,1.0,176.63353933657018,593.0,440.0,307.0,316.0,sam2,548.4776419480495,334.41991132173695,46875.5,1.0,sam2_body_edge,658.4991235649042,442.0037439600644,True,89,down,ac_ok|ab_no_overlap,True,5100.0,300.0,1780642813.203562
8956.0,1.0,sam2,478.7254912907548,248.09680661009378,481.24048245818904,311.4745840294369,63.42765840852139,False,0.0,ab_no_overlap,514.0,323.0,82.79359482885319,False,82.79359482885319,ac_ok,2,DOWN,9208.0,1.0,177.72755026721708,594.0,468.0,307.0,312.0,sam2,548.7768969012452,334.46827034462785,46875.5,1.0,sam2_body_edge,658.4991235649042,442.0037439600644,True,90,down,ac_ok|ab_no_overlap,True,5100.0,400.0,1780642813.601326
8914.5,1.0,sam2,478.3479911006412,249.10243610596964,479.98495637221504,310.76146133525094,61.68075102919457,False,0.0,ab_no_overlap,514.0,323.0,82.04825219364675,False,82.04825219364675,ac_ok,2,DOWN,9252.0,1.0,178.47923033885624,584.0,471.0,308.0,311.0,sam2,548.5004683671998,334.4427691309987,46875.5,1.0,sam2_body_edge,658.4991235649042,442.0037439600644,True,91,down,ac_ok|ab_no_overlap,True,5100.0,500.0,1780642814.0031736
8740.5,1.0,sam2,477.50752245294893,249.95013633850084,482.3087510216998,312.7662101129911,62.999293013585394,False,0.0,ab_no_overlap,514.0,323.0,81.65772160969006,False,81.65772160969006,ac_ok,2,DOWN,9256.5,1.0,175.62920296209253,597.0,440.0,304.0,316.0,sam2,548.6644700120635,334.47336106159634,46875.5,1.0,sam2_body_edge,658.4991235649042,442.0037439600644,True,92,down,ac_ok|ab_no_overlap,True,5100.0,600.0,1780642814.4008708
8830.0,1.0,sam2,477.0064552661382,251.0817100792752,478.96242991023587,310.7389367242546,59.6892831903583,False,0.0,ab_no_overlap,514.0,323.0,80.874982393183,False,80.874982393183,ac_ok,2,DOWN,9270.5,1.0,178.12212255271464,593.0,471.0,307.0,311.0,sam2,548.6645632202506,334.4381281124714,46875.5,1.0,sam2_body_edge,658.4991235649042,442.0037439600644,True,93,down,ac_ok|ab_no_overlap,True,5100.0,700.0,1780642814.8190675
8863.0,1.0,sam2,476.771672496145,251.98822821467522,478.26290920584825,310.89207824795324,58.92272342371212,False,0.0,ab_no_overlap,514.0,323.0,80.1786760979834,False,80.1786760979834,ac_ok,2,DOWN,9177.5,1.0,178.54978370906656,632.0,474.0,307.0,311.0,sam2,548.8421320257877,334.4622537001725,46875.5,1.0,sam2_body_edge,658.4991235649042,442.0037439600644,True,94,down,ac_ok|ab_no_overlap,True,5100.0,800.0,1780642815.231921
8952.5,1.0,sam2,476.9354184119892,252.9361258493903,478.3830258745828,310.8404243531354,57.92239077055241,False,0.0,ab_no_overlap,514.0,323.0,79.2636718130493,False,79.2636718130493,ac_too_near,1,UP,9107.5,1.0,178.56790381583536,632.0,472.0,307.0,311.0,sam2,549.2730716442493,334.3062860279989,46875.5,1.0,sam2_body_edge,658.4991235649042,442.0037439600644,False,95,up,ac_too_near|ab_no_overlap,True,5100.0,900.0,1780642815.6329792
8957.5,1.0,sam2,476.4739975811703,253.39276211740625,477.9593311166268,310.9494366163451,57.57583690306508,False,0.0,ab_no_overlap,514.0,323.0,79.07824241333395,False,79.07824241333395,ac_too_near,1,UP,9120.5,1.0,178.52172734331114,631.0,476.0,307.0,311.0,sam2,549.295415090547,334.3673592456554,46875.5,1.0,sam2_body_edge,658.4991235649042,442.0037439600644,False,96,up,ac_too_near|ab_no_overlap,True,5100.0,800.0,1780642816.0389113
8870.0,1.0,sam2,476.4795001878992,254.2501127395716,477.88518532468095,310.828939495039,56.59628598882582,False,0.0,ab_no_overlap,514.0,323.0,78.32199502356585,False,78.32199502356585,ac_too_near,1,UP,9132.5,1.0,178.5767951533669,632.0,471.0,307.0,311.0,sam2,549.1724792408065,334.37132950086686,46875.5,1.0,sam2_body_edge,658.4991235649042,442.0037439600644,False,97,up,ac_too_near|ab_no_overlap,True,5100.0,700.0,1780642816.4334836
8873.5,1.0,sam2,476.2578276140568,254.70192145151293,477.680736357084,310.9068168010865,56.22290396757802,False,0.0,ab_no_overlap,514.0,323.0,78.03267975550733,False,78.03267975550733,ac_too_near,1,UP,9152.5,1.0,178.54978370906656,632.0,474.0,307.0,311.0,sam2,549.0841300191205,334.43625603204947,46875.5,1.0,sam2_body_edge,658.4991235649042,442.0037439600644,False,98,up,ac_too_near|ab_no_overlap,True,5100.0,600.0,1780642816.8341038
8870.5,1.0,sam2,476.18644195178774,255.03158408958532,477.5821634973622,310.8604459125659,55.84630561713318,False,0.0,ab_no_overlap,514.0,323.0,77.77898645287574,False,77.77898645287574,ac_too_near,1,UP,9117.0,1.0,178.56790381583536,632.0,472.0,307.0,311.0,sam2,549.3123834594713,334.1625351906694,46875.5,1.0,sam2_body_edge,658.4991235649042,442.0037439600644,False,99,up,ac_too_near|ab_no_overlap,True,5100.0,500.0,1780642817.2404063
8860.5,1.0,sam2,476.0767451046781,255.2020578221695,477.4776330875783,310.8873551424509,55.702915765593175,False,0.0,ab_no_overlap,514.0,323.0,77.68355183308758,False,77.68355183308758,ac_too_near,1,UP,9119.0,1.0,178.55890070787785,632.0,473.0,307.0,311.0,sam2,549.20552326644,334.2962678656285,46875.5,1.0,sam2_body_edge,658.4991235649042,442.0037439600644,False,100,up,ac_too_near|ab_no_overlap,True,5100.0,400.0,1780642817.635434
8839.5,1.0,sam2,476.2015951128457,255.15870052981876,477.73643872686876,310.924685172655,55.78710234547549,False,0.0,ab_no_overlap,514.0,323.0,77.66055192835074,False,77.66055192835074,ac_too_near,1,UP,9172.5,1.0,178.42344994481627,584.0,475.0,308.0,311.0,sam2,549.3014445352957,334.3622058689924,46875.5,1.0,sam2_body_edge,658.4991235649042,442.0037439600644,False,101,up,ac_too_near|ab_no_overlap,True,5100.0,300.0,1780642818.0382488
8863.0,1.0,sam2,476.10152694723376,255.23694008800632,477.9395358553493,310.83670955850084,55.630141487492615,False,0.0,ab_no_overlap,514.0,323.0,77.64101073767453,False,77.64101073767453,ac_too_near,1,UP,9195.5,1.0,178.10661415425372,594.0,473.0,307.0,311.0,sam2,549.1938991898211,334.3033730266616,46875.5,1.0,sam2_body_edge,658.4991235649042,442.0037439600644,False,102,up,ac_too_near|ab_no_overlap,True,5100.0,200.0,1780642818.437521
8930.5,1.0,sam2,476.00067185487933,255.22010712352798,477.7856273019987,310.91071707365387,55.719207662755416,False,0.0,ab_no_overlap,514.0,323.0,77.70497292854931,False,77.70497292854931,ac_too_near,1,UP,9156.5,1.0,178.1642252594543,631.0,475.0,306.0,311.0,sam2,549.1013123646225,334.2782540635978,46875.5,1.0,sam2_body_edge,658.4991235649042,442.0037439600644,False,103,up,ac_too_near|ab_no_overlap,True,5100.0,100.0,1780642818.835389
8943.5,1.0,sam2,475.9598032090345,255.06645422187432,477.3635419236466,310.865068127707,55.81626820373325,False,0.0,ab_no_overlap,514.0,323.0,77.8589957158714,False,77.8589957158714,ac_too_near,1,UP,9140.0,1.0,178.55890070787785,631.0,472.0,307.0,311.0,sam2,549.3004741064916,334.212363238512,46875.5,1.0,sam2_body_edge,658.4991235649042,442.0037439600644,False,104,up,ac_too_near|ab_no_overlap,True,5100.0,0.0,1780642819.2337966
8957.0,1.0,sam2,476.1684901938892,255.01153660079638,479.59750908558107,313.6858598586349,58.77443645263568,False,0.0,ab_no_overlap,514.0,323.0,77.80523304762158,False,77.80523304762158,ac_too_near,1,UP,9135.0,1.0,176.65534968173412,594.0,440.0,307.0,316.0,sam2,549.4161284437146,334.150428753877,46875.5,1.0,sam2_body_edge,658.4991235649042,442.0037439600644,False,105,up,ac_too_near|ab_no_overlap,True,5100.0,-100.0,1780642819.6385708
8840.0,1.0,sam2,475.8987179487179,254.49890648567114,480.39057381776234,312.89303278324905,58.566635170596484,False,0.0,ab_no_overlap,514.0,323.0,78.38435753777777,False,78.38435753777777,ac_too_near,1,UP,9181.0,1.0,175.6012946450045,596.0,440.0,304.0,316.0,sam2,549.0063355480521,334.1493119848963,46875.5,1.0,sam2_body_edge,658.4991235649042,442.0037439600644,False,106,up,ac_too_near|ab_no_overlap,True,5100.0,-200.0,1780642820.036213
8992.5,1.0,sam2,476.67962190714485,253.9867296821425,478.09172323475354,310.82380811839124,56.85461736154527,False,0.0,ab_no_overlap,514.0,323.0,78.45790018194046,False,78.45790018194046,ac_too_near,1,UP,9145.0,1.0,178.5767951533669,632.0,471.0,307.0,311.0,sam2,549.0969017678148,334.26852560597774,46875.5,1.0,sam2_body_edge,658.4991235649042,442.0037439600644,False,107,up,ac_too_near|ab_no_overlap,True,5100.0,-300.0,1780642820.4527817
8974.5,1.0,sam2,477.2251936041005,253.08254870280606,478.6683371757955,310.8082915706051,57.74377934468591,False,0.0,ab_no_overlap,514.0,323.0,78.99896443214541,False,78.99896443214541,ac_too_near,1,UP,9208.0,1.0,178.56790381583536,631.0,471.0,307.0,311.0,sam2,548.6821604401969,334.40808717057627,46875.5,1.0,sam2_body_edge,658.4991235649042,442.0037439600644,False,108,up,ac_too_near|ab_no_overlap,True,5100.0,-400.0,1780642820.8685598
9040.0,1.0,sam2,477.91552359882,252.10569690265487,480.07071725273676,311.15800301997314,59.09162138120215,False,0.0,ab_no_overlap,514.0,323.0,79.54930325782593,False,79.54930325782593,ac_too_near,1,UP,9263.0,1.0,177.9098408462893,594.0,457.0,307.0,312.0,sam2,548.3350786282342,334.3618338191371,46875.5,1.0,sam2_body_edge,658.4991235649042,442.0037439600644,False,109,up,ac_too_near|ab_no_overlap,True,5100.0,-500.0,1780642821.3036156
9009.0,1.0,sam2,478.28480778480775,250.984792984793,482.7409458298444,312.92511181080255,62.10040468905285,False,0.0,ab_no_overlap,514.0,323.0,80.38510431921607,False,80.38510431921607,ac_ok,2,DOWN,9224.5,1.0,175.88509090176274,579.0,440.0,306.0,316.0,sam2,548.5613854409453,334.3983594413428,46875.5,1.0,sam2_body_edge,658.4991235649042,442.0037439600644,True,110,down,ac_ok|ab_no_overlap,True,5100.0,-600.0,1780642821.7202573
9054.5,1.0,sam2,478.4656984556481,250.27426509838565,482.1628093099041,313.53593971565493,63.36961499054503,False,0.0,ab_no_overlap,514.0,323.0,80.94269023960605,False,80.94269023960605,ac_ok,2,DOWN,9216.5,1.0,176.65534968173412,594.0,440.0,307.0,316.0,sam2,548.9218069042839,334.3853595905893,46875.5,1.0,sam2_body_edge,658.4991235649042,442.0037439600644,True,111,down,ac_ok|ab_no_overlap,True,5100.0,-500.0,1780642822.1172493
9063.5,1.0,sam2,478.56225519942626,249.92171898273293,483.4296982957766,313.6040994933164,63.86812655613873,False,0.0,ab_no_overlap,514.0,323.0,81.21741754691077,False,81.21741754691077,ac_ok,2,DOWN,9275.5,1.0,175.62920296209253,596.0,439.0,305.0,317.0,sam2,548.3072251271269,334.49758323899874,46875.5,1.0,sam2_body_edge,658.4991235649042,442.0037439600644,True,112,down,ac_ok|ab_no_overlap,True,5100.0,-400.0,1780642822.519532
9039.5,1.0,sam2,478.49042166786506,249.69478400354,481.5225572770445,314.04343970945865,64.4200538459206,False,0.0,ab_no_overlap,514.0,323.0,81.45296093828438,False,81.45296093828438,ac_ok,2,DOWN,9260.5,1.0,177.3021943666837,631.0,440.0,307.0,316.0,sam2,548.1849252200205,334.5706855281392,46875.5,1.0,sam2_body_edge,658.4991235649042,442.0037439600644,True,113,down,ac_ok|ab_no_overlap,True,5100.0,-300.0,1780642822.9213688
9031.0,1.0,sam2,478.4405566013361,249.58688591149004,480.3827801079029,311.73803812162805,62.181492047048884,False,0.0,ab_no_overlap,514.0,323.0,81.57180477956437,False,81.57180477956437,ac_ok,2,DOWN,9251.0,1.0,178.21008939175394,632.0,472.0,307.0,312.0,sam2,548.1606312831045,334.4911180773249,46875.5,1.0,sam2_body_edge,658.4991235649042,442.0037439600644,True,114,down,ac_ok|ab_no_overlap,True,5100.0,-200.0,1780642823.3222735
9044.5,1.0,sam2,478.41319770763073,249.69257559842998,482.9611612598381,312.90926897411236,63.38007805160271,False,0.0,ab_no_overlap,514.0,323.0,81.48864319515991,False,81.48864319515991,ac_ok,2,DOWN,9252.5,1.0,175.88509090176274,579.0,440.0,306.0,316.0,sam2,548.3773754841034,334.5780599837882,46875.5,1.0,sam2_body_edge,658.4991235649042,442.0037439600644,True,115,down,ac_ok|ab_no_overlap,True,5100.0,-100.0,1780642823.7221434
9058.0,1.0,sam2,478.3702436152204,249.96986089644514,481.37449562870285,314.0605705174045,64.16108314140784,False,0.0,ab_no_overlap,514.0,323.0,81.2581119490437,False,81.2581119490437,ac_ok,2,DOWN,9207.0,1.0,177.31622484053102,632.0,440.0,307.0,316.0,sam2,548.4476123239564,334.60472104558124,46875.5,1.0,sam2_body_edge,658.4991235649042,442.0037439600644,True,116,down,ac_ok|ab_no_overlap,True,5100.0,0.0,1780642824.1183884
9073.5,1.0,sam2,478.091456806451,250.2497015117283,481.0832312762415,314.07422353392616,63.894603260683226,False,0.0,ab_no_overlap,514.0,323.0,81.12970728663825,False,81.12970728663825,ac_ok,2,DOWN,9188.5,1.0,177.31622484053102,632.0,440.0,307.0,316.0,sam2,548.7332716620413,334.69235094592875,46875.5,1.0,sam2_body_edge,658.4991235649042,442.0037439600644,True,117,down,ac_ok|ab_no_overlap,True,5100.0,100.0,1780642824.5193074
9076.0,1.0,sam2,477.9965109446158,250.59638974584982,482.48193224932754,312.9437458813433,62.50849399375113,False,0.0,ab_no_overlap,514.0,323.0,80.86120208107255,False,80.86120208107255,ac_ok,2,DOWN,9216.5,1.0,175.88509090176274,579.0,440.0,306.0,316.0,sam2,548.8792383225737,334.519394564097,46875.5,1.0,sam2_body_edge,658.4991235649042,442.0037439600644,True,118,down,ac_ok|ab_no_overlap,True,5100.0,200.0,1780642824.9417214
9053.5,1.0,sam2,477.69063529758284,251.17230905174793,480.6401361366537,314.09499361859434,62.99177556077088,False,0.0,ab_no_overlap,514.0,323.0,80.48345887230958,False,80.48345887230958,ac_ok,2,DOWN,9229.5,1.0,177.31622484053102,632.0,440.0,307.0,316.0,sam2,548.5734330137061,334.5400798165303,46875.5,1.0,sam2_body_edge,658.4991235649042,442.0037439600644,True,119,down,ac_ok|ab_no_overlap,True,5100.0,300.0,1780642825.3695726
9162.5,1.0,sam2,477.77578899499764,252.6224283765348,479.62389290032047,311.76175334686496,59.16819454733418,False,0.0,ab_no_overlap,514.0,323.0,79.15299141883969,False,79.15299141883969,ac_too_near,1,UP,9167.5,1.0,178.21008939175394,632.0,472.0,307.0,312.0,sam2,549.0727570220889,334.3892918825561,46875.5,1.0,sam2_body_edge,658.4991235649042,442.0037439600644,False,120,up,ac_too_near|ab_no_overlap,True,5100.0,400.0,1780642825.7859397
9182.5,1.0,sam2,477.40678827479803,253.06349033487612,480.2684566697385,314.112416093606,61.11595930931227,False,0.0,ab_no_overlap,514.0,323.0,78.93147995892022,False,78.93147995892022,ac_too_near,1,UP,9257.0,1.0,177.31622484053102,632.0,440.0,307.0,316.0,sam2,548.4460588383565,334.4422779158114,46875.5,1.0,sam2_body_edge,658.4991235649042,442.0037439600644,False,121,up,ac_too_near|ab_no_overlap,True,5100.0,300.0,1780642826.185451
9179.0,1.0,sam2,477.2492827831644,253.36018811054217,478.7254348074125,310.9301170562202,57.58885086202977,False,0.0,ab_no_overlap,514.0,323.0,78.74210192743708,False,78.74210192743708,ac_too_near,1,UP,9278.0,1.0,178.53119928561418,632.0,476.0,307.0,311.0,sam2,548.2197851548465,334.3470755191492,46875.5,1.0,sam2_body_edge,658.4991235649042,442.0037439600644,False,122,up,ac_too_near|ab_no_overlap,True,5100.0,200.0,1780642826.5860717
9183.5,1.0,sam2,477.1346255058892,253.76492259668606,481.3638461055872,312.97401099245803,59.35993982088635,False,0.0,ab_no_overlap,514.0,323.0,78.43820357220014,False,78.43820357220014,ac_too_near,1,UP,9239.5,1.0,175.91438322002512,579.0,439.0,306.0,316.0,sam2,548.5447084077421,334.24544978985153,46875.5,1.0,sam2_body_edge,658.4991235649042,442.0037439600644,False,123,up,ac_too_near|ab_no_overlap,True,5100.0,100.0,1780642826.9877434
9049.5,1.0,sam2,476.7573899110448,253.19538832716356,479.0,311.0,57.84809790009091,False,0.0,ab_no_overlap,514.0,323.0,79.11823947127135,False,79.11823947127135,ac_too_near,1,UP,9236.5,1.0,178.50241226098248,632.0,479.0,307.0,311.0,sam2,548.4582002562297,334.20981973691335,46875.5,1.0,sam2_body_edge,658.4991235649042,442.0037439600644,False,124,up,ac_too_near|ab_no_overlap,True,5100.0,0.0,1780642827.3874102
9034.5,1.0,sam2,476.8581179552456,253.18012433818507,481.05307528247084,313.05360619040016,60.0202590471315,False,0.0,ab_no_overlap,514.0,323.0,79.08435015385628,False,79.08435015385628,ac_too_near,1,UP,9291.0,1.0,175.99219545762767,596.0,439.0,305.0,316.0,sam2,548.4022171994403,334.25695117138446,46875.5,1.0,sam2_body_edge,658.4991235649042,442.0037439600644,False,125,up,ac_too_near|ab_no_overlap,True,5100.0,-100.0,1780642827.7865717
9036.0,1.0,sam2,476.9521359008411,253.31359746200383,478.37138779231896,310.7932990668563,57.49722056338329,False,0.0,ab_no_overlap,514.0,323.0,78.92236015855954,False,78.92236015855954,ac_too_near,1,UP,9293.0,1.0,178.58557678859785,632.0,470.0,307.0,311.0,sam2,548.135514186305,334.06226909143084,46875.5,1.0,sam2_body_edge,658.4991235649042,442.0037439600644,False,126,up,ac_too_near|ab_no_overlap,True,5100.0,-200.0,1780642828.1845796
9070.0,1.0,sam2,476.9833884601249,253.21536199926493,478.4050453987812,310.7924680148449,57.59465466152713,False,0.0,ab_no_overlap,514.0,323.0,78.99446329197795,False,78.99446329197795,ac_too_near,1,UP,9286.0,1.0,178.58557678859785,632.0,470.0,307.0,311.0,sam2,548.2953729628831,334.25459473041855,46875.5,1.0,sam2_body_edge,658.4991235649042,442.0037439600644,False,127,up,ac_too_near|ab_no_overlap,True,5100.0,-300.0,1780642828.5908442
9059.5,1.0,sam2,477.02121161947855,253.0307412108836,480.0,311.0,58.045741831554515,False,0.0,ab_no_overlap,514.0,323.0,79.13992649472029,False,79.13992649472029,ac_too_near,1,UP,9290.0,1.0,178.49256424122504,632.0,480.0,307.0,311.0,sam2,548.1019913885899,334.3043954072479,46875.5,1.0,sam2_body_edge,658.4991235649042,442.0037439600644,False,128,up,ac_too_near|ab_no_overlap,True,5100.0,-400.0,1780642829.00731
9064.0,1.0,sam2,477.215026478376,252.61201824065898,481.6249593293189,312.8811005368791,60.43020592864448,False,0.0,ab_no_overlap,514.0,323.0,79.42041458680447,False,79.42041458680447,ac_too_near,1,UP,9315.5,1.0,175.8150838748816,562.0,439.0,307.0,316.0,sam2,548.0124344730109,334.412359329433,46875.5,1.0,sam2_body_edge,658.4991235649042,442.0037439600644,False,129,up,ac_too_near|ab_no_overlap,True,5100.0,-500.0,1780642829.4187484
9062.5,1.0,sam2,477.64980229885055,251.88700689655172,482.11018687342715,312.84559608243217,61.12155614908754,False,0.0,ab_no_overlap,514.0,323.0,79.86485247619089,False,79.86485247619089,ac_too_near,1,UP,9266.0,1.0,175.8150838748816,562.0,439.0,307.0,316.0,sam2,548.2085401827469,334.2257176775308,46875.5,1.0,sam2_body_edge,658.4991235649042,442.0037439600644,False,130,up,ac_too_near|ab_no_overlap,True,5100.0,-600.0,1780642829.8206325
9019.0,1.0,sam2,477.9794138300624,251.42440034002288,480.91429821745464,314.0352672710568,62.67961553984672,False,0.0,ab_no_overlap,514.0,323.0,80.12832891500493,False,80.12832891500493,ac_ok,2,DOWN,9315.5,1.0,177.31622484053102,631.0,439.0,307.0,316.0,sam2,547.9902134435439,334.423827670728,46875.5,1.0,sam2_body_edge,658.4991235649042,442.0037439600644,True,131,down,ac_ok|ab_no_overlap,True,5100.0,-700.0,1780642830.2191691
9032.0,1.0,sam2,478.0330307056392,250.5319419840567,481.01173225562957,314.07757505051734,63.61540807651219,False,0.0,ab_no_overlap,514.0,323.0,80.90267185219298,False,80.90267185219298,ac_ok,2,DOWN,9239.0,1.0,177.31622484053102,632.0,440.0,307.0,316.0,sam2,548.494660316773,334.71246888191365,46875.5,1.0,sam2_body_edge,658.4991235649042,442.0037439600644,True,132,down,ac_ok|ab_no_overlap,True,5100.0,-600.0,1780642830.621824
9032.5,1.0,sam2,478.18815388873514,249.67140880154997,481.20676439424153,314.0684329190199,64.46773398041815,False,0.0,ab_no_overlap,514.0,323.0,81.60619222244301,False,81.60619222244301,ac_ok,2,DOWN,9166.0,1.0,177.31622484053102,632.0,440.0,307.0,316.0,sam2,548.9671976143719,334.7035420757873,46875.5,1.0,sam2_body_edge,658.4991235649042,442.0037439600644,True,133,down,ac_ok|ab_no_overlap,True,5100.0,-500.0,1780642831.0361936
8964.0,1.0,sam2,478.16454707719765,249.24412464673506,481.21859284654863,314.05776264073853,64.88555205574676,False,0.0,ab_no_overlap,514.0,323.0,82.00066362724596,False,82.00066362724596,ac_ok,2,DOWN,9255.5,1.0,177.3021943666837,631.0,440.0,307.0,316.0,sam2,548.2721444906632,334.6461923540957,46875.5,1.0,sam2_body_edge,658.4991235649042,442.0037439600644,True,134,down,ac_ok|ab_no_overlap,True,5100.0,-400.0,1780642831.4518487
8989.0,1.0,sam2,478.05821930507653,249.0775948381355,481.1203302046316,314.0623928175828,65.05690195198933,False,0.0,ab_no_overlap,514.0,323.0,82.19691955564286,False,82.19691955564286,ac_ok,2,DOWN,9214.5,1.0,177.3021943666837,631.0,440.0,307.0,316.0,sam2,548.6001049071209,334.7035650333713,46875.5,1.0,sam2_body_edge,658.4991235649042,442.0037439600644,True,135,down,ac_ok|ab_no_overlap,True,5100.0,-300.0,1780642831.8525515
8956.5,1.0,sam2,477.9337352760565,248.97419006680434,480.9855140555179,314.0788040286476,65.1761007796524,False,0.0,ab_no_overlap,514.0,323.0,82.34437435188381,False,82.34437435188381,ac_ok,2,DOWN,9214.0,1.0,177.31622484053102,632.0,440.0,307.0,316.0,sam2,548.5392880399393,334.666196367846,46875.5,1.0,sam2_body_edge,658.4991235649042,442.0037439600644,True,136,down,ac_ok|ab_no_overlap,True,5100.0,-200.0,1780642832.2547357
8968.0,1.0,sam2,477.9675327088908,249.04116488254533,481.01610482781194,314.0773700861963,65.10761690659291,False,0.0,ab_no_overlap,514.0,323.0,82.26936240798089,False,82.26936240798089,ac_ok,2,DOWN,9229.5,1.0,177.31622484053102,632.0,440.0,307.0,316.0,sam2,548.5289018906766,334.6766708200155,46875.5,1.0,sam2_body_edge,658.4991235649042,442.0037439600644,True,137,down,ac_ok|ab_no_overlap,True,5100.0,-100.0,1780642832.6518638
8839.5,1.0,sam2,477.32364198578347,248.896261100741,480.37821082641335,314.0603963675119,65.23568744075716,False,0.0,ab_no_overlap,514.0,323.0,82.6832471304589,False,82.6832471304589,ac_ok,2,DOWN,9247.5,1.0,177.31622484053102,631.0,439.0,307.0,316.0,sam2,548.036514373254,334.57188429305216,46875.5,1.0,sam2_body_edge,658.4991235649042,442.0037439600644,True,138,down,ac_ok|ab_no_overlap,True,5100.0,0.0,1780642833.0688024
8765.5,1.0,sam2,477.324415796779,249.03534690928447,482.3965881738538,313.59026807205436,64.75387848580343,False,0.0,ab_no_overlap,514.0,323.0,82.55827265318386,False,82.55827265318386,ac_ok,2,DOWN,9273.0,1.0,175.5074185200847,579.0,439.0,306.0,317.0,sam2,547.9577626801826,334.62268593407384,46875.5,1.0,sam2_body_edge,658.4991235649042,442.0037439600644,True,139,down,ac_ok|ab_no_overlap,True,5100.0,100.0,1780642833.4710367
8824.0,1.0,sam2,476.94705726805677,248.9089792988818,480.0195574854001,314.1142616891696,65.27763100161303,False,0.0,ab_no_overlap,514.0,323.0,82.83960353375787,False,82.83960353375787,ac_ok,2,DOWN,9294.0,1.0,177.3021943666837,631.0,440.0,307.0,316.0,sam2,548.1007101355714,334.6732300408866,46875.5,1.0,sam2_body_edge,658.4991235649042,442.0037439600644,True,140,down,ac_ok|ab_no_overlap,True,5100.0,200.0,1780642833.8675551
8882.5,1.0,sam2,476.97331832254434,249.16588798198705,480.03368153502834,314.1135961580353,65.01977099554757,False,0.0,ab_no_overlap,514.0,323.0,82.59813105350577,False,82.59813105350577,ac_ok,2,DOWN,9198.0,1.0,177.3021943666837,631.0,440.0,307.0,316.0,sam2,548.8191092266434,334.638363412336,46875.5,1.0,sam2_body_edge,658.4991235649042,442.0037439600644,True,141,down,ac_ok|ab_no_overlap,True,5100.0,300.0,1780642834.2682037
9147.0,1.0,sam2,477.2259028461062,250.38449764950258,480.2110778340917,314.06823072652696,63.753659725027426,False,0.0,ab_no_overlap,514.0,323.0,81.39622474721489,False,81.39622474721489,ac_ok,2,DOWN,9211.5,1.0,177.31622484053102,631.0,439.0,307.0,316.0,sam2,548.0895438672674,334.41193073875047,46875.5,1.0,sam2_body_edge,658.4991235649042,442.0037439600644,True,142,down,ac_ok|ab_no_overlap,True,5100.0,400.0,1780642834.6844444
9147.0,1.0,sam2,476.9714113917131,250.92449254764765,479.91704418362326,314.0919513074994,63.236102020304436,False,0.0,ab_no_overlap,514.0,323.0,81.03082838547225,False,81.03082838547225,ac_ok,2,DOWN,9277.5,1.0,177.3301102379924,632.0,439.0,307.0,316.0,sam2,548.1897422078505,334.3908380490434,46875.5,1.0,sam2_body_edge,658.4991235649042,442.0037439600644,True,143,down,ac_ok|ab_no_overlap,True,5100.0,500.0,1780642835.084725
9115.0,1.0,sam2,476.9337173157798,251.07619308831596,479.5417846041323,313.3437995977327,62.32220178549641,False,0.0,ab_no_overlap,514.0,323.0,80.91318380026662,False,80.91318380026662,ac_ok,2,DOWN,9200.5,1.0,177.60157866590748,631.0,440.0,307.0,315.0,sam2,548.4291433436588,334.3962103508867,46875.5,1.0,sam2_body_edge,658.4991235649042,442.0037439600644,True,144,down,ac_ok|ab_no_overlap,True,5100.0,600.0,1780642835.4864137
9132.5,1.0,sam2,476.67710557532615,251.2269550141436,479.60930309980597,314.10630192798834,62.94767708688066,False,0.0,ab_no_overlap,514.0,323.0,80.8972708734795,False,80.8972708734795,ac_ok,2,DOWN,9284.5,1.0,177.3301102379924,632.0,439.0,307.0,316.0,sam2,548.105013732565,334.2793724307537,46875.5,1.0,sam2_body_edge,658.4991235649042,442.0037439600644,True,145,down,ac_ok|ab_no_overlap,True,5100.0,700.0,1780642835.9044092
9175.5,1.0,sam2,476.48193558934116,251.5675076744228,481.361542301733,313.67159310486386,62.29548931358625,False,0.0,ab_no_overlap,514.0,323.0,80.68584830666397,False,80.68584830666397,ac_ok,2,DOWN,9236.0,1.0,175.5074185200847,579.0,439.0,306.0,317.0,sam2,548.5608668976469,334.3462176988595,46875.5,1.0,sam2_body_edge,658.4991235649042,442.0037439600644,True,146,down,ac_ok|ab_no_overlap,True,5100.0,800.0,1780642836.322912
9129.5,1.0,sam2,476.5283056757398,251.7843437939281,482.3368636923202,311.80610996525934,60.30217044649343,False,0.0,ab_no_overlap,514.0,323.0,80.47234036855288,False,80.47234036855288,ac_ok,2,DOWN,9253.0,1.0,174.47245984834385,501.0,439.0,310.0,316.0,sam2,548.243380525235,334.3194459454591,46875.5,1.0,sam2_body_edge,658.4991235649042,442.0037439600644,True,147,down,ac_ok|ab_no_overlap,True,5100.0,900.0,1780642836.7204823
9186.0,1.0,sam2,476.4838522389142,251.84948109441902,479.404326041526,314.15292221680346,62.37185216844347,False,0.0,ab_no_overlap,514.0,323.0,80.43542554972316,False,80.43542554972316,ac_ok,2,DOWN,9161.5,1.0,177.31622484053102,632.0,440.0,307.0,316.0,sam2,549.1532682057159,334.25641725336095,46875.5,1.0,sam2_body_edge,658.4991235649042,442.0037439600644,True,148,down,ac_ok|ab_no_overlap,True,5100.0,1000.0,1780642837.1405096
9171.5,1.0,sam2,476.4967562557924,251.81217176397897,479.0617668648196,313.37242638063253,61.61366916433105,False,0.0,ab_no_overlap,514.0,323.0,80.4624147058655,False,80.4624147058655,ac_ok,2,DOWN,9278.5,1.0,177.6140559696112,632.0,440.0,307.0,315.0,sam2,548.129421063031,334.41256668642563,46875.5,1.0,sam2_body_edge,658.4991235649042,442.0037439600644,True,149,down,ac_ok|ab_no_overlap,True,5100.0,1100.0,1780642837.5518546
9177.5,1.0,sam2,476.34898756015616,251.84118768727868,479.253316223291,314.12290235228176,62.349395398803715,False,0.0,ab_no_overlap,514.0,323.0,80.50574704642132,False,80.50574704642132,ac_ok,2,DOWN,9257.0,1.0,177.3301102379924,632.0,439.0,307.0,316.0,sam2,548.4884231752548,334.3306506787656,46875.5,1.0,sam2_body_edge,658.4991235649042,442.0037439600644,True,150,down,ac_ok|ab_no_overlap,True,5100.0,1200.0,1780642837.9541929
9218.5,1.0,sam2,476.4195729601706,251.88868398691034,479.32153841704076,314.11972100645926,62.298662682607684,False,0.0,ab_no_overlap,514.0,323.0,80.43076377611642,False,80.43076377611642,ac_ok,2,DOWN,9194.5,1.0,177.3301102379924,632.0,439.0,307.0,316.0,sam2,548.8023093516051,334.2818170282959,46875.5,1.0,sam2_body_edge,658.4991235649042,442.0037439600644,True,151,down,ac_ok|ab_no_overlap,True,5100.0,1300.0,1780642838.352856
9169.5,1.0,sam2,476.35450860643067,251.87200319901117,479.2573914150617,314.12271231743233,62.31835615889534,False,0.0,ab_no_overlap,514.0,323.0,80.47592777461331,False,80.47592777461331,ac_ok,2,DOWN,9066.5,1.0,177.3301102379924,632.0,439.0,307.0,316.0,sam2,549.7706207834702,334.27765216272354,46875.5,1.0,sam2_body_edge,658.4991235649042,442.0037439600644,True,152,down,ac_ok|ab_no_overlap,True,5100.0,1400.0,1780642838.7530406
9185.0,1.0,sam2,476.2446379967338,251.76877154781346,479.15256267242927,314.12760070439447,62.42659368970228,False,0.0,ab_no_overlap,514.0,323.0,80.61857891829443,False,80.61857891829443,ac_ok,2,DOWN,9235.0,1.0,177.3301102379924,632.0,439.0,307.0,316.0,sam2,548.4166937375925,334.1921133369428,46875.5,1.0,sam2_body_edge,658.4991235649042,442.0037439600644,True,153,down,ac_ok|ab_no_overlap,True,5100.0,1500.0,1780642839.1525412
9161.0,1.0,sam2,476.3658807262671,251.75026379943964,479.2744035079854,314.12191900739964,62.43943367898542,False,0.0,ab_no_overlap,514.0,323.0,80.57823429536661,False,80.57823429536661,ac_ok,2,DOWN,9215.0,1.0,177.3301102379924,632.0,439.0,307.0,316.0,sam2,548.6845722553807,334.1854584915898,46875.5,1.0,sam2_body_edge,658.4991235649042,442.0037439600644,True,154,down,ac_ok|ab_no_overlap,True,5100.0,1600.0,1780642839.5525444
9152.5,1.0,sam2,476.3485750705636,252.0523718474005,480.70348988815664,313.0211792937031,61.12414223932154,False,0.0,ab_no_overlap,514.0,323.0,80.31933602624285,False,80.31933602624285,ac_ok,2,DOWN,9222.0,1.0,175.91438322002512,579.0,439.0,306.0,316.0,sam2,548.7116135328562,334.41921492084145,46875.5,1.0,sam2_body_edge,658.4991235649042,442.0037439600644,True,155,down,ac_ok|ab_no_overlap,True,5100.0,1700.0,1780642839.9540608
8993.5,1.0,sam2,476.2848168121421,251.9633068327125,479.1836023966531,314.1261532561146,62.23039798462199,False,0.0,ab_no_overlap,514.0,323.0,80.42789826320859,False,80.42789826320859,ac_ok,2,DOWN,9105.0,1.0,177.3301102379924,632.0,439.0,307.0,316.0,sam2,549.545085118067,334.15147354933185,46875.5,1.0,sam2_body_edge,658.4991235649042,442.0037439600644,True,156,down,ac_ok|ab_no_overlap,True,5100.0,1800.0,1780642840.3705602
9124.5,1.0,sam2,476.18117887738134,252.04467824720987,481.5143132437249,312.23290895308764,60.42404684952376,False,0.0,ab_no_overlap,514.0,323.0,80.40473192634,False,80.40473192634,ac_ok,2,DOWN,9228.0,1.0,174.93638314696992,518.0,439.0,309.0,316.0,sam2,548.7220235515099,334.3037313971969,46875.5,1.0,sam2_body_edge,658.4991235649042,442.0037439600644,True,157,down,ac_ok|ab_no_overlap,True,5100.0,1900.0,1780642840.7868462
9115.5,1.0,sam2,476.2157497303128,251.84502587168373,481.6299098700935,312.1742388578121,60.57166886874449,False,0.0,ab_no_overlap,514.0,323.0,80.56475601430017,False,80.56475601430017,ac_ok,2,DOWN,9215.0,1.0,174.87180895814717,517.0,439.0,309.0,316.0,sam2,549.0059866160245,334.2529028757461,46875.5,1.0,sam2_body_edge,658.4991235649042,442.0037439600644,True,158,down,ac_ok|ab_no_overlap,True,5100.0,2000.0,1780642841.1872325
9122.0,1.0,sam2,476.1764963823723,251.80274793539428,481.5947339992871,312.17739566673066,60.61728621075272,False,0.0,ab_no_overlap,514.0,323.0,80.62050686682451,False,80.62050686682451,ac_ok,2,DOWN,9104.0,1.0,174.87180895814717,517.0,439.0,309.0,316.0,sam2,549.557593731693,334.1038920620972,46875.5,1.0,sam2_body_edge,658.4991235649042,442.0037439600644,True,159,down,ac_ok|ab_no_overlap,True,5100.0,2100.0,1780642841.5857098
9115.5,1.0,sam2,476.18130290896454,251.87459089828675,479.76726740582274,313.632868344178,61.86229848992363,False,0.0,ab_no_overlap,514.0,323.0,80.55481158533964,False,80.55481158533964,ac_ok,2,DOWN,9189.5,1.0,176.67687955486457,594.0,439.0,307.0,316.0,sam2,549.1686344922647,334.06540072909297,46875.5,1.0,sam2_body_edge,658.4991235649042,442.0037439600644,True,160,down,ac_ok|ab_no_overlap,True,5100.0,2200.0,1780642841.986135
9113.5,1.0,sam2,476.27889029096025,251.87637387758085,483.4640794700808,310.55541884039826,59.117317778195066,False,0.0,ab_no_overlap,514.0,323.0,80.5074674206255,False,80.5074674206255,ac_ok,2,DOWN,9175.5,1.0,173.0189425931702,488.0,439.0,310.0,316.0,sam2,549.3986522078724,333.93649755689967,46875.5,1.0,sam2_body_edge,658.4991235649042,442.0037439600644,True,161,down,ac_ok|ab_no_overlap,True,5100.0,2300.0,1780642842.3846323
9073.0,1.0,sam2,476.22039751644064,251.89468753444285,479.80506766871065,313.6306734902039,61.83996945366726,False,0.0,ab_no_overlap,514.0,323.0,80.51871723171129,False,80.51871723171129,ac_ok,2,DOWN,9133.5,1.0,176.67687955486457,594.0,439.0,307.0,316.0,sam2,549.4650827539643,333.9104213426762,46875.5,1.0,sam2_body_edge,658.4991235649042,442.0037439600644,True,162,down,ac_ok|ab_no_overlap,True,5100.0,2400.0,1780642842.8044424
9137.5,1.0,sam2,476.2298039215686,251.84507067943454,479.8396336446705,313.61326816362316,61.873589608778275,False,0.0,ab_no_overlap,514.0,323.0,80.5581260855652,False,80.5581260855652,ac_ok,2,DOWN,9176.5,1.0,176.65534968173412,593.0,439.0,307.0,316.0,sam2,549.4728200657477,334.02575419095876,46875.5,1.0,sam2_body_edge,658.4991235649042,442.0037439600644,True,163,down,ac_ok|ab_no_overlap,True,5100.0,2500.0,1780642843.2014885
9087.0,1.0,sam2,476.1796339092476,251.71450056857782,482.1764196558315,311.68235803441684,60.266950879678795,False,0.0,ab_no_overlap,514.0,323.0,80.69697962393526,False,80.69697962393526,ac_ok,2,DOWN,9172.0,1.0,174.28940686250036,509.0,439.0,309.0,316.0,sam2,549.4165939816834,334.01822575955805,46875.5,1.0,sam2_body_edge,658.4991235649042,442.0037439600644,True,164,down,ac_ok|ab_no_overlap,True,5100.0,2600.0,1780642843.6033537
9088.0,1.0,sam2,476.0775748239437,251.78035137910794,479.9723705000569,312.3660618964249,60.7107713033429,False,0.0,ab_no_overlap,514.0,323.0,80.68673175260554,False,80.68673175260554,ac_ok,2,DOWN,9205.5,1.0,176.32176127800662,579.0,439.0,306.0,315.0,sam2,548.9519671211051,334.0662828381583,46875.5,1.0,sam2_body_edge,658.4991235649042,442.0037439600644,True,165,down,ac_ok|ab_no_overlap,True,5100.0,2700.0,1780642844.0034423
9076.0,1.0,sam2,476.02411120904947,251.76615983546347,481.1345943665818,311.38846334000726,59.84092339938745,False,0.0,ab_no_overlap,514.0,323.0,80.724396027777,False,80.724396027777,ac_ok,2,DOWN,9171.5,1.0,175.10090754621226,509.0,439.0,309.0,315.0,sam2,549.1925530174999,334.0613858147522,46875.5,1.0,sam2_body_edge,658.4991235649042,442.0037439600644,True,166,down,ac_ok|ab_no_overlap,True,5100.0,2800.0,1780642844.4199321
9096.0,1.0,sam2,476.1119356493696,251.80599530929342,481.18365683307104,313.446914311203,61.849213828190095,False,0.0,ab_no_overlap,514.0,323.0,80.64794928662388,False,80.64794928662388,ac_ok,2,DOWN,9265.0,1.0,175.2963852957068,596.0,438.0,304.0,317.0,sam2,548.7216225939917,334.15101636985065,46875.5,1.0,sam2_body_edge,658.4991235649042,442.0037439600644,True,167,down,ac_ok|ab_no_overlap,True,5100.0,2900.0,1780642844.820258
9119.0,1.0,sam2,476.16096428701974,251.65805826662276,482.0761033423094,311.65446868456104,60.287296614470165,False,0.0,ab_no_overlap,514.0,323.0,80.75558973827626,False,80.75558973827626,ac_ok,2,DOWN,9241.0,1.0,174.36931724236476,509.0,438.0,309.0,316.0,sam2,548.501064098402,334.00656494607364,46875.5,1.0,sam2_body_edge,658.4991235649042,442.0037439600644,True,168,down,ac_ok|ab_no_overlap,True,5100.0,3000.0,1780642845.2186787
9087.0,1.0,sam2,476.1318366897766,251.7562085029896,483.06617649912556,310.69809688245584,59.348388978379006,False,0.0,ab_no_overlap,514.0,323.0,80.6825608130979,False,80.6825608130979,ac_ok,2,DOWN,9295.0,1.0,173.29016319224309,489.0,438.0,310.0,316.0,sam2,547.9114219114218,334.0968262506724,46875.5,1.0,sam2_body_edge,658.4991235649042,442.0037439600644,True,169,down,ac_ok|ab_no_overlap,True,5100.0,3100.0,1780642845.6196334
9043.0,1.0,sam2,476.12934498138515,251.68332780419473,481.8569468966622,311.8231479146036,60.41194738304855,False,0.0,ab_no_overlap,514.0,323.0,80.7480912754158,False,80.7480912754158,ac_ok,2,DOWN,9273.0,1.0,174.5596679689945,501.0,438.0,310.0,316.0,sam2,548.0384449476976,334.2363133110464,46875.5,1.0,sam2_body_edge,658.4991235649042,442.0037439600644,True,170,down,ac_ok|ab_no_overlap,True,5100.0,3200.0,1780642846.019504
9032.0,1.0,sam2,476.0889614703277,251.7093851490995,483.1536230800826,310.5815652303901,59.29454470003335,False,0.0,ab_no_overlap,514.0,323.0,80.74403140924865,False,80.74403140924865,ac_ok,2,DOWN,9330.0,1.0,173.15722658736905,488.0,438.0,310.0,316.0,sam2,547.6733118971061,334.15968202929616,46875.5,1.0,sam2_body_edge,658.4991235649042,442.0037439600644,True,171,down,ac_ok|ab_no_overlap,True,5100.0,3300.0,1780642846.4192414
9092.0,1.0,sam2,476.0362039888546,251.74814855550665,483.0970289453803,310.5883565265544,59.26234321340024,False,0.0,ab_no_overlap,514.0,323.0,80.73460312557441,False,80.73460312557441,ac_ok,2,DOWN,9355.0,1.0,173.15722658736905,488.0,438.0,310.0,316.0,sam2,547.3816319258863,334.3002672367718,46875.5,1.0,sam2_body_edge,658.4991235649042,442.0037439600644,True,172,down,ac_ok|ab_no_overlap,True,5100.0,3400.0,1780642846.8351877
9082.0,1.0,sam2,475.97128018791744,251.7286207149673,483.03533685146033,310.59575957782477,59.28946731456346,False,0.0,ab_no_overlap,514.0,323.0,80.78238072585425,False,80.78238072585425,ac_ok,2,DOWN,9308.5,1.0,173.15722658736905,488.0,438.0,310.0,316.0,sam2,547.7432633256342,334.15392741401223,46875.5,1.0,sam2_body_edge,658.4991235649042,442.0037439600644,True,173,down,ac_ok|ab_no_overlap,True,5100.0,3500.0,1780642847.2375574
9007.0,1.0,sam2,475.98436401317485,251.74789978165128,482.6829559394183,312.0352271178424,60.65832977535229,False,0.0,ab_no_overlap,514.0,323.0,80.75921226094522,False,80.75921226094522,ac_ok,2,DOWN,9292.5,1.0,173.6598082540901,501.0,438.0,310.0,317.0,sam2,547.7711954084835,334.3316294502735,46875.5,1.0,sam2_body_edge,658.4991235649042,442.0037439600644,True,174,down,ac_ok|ab_no_overlap,True,5100.0,3600.0,1780642847.6518595
9010.0,1.0,sam2,476.10939696633363,251.66013688494263,483.0551913623972,310.69938925148267,59.44642444918274,False,0.0,ab_no_overlap,514.0,323.0,80.77792933425572,False,80.77792933425572,ac_ok,2,DOWN,9348.5,1.0,173.29016319224309,489.0,438.0,310.0,316.0,sam2,547.3188925139505,334.21957176730666,46875.5,1.0,sam2_body_edge,658.4991235649042,442.0037439600644,True,175,down,ac_ok|ab_no_overlap,True,5100.0,3700.0,1780642848.0708961
9078.0,1.0,sam2,475.93990967173386,251.53502974223397,483.0273127983693,310.5967224641957,59.48541695460214,False,0.0,ab_no_overlap,514.0,323.0,80.9679717526576,False,80.9679717526576,ac_ok,2,DOWN,9330.5,1.0,173.15722658736905,488.0,438.0,310.0,316.0,sam2,547.4803065216227,334.11869674722686,46875.5,1.0,sam2_body_edge,658.4991235649042,442.0037439600644,True,176,down,ac_ok|ab_no_overlap,True,5100.0,3800.0,1780642848.5052917
8993.5,1.0,sam2,475.91977539333965,251.50301143418392,478.4693897336307,313.331159186242,61.88069479033461,False,0.0,ab_no_overlap,514.0,323.0,81.0056965902654,False,81.0056965902654,ac_ok,2,DOWN,9377.0,1.0,177.6386253418244,632.0,438.0,307.0,315.0,sam2,547.1542781984288,334.16414276065547,46875.5,1.0,sam2_body_edge,658.4991235649042,442.0037439600644,True,177,down,ac_ok|ab_no_overlap,True,5100.0,3900.0,1780642848.9035375
9029.0,1.0,sam2,475.9420016982316,251.67846199283787,482.99821200620175,310.4802145592558,59.22361191950843,False,0.0,ab_no_overlap,514.0,323.0,80.84041698583995,False,80.84041698583995,ac_ok,2,DOWN,9358.0,1.0,173.15722658736905,487.0,437.0,310.0,316.0,sam2,546.9477808648571,334.0117724585025,46875.5,1.0,sam2_body_edge,658.4991235649042,442.0037439600644,True,178,down,ac_ok|ab_no_overlap,True,5100.0,4000.0,1780642849.3029165
9102.0,1.0,sam2,475.9783197831978,251.46264557240167,484.22788289825576,310.3880963942442,59.500118034729205,False,0.0,ab_no_overlap,514.0,323.0,81.01383366443407,False,81.01383366443407,ac_ok,2,DOWN,9386.0,1.0,172.03038960567864,487.0,437.0,310.0,317.0,sam2,546.7905746146743,333.9470132821933,46875.5,1.0,sam2_body_edge,658.4991235649042,442.0037439600644,True,179,down,ac_ok|ab_no_overlap,True,5100.0,4100.0,1780642849.7023585
9016.0,1.0,sam2,476.16753549245783,251.5368603963324,480.0158840012573,312.34076683536347,60.92556790454746,False,0.0,ab_no_overlap,514.0,323.0,80.85960482668538,False,80.85960482668538,ac_ok,2,DOWN,9349.5,1.0,176.37851529588266,596.0,438.0,305.0,315.0,sam2,547.0969748827922,334.0602171239104,46875.5,1.0,sam2_body_edge,658.4991235649042,442.0037439600644,True,180,down,ac_ok|ab_no_overlap,True,5100.0,4200.0,1780642850.1042671
9029.0,1.0,sam2,475.9257946616458,251.5169084800827,478.47482668235045,313.33093498217113,61.8665615388755,False,0.0,ab_no_overlap,514.0,323.0,80.99060121638828,False,80.99060121638828,ac_ok,2,DOWN,9402.5,1.0,177.6386253418244,632.0,438.0,307.0,315.0,sam2,546.8804750509615,334.16710094832933,46875.5,1.0,sam2_body_edge,658.4991235649042,442.0037439600644,True,181,down,ac_ok|ab_no_overlap,True,5100.0,4300.0,1780642850.5073798
9011.0,1.0,sam2,476.05103022232083,251.46071468205525,477.94774090190464,311.8393379821391,60.40840722130883,False,0.0,ab_no_overlap,514.0,323.0,80.98144016371597,False,80.98144016371597,ac_ok,2,DOWN,9416.5,1.0,178.20072427586595,632.0,441.0,307.0,313.0,sam2,546.4229986371439,334.0120887095346,46875.5,1.0,sam2_body_edge,658.4991235649042,442.0037439600644,True,182,down,ac_ok|ab_no_overlap,True,5100.0,4400.0,1780642850.9212558
9044.5,1.0,sam2,476.0849687655481,251.5030865903772,482.58969134995124,310.0455898500054,58.90276821851094,False,0.0,ab_no_overlap,514.0,323.0,80.92810525776915,False,80.92810525776915,ac_ok,2,DOWN,9419.5,1.0,173.6598082540901,492.0,438.0,309.0,315.0,sam2,546.6434701063396,334.0526390289647,46875.5,1.0,sam2_body_edge,658.4991235649042,442.0037439600644,True,183,down,ac_ok|ab_no_overlap,True,5100.0,4500.0,1780642851.323017
8974.5,1.0,sam2,475.9987000204282,251.24382045425,480.6852090461926,309.8251832763046,58.768524202482496,False,0.0,ab_no_overlap,514.0,323.0,81.19758680613184,False,81.19758680613184,ac_ok,2,DOWN,9429.0,1.0,175.42607874009914,491.0,441.0,309.0,313.0,sam2,546.4930886979885,334.03865733375756,46875.5,1.0,sam2_body_edge,658.4991235649042,442.0037439600644,True,184,down,ac_ok|ab_no_overlap,True,5100.0,4600.0,1780642851.7421153
8997.0,1.0,sam2,476.0321588677707,251.31756881923602,477.64391772991416,312.02715262663946,60.730975067899585,False,0.0,ab_no_overlap,514.0,323.0,81.11675474417827,False,81.11675474417827,ac_ok,2,DOWN,9390.5,1.0,178.47923033885624,554.0,441.0,310.0,313.0,sam2,546.6214614060309,333.94364872300014,46875.5,1.0,sam2_body_edge,658.4991235649042,442.0037439600644,True,185,down,ac_ok|ab_no_overlap,True,5100.0,4700.0,1780642852.1566083
9024.0,1.0,sam2,475.87579417848696,251.21819592198582,481.42105996049526,309.99801321127404,59.04080701646293,False,0.0,ab_no_overlap,514.0,323.0,81.27781041720736,False,81.27781041720736,ac_ok,2,DOWN,9402.0,1.0,174.6106882400266,492.0,439.0,309.0,314.0,sam2,546.5433772956109,333.9859604339502,46875.5,1.0,sam2_body_edge,658.4991235649042,442.0037439600644,True,186,down,ac_ok|ab_no_overlap,True,5100.0,4800.0,1780642852.571003
9042.0,1.0,sam2,476.0206444002064,251.12281574872816,482.5714205085199,311.0156258818806,60.24999064951879,False,0.0,ab_no_overlap,514.0,323.0,81.29428680827981,False,81.29428680827981,ac_ok,2,DOWN,9447.5,1.0,173.75808565258495,501.0,437.0,309.0,316.0,sam2,546.3144041633589,333.9911087589309,46875.5,1.0,sam2_body_edge,658.4991235649042,442.0037439600644,True,187,down,ac_ok|ab_no_overlap,True,5100.0,4900.0,1780642852.988068
8970.5,1.0,sam2,476.0182078293666,251.226520260855,484.0413172947386,309.6806035085653,59.00211974008719,False,0.0,ab_no_overlap,514.0,323.0,81.20374948460598,False,81.20374948460598,ac_ok,2,DOWN,9457.5,1.0,172.18470645323313,489.0,438.0,309.0,316.0,sam2,546.449784121949,333.8926249008723,46875.5,1.0,sam2_body_edge,658.4991235649042,442.0037439600644,True,188,down,ac_ok|ab_no_overlap,True,5100.0,5000.0,1780642853.400943
9030.0,1.0,sam2,475.9763196751568,251.2873200442968,481.01648269397464,310.50923551540643,59.436003527521216,False,0.0,ab_no_overlap,514.0,323.0,81.16962936884082,False,81.16962936884082,ac_ok,2,DOWN,9364.5,1.0,175.1354855622395,487.0,440.0,310.0,314.0,sam2,546.7397796643351,334.00923701212025,46875.5,1.0,sam2_body_edge,658.4991235649042,442.0037439600644,True,189,down,ac_ok|ab_no_overlap,True,5100.0,5100.0,1780642853.799452
