wavelength,median_filtered_y,lorentz_fit_y,residual
498.215000,1177.000000,1203.338321,-26.338321
498.250000,1175.000000,1203.338805,-28.338805
498.285000,1176.000000,1203.339293,-27.339293
498.320000,1175.000000,1203.339782,-28.339782
498.355000,1173.000000,1203.340275,-30.340275
498.390000,1169.000000,1203.340771,-34.340771
498.425000,1169.000000,1203.341269,-34.341269
498.460000,1169.000000,1203.341771,-34.341771
498.495000,1169.000000,1203.342275,-34.342275
498.530000,1169.000000,1203.342782,-34.342782
498.565000,1169.000000,1203.343293,-34.343293
498.600000,1174.000000,1203.343806,-29.343806
498.635000,1178.000000,1203.344322,-25.344322
498.670000,1174.000000,1203.344841,-29.344841
498.705000,1174.000000,1203.345364,-29.345364
498.740000,1177.000000,1203.345889,-26.345889
498.775000,1177.000000,1203.346418,-26.346418
498.810000,1177.000000,1203.346950,-26.346950
498.845000,1177.000000,1203.347485,-26.347485
498.880000,1175.000000,1203.348023,-28.348023
498.915000,1175.000000,1203.348564,-28.348564
498.950000,1177.000000,1203.349109,-26.349109
498.985000,1177.000000,1203.349656,-26.349656
499.020000,1177.000000,1203.350208,-26.350208
499.055000,1177.000000,1203.350762,-26.350762
499.090000,1177.000000,1203.351320,-26.351320
499.125000,1177.000000,1203.351881,-26.351881
499.160000,1190.000000,1203.352446,-13.352446
499.195000,1190.000000,1203.353014,-13.353014
499.230000,1179.000000,1203.353585,-24.353585
499.265000,1179.000000,1203.354160,-24.354160
499.300000,1179.000000,1203.354739,-24.354739
499.335000,1178.000000,1203.355321,-25.355321
499.370000,1178.000000,1203.355906,-25.355906
499.405000,1178.000000,1203.356496,-25.356496
499.440000,1178.000000,1203.357088,-25.357088
499.475000,1180.000000,1203.357685,-23.357685
499.510000,1180.000000,1203.358285,-23.358285
499.545000,1159.000000,1203.358889,-44.358889
499.580000,1180.000000,1203.359497,-23.359497
499.615000,1171.000000,1203.360108,-32.360108
499.650000,1164.000000,1203.360723,-39.360723
499.685000,1171.000000,1203.361343,-32.361343
499.720000,1171.000000,1203.361966,-32.361966
499.755000,1168.000000,1203.362593,-35.362593
499.790000,1165.000000,1203.363223,-38.363223
499.825000,1168.000000,1203.363858,-35.363858
499.860000,1168.000000,1203.364497,-35.364497
499.894000,1171.000000,1203.365122,-32.365122
499.929000,1177.000000,1203.365769,-26.365769
499.964000,1182.000000,1203.366420,-21.366420
499.999000,1179.000000,1203.367075,-24.367075
500.034000,1179.000000,1203.367734,-24.367734
500.069000,1179.000000,1203.368398,-24.368398
500.104000,1178.000000,1203.369065,-25.369065
500.139000,1169.000000,1203.369737,-34.369737
500.174000,1169.000000,1203.370414,-34.370414
500.209000,1169.000000,1203.371095,-34.371095
500.244000,1177.000000,1203.371780,-26.371780
500.279000,1177.000000,1203.372470,-26.372470
500.314000,1179.000000,1203.373164,-24.373164
500.349000,1178.000000,1203.373862,-25.373862
500.384000,1178.000000,1203.374566,-25.374566
500.419000,1193.000000,1203.375273,-10.375273
500.454000,1193.000000,1203.375986,-10.375986
500.489000,1178.000000,1203.376703,-25.376703
500.524000,1182.000000,1203.377425,-21.377425
500.559000,1182.000000,1203.378151,-21.378151
500.594000,1179.000000,1203.378883,-24.378883
500.629000,1182.000000,1203.379619,-21.379619
500.664000,1182.000000,1203.380360,-21.380360
500.699000,1182.000000,1203.381106,-21.381106
500.734000,1182.000000,1203.381857,-21.381857
500.768000,1184.000000,1203.382592,-19.382592
500.803000,1182.000000,1203.383353,-21.383353
500.838000,1182.000000,1203.384119,-21.384119
500.873000,1177.000000,1203.384890,-26.384890
500.908000,1177.000000,1203.385667,-26.385667
500.943000,1177.000000,1203.386448,-26.386448
500.978000,1174.000000,1203.387235,-29.387235
501.013000,1177.000000,1203.388028,-26.388028
501.048000,1183.000000,1203.388826,-20.388826
501.083000,1183.000000,1203.389629,-20.389629
501.118000,1179.000000,1203.390438,-24.390438
501.153000,1181.000000,1203.391252,-22.391252
501.188000,1181.000000,1203.392072,-22.392072
501.223000,1181.000000,1203.392897,-22.392897
501.258000,1181.000000,1203.393728,-22.393728
501.293000,1181.000000,1203.394565,-22.394565
501.328000,1181.000000,1203.395408,-22.395408
501.362000,1181.000000,1203.396232,-22.396232
501.397000,1176.000000,1203.397087,-27.397087
501.432000,1176.000000,1203.397947,-27.397947
501.467000,1172.000000,1203.398813,-31.398813
501.502000,1172.000000,1203.399686,-31.399686
501.537000,1176.000000,1203.400564,-27.400564
501.572000,1172.000000,1203.401449,-31.401449
501.607000,1175.000000,1203.402340,-28.402340
501.642000,1180.000000,1203.403237,-23.403237
501.677000,1180.000000,1203.404141,-23.404141
501.712000,1175.000000,1203.405051,-28.405051
501.747000,1177.000000,1203.405967,-26.405967
501.782000,1177.000000,1203.406890,-26.406890
501.817000,1172.000000,1203.407820,-31.407820
501.852000,1172.000000,1203.408757,-31.408757
501.886000,1174.000000,1203.409673,-29.409673
501.921000,1174.000000,1203.410622,-29.410622
501.956000,1176.000000,1203.411579,-27.411579
501.991000,1176.000000,1203.412543,-27.412543
502.026000,1176.000000,1203.413513,-27.413513
502.061000,1181.000000,1203.414491,-22.414491
502.096000,1182.000000,1203.415475,-21.415475
502.131000,1178.000000,1203.416467,-25.416467
502.166000,1178.000000,1203.417467,-25.417467
502.201000,1179.000000,1203.418473,-24.418473
502.236000,1178.000000,1203.419487,-25.419487
502.271000,1171.000000,1203.420509,-32.420509
502.305000,1170.000000,1203.421508,-33.421508
502.340000,1170.000000,1203.422545,-33.422545
502.375000,1170.000000,1203.423589,-33.423589
502.410000,1171.000000,1203.424641,-32.424641
502.445000,1173.000000,1203.425701,-30.425701
502.480000,1175.000000,1203.426769,-28.426769
502.515000,1189.000000,1203.427845,-14.427845
502.550000,1189.000000,1203.428929,-14.428929
502.585000,1189.000000,1203.430021,-14.430021
502.620000,1186.000000,1203.431121,-17.431121
502.655000,1177.000000,1203.432230,-26.432230
502.690000,1177.000000,1203.433347,-26.433347
502.724000,1177.000000,1203.434441,-26.434441
502.759000,1177.000000,1203.435575,-26.435575
502.794000,1179.000000,1203.436718,-24.436718
502.829000,1179.000000,1203.437870,-24.437870
502.864000,1181.000000,1203.439030,-22.439030
502.899000,1189.000000,1203.440200,-14.440200
502.934000,1189.000000,1203.441378,-14.441378
502.969000,1189.000000,1203.442566,-14.442566
503.004000,1189.000000,1203.443763,-14.443763
503.039000,1186.000000,1203.444969,-17.444969
503.073000,1182.000000,1203.446150,-21.446150
503.108000,1182.000000,1203.447375,-21.447375
503.143000,1180.000000,1203.448610,-23.448610
503.178000,1180.000000,1203.449854,-23.449854
503.213000,1180.000000,1203.451109,-23.451109
503.248000,1180.000000,1203.452373,-23.452373
503.283000,1180.000000,1203.453647,-23.453647
503.318000,1186.000000,1203.454932,-17.454932
503.353000,1171.000000,1203.456227,-32.456227
503.388000,1171.000000,1203.457532,-32.457532
503.422000,1177.000000,1203.458810,-26.458810
503.457000,1187.000000,1203.460136,-16.460136
503.492000,1187.000000,1203.461472,-16.461472
503.527000,1194.000000,1203.462820,-9.462820
503.562000,1194.000000,1203.464178,-9.464178
503.597000,1194.000000,1203.465548,-9.465548
503.632000,1188.000000,1203.466929,-15.466929
503.667000,1188.000000,1203.468321,-15.468321
503.702000,1188.000000,1203.469724,-15.469724
503.736000,1178.000000,1203.471099,-25.471099
503.771000,1178.000000,1203.472525,-25.472525
503.806000,1179.000000,1203.473963,-24.473963
503.841000,1178.000000,1203.475414,-25.475414
503.876000,1179.000000,1203.476876,-24.476876
503.911000,1193.000000,1203.478350,-10.478350
503.946000,1194.000000,1203.479837,-9.479837
503.981000,1194.000000,1203.481336,-9.481336
504.015000,1194.000000,1203.482805,-9.482805
504.050000,1194.000000,1203.484329,-9.484329
504.085000,1185.000000,1203.485867,-18.485867
504.120000,1183.000000,1203.487417,-20.487417
504.155000,1183.000000,1203.488980,-20.488980
504.190000,1189.000000,1203.490557,-14.490557
504.225000,1189.000000,1203.492148,-14.492148
504.260000,1190.000000,1203.493752,-13.493752
504.294000,1192.000000,1203.495323,-11.495323
504.329000,1192.000000,1203.496955,-11.496955
504.364000,1190.000000,1203.498600,-13.498600
504.399000,1190.000000,1203.500260,-13.500260
504.434000,1190.000000,1203.501935,-13.501935
504.469000,1185.000000,1203.503623,-18.503623
504.504000,1185.000000,1203.505327,-18.505327
504.539000,1185.000000,1203.507046,-18.507046
504.573000,1184.000000,1203.508730,-19.508730
504.608000,1184.000000,1203.510479,-19.510479
504.643000,1182.000000,1203.512243,-21.512243
504.678000,1182.000000,1203.514023,-21.514023
504.713000,1194.000000,1203.515819,-9.515819
504.748000,1202.000000,1203.517631,-1.517631
504.783000,1197.000000,1203.519460,-6.519460
504.817000,1197.000000,1203.521251,-6.521251
504.852000,1194.000000,1203.523112,-9.523112
504.887000,1189.000000,1203.524990,-14.524990
504.922000,1189.000000,1203.526885,-14.526885
504.957000,1189.000000,1203.528797,-14.528797
504.992000,1195.000000,1203.530726,-8.530726
505.027000,1195.000000,1203.532673,-8.532673
505.061000,1208.000000,1203.534582,4.465418
505.096000,1209.000000,1203.536565,5.463435
505.131000,1208.000000,1203.538566,4.461434
505.166000,1199.000000,1203.540585,-4.540585
505.201000,1199.000000,1203.542624,-4.542624
505.236000,1187.000000,1203.544681,-16.544681
505.271000,1187.000000,1203.546758,-16.546758
505.305000,1192.000000,1203.548794,-11.548794
505.340000,1187.000000,1203.550909,-16.550909
505.375000,1192.000000,1203.553044,-11.553044
505.410000,1192.000000,1203.555200,-11.555200
505.445000,1187.000000,1203.557376,-16.557376
505.480000,1187.000000,1203.559573,-16.559573
505.514000,1190.000000,1203.561727,-13.561727
505.549000,1190.000000,1203.563965,-13.563965
505.584000,1197.000000,1203.566225,-6.566225
505.619000,1197.000000,1203.568507,-6.568507
505.654000,1193.000000,1203.570811,-10.570811
505.689000,1206.000000,1203.573138,2.426862
505.724000,1199.000000,1203.575487,-4.575487
505.758000,1195.000000,1203.577791,-8.577791
505.793000,1198.000000,1203.580186,-5.580186
505.828000,1199.000000,1203.582604,-4.582604
505.863000,1198.000000,1203.585046,-5.585046
505.898000,1196.000000,1203.587513,-7.587513
505.933000,1196.000000,1203.590004,-7.590004
505.967000,1192.000000,1203.592447,-11.592447
506.002000,1187.000000,1203.594988,-16.594988
506.037000,1187.000000,1203.597554,-16.597554
506.072000,1187.000000,1203.600145,-16.600145
506.107000,1187.000000,1203.602763,-16.602763
506.142000,1187.000000,1203.605408,-16.605408
506.176000,1187.000000,1203.608002,-16.608002
506.211000,1187.000000,1203.610700,-16.610700
506.246000,1187.000000,1203.613426,-16.613426
506.281000,1187.000000,1203.616179,-16.616179
506.316000,1191.000000,1203.618961,-12.618961
506.350000,1196.000000,1203.621692,-7.621692
506.385000,1201.000000,1203.624531,-2.624531
506.420000,1203.000000,1203.627399,-0.627399
506.455000,1206.000000,1203.630298,2.369702
506.490000,1206.000000,1203.633228,2.366772
506.525000,1206.000000,1203.636188,2.363812
506.559000,1213.000000,1203.639093,9.360907
506.594000,1191.000000,1203.642115,-12.642115
506.629000,1186.000000,1203.645170,-17.645170
506.664000,1186.000000,1203.648257,-17.648257
506.699000,1194.000000,1203.651377,-9.651377
506.734000,1186.000000,1203.654531,-17.654531
506.768000,1194.000000,1203.657627,-9.657627
506.803000,1195.000000,1203.660848,-8.660848
506.838000,1196.000000,1203.664104,-7.664104
506.873000,1207.000000,1203.667396,3.332604
506.908000,1207.000000,1203.670724,3.329276
506.942000,1207.000000,1203.673992,3.326008
506.977000,1205.000000,1203.677393,1.322607
507.012000,1205.000000,1203.680831,1.319169
507.047000,1184.000000,1203.684307,-19.684307
507.082000,1200.000000,1203.687822,-3.687822
507.116000,1200.000000,1203.691275,-3.691275
507.151000,1200.000000,1203.694868,-3.694868
507.186000,1196.000000,1203.698502,-7.698502
507.221000,1196.000000,1203.702177,-7.702177
507.256000,1190.000000,1203.705894,-13.705894
507.290000,1190.000000,1203.709545,-13.709545
507.325000,1196.000000,1203.713346,-7.713346
507.360000,1190.000000,1203.717191,-13.717191
507.395000,1189.000000,1203.721080,-14.721080
507.430000,1201.000000,1203.725014,-2.725014
507.464000,1201.000000,1203.728880,-2.728880
507.499000,1205.000000,1203.732905,1.267095
507.534000,1205.000000,1203.736977,1.263023
507.569000,1209.000000,1203.741097,5.258903
507.604000,1210.000000,1203.745265,6.254735
507.638000,1210.000000,1203.749362,6.250638
507.673000,1208.000000,1203.753629,4.246371
507.708000,1208.000000,1203.757947,4.242053
507.743000,1208.000000,1203.762316,4.237684
507.778000,1208.000000,1203.766738,4.233262
507.812000,1212.000000,1203.771085,8.228915
507.847000,1212.000000,1203.775614,8.224386
507.882000,1214.000000,1203.780197,10.219803
507.917000,1214.000000,1203.784837,10.215163
507.952000,1208.000000,1203.789533,4.210467
507.986000,1203.000000,1203.794151,-0.794151
508.021000,1208.000000,1203.798963,4.201037
508.056000,1203.000000,1203.803834,-0.803834
508.091000,1203.000000,1203.808767,-0.808767
508.126000,1206.000000,1203.813761,2.186239
508.160000,1209.000000,1203.818672,5.181328
508.195000,1211.000000,1203.823791,7.176209
508.230000,1211.000000,1203.828976,7.171024
508.265000,1211.000000,1203.834226,7.165774
508.299000,1211.000000,1203.839390,7.160610
508.334000,1210.000000,1203.844774,6.155226
508.369000,1210.000000,1203.850227,6.149773
508.404000,1211.000000,1203.855751,7.144249
508.439000,1212.000000,1203.861347,8.138653
508.473000,1211.000000,1203.866853,7.133147
508.508000,1211.000000,1203.872594,7.127406
508.543000,1205.000000,1203.878411,1.121589
508.578000,1200.000000,1203.884306,-3.884306
508.612000,1200.000000,1203.890106,-3.890106
508.647000,1205.000000,1203.896156,1.103844
508.682000,1205.000000,1203.902288,1.097712
508.717000,1205.000000,1203.908501,1.091499
508.752000,1205.000000,1203.914799,1.085201
508.786000,1198.000000,1203.920999,-5.920999
508.821000,1198.000000,1203.927468,-5.927468
508.856000,1198.000000,1203.934025,-5.934025
508.891000,1202.000000,1203.940673,-1.940673
508.925000,1202.000000,1203.947218,-1.947218
508.960000,1214.000000,1203.954049,10.045951
508.995000,1214.000000,1203.960975,10.039025
509.030000,1202.000000,1203.967998,-1.967998
509.064000,1218.000000,1203.974916,14.025084
509.099000,1218.000000,1203.982136,14.017864
509.134000,1199.000000,1203.989459,-4.989459
509.169000,1194.000000,1203.996887,-9.996887
509.203000,1199.000000,1204.004205,-5.004205
509.238000,1199.000000,1204.011845,-5.011845
509.273000,1199.000000,1204.019597,-5.019597
509.308000,1201.000000,1204.027461,-3.027461
509.342000,1201.000000,1204.035210,-3.035210
509.377000,1198.000000,1204.043304,-6.043304
509.412000,1195.000000,1204.051517,-9.051517
509.447000,1193.000000,1204.059852,-11.059852
509.481000,1189.000000,1204.068068,-15.068068
509.516000,1193.000000,1204.076651,-11.076651
509.551000,1193.000000,1204.085363,-11.085363
509.586000,1193.000000,1204.094207,-11.094207
509.620000,1193.000000,1204.102928,-11.102928
509.655000,1199.000000,1204.112040,-5.112040
509.690000,1199.000000,1204.121293,-5.121293
509.725000,1214.000000,1204.130688,9.869312
509.759000,1199.000000,1204.139955,-5.139955
509.794000,1199.000000,1204.149642,-5.149642
509.829000,1199.000000,1204.159480,-5.159480
509.864000,1212.000000,1204.169474,7.830526
509.898000,1193.000000,1204.179334,-11.179334
509.933000,1198.000000,1204.189643,-6.189643
509.968000,1212.000000,1204.200118,7.799882
510.003000,1216.000000,1204.210761,11.789239
510.037000,1216.000000,1204.221265,11.778735
510.072000,1216.000000,1204.232252,11.767748
510.107000,1216.000000,1204.243419,11.756581
510.142000,1215.000000,1204.254770,10.745230
510.176000,1212.000000,1204.265976,7.734024
510.211000,1212.000000,1204.277700,7.722300
510.246000,1203.000000,1204.289621,-1.289621
510.281000,1212.000000,1204.301743,7.698257
510.315000,1212.000000,1204.313714,7.686286
510.350000,1212.000000,1204.326244,7.673756
510.385000,1212.000000,1204.338989,7.661011
510.420000,1214.000000,1204.351952,9.648048
510.454000,1214.000000,1204.364760,9.635240
510.489000,1208.000000,1204.378170,3.621830
510.524000,1208.000000,1204.391815,3.608185
510.558000,1208.000000,1204.405300,3.594700
510.593000,1205.000000,1204.419424,0.580576
510.628000,1208.000000,1204.433799,3.566201
510.663000,1217.000000,1204.448432,12.551568
510.697000,1219.000000,1204.462898,14.537102
510.732000,1219.000000,1204.478056,14.521944
510.767000,1219.000000,1204.493490,14.506510
510.801000,1219.000000,1204.508754,14.491246
510.836000,1214.000000,1204.524752,9.475248
510.871000,1214.000000,1204.541047,9.458953
510.906000,1214.000000,1204.557646,9.442354
510.940000,1214.000000,1204.574069,9.425931
510.975000,1214.000000,1204.591290,9.408710
511.010000,1214.000000,1204.608838,9.391162
511.045000,1219.000000,1204.626722,14.373278
511.079000,1220.000000,1204.644424,15.355576
511.114000,1219.000000,1204.662995,14.337005
511.149000,1219.000000,1204.681927,14.318073
511.183000,1220.000000,1204.700674,15.299326
511.218000,1220.000000,1204.720348,15.279652
511.253000,1212.000000,1204.740413,7.259587
511.288000,1220.000000,1204.760879,15.239121
511.322000,1224.000000,1204.781154,19.218846
511.357000,1224.000000,1204.802442,19.197558
511.392000,1217.000000,1204.824165,12.175835
511.426000,1217.000000,1204.845693,12.154307
511.461000,1216.000000,1204.868306,11.131694
511.496000,1212.000000,1204.891390,7.108610
511.530000,1212.000000,1204.914276,7.085724
511.565000,1212.000000,1204.938326,7.061674
511.600000,1209.000000,1204.962886,4.037114
511.635000,1209.000000,1204.987970,4.012030
511.669000,1209.000000,1205.012855,3.987145
511.704000,1209.000000,1205.039019,3.960981
511.739000,1213.000000,1205.065755,7.934245
511.773000,1213.000000,1205.092289,7.907711
511.808000,1206.000000,1205.120199,0.879801
511.843000,1203.000000,1205.148731,-2.148731
511.877000,1206.000000,1205.177062,0.822938
511.912000,1206.000000,1205.206877,0.793123
511.947000,1203.000000,1205.237370,-2.237370
511.982000,1209.000000,1205.268564,3.731436
512.016000,1216.000000,1205.299557,10.700443
512.051000,1209.000000,1205.332195,3.667805
512.086000,1206.000000,1205.365599,0.634401
512.120000,1216.000000,1205.398804,10.601196
512.155000,1206.000000,1205.433790,0.566210
512.190000,1202.000000,1205.469616,-3.469616
512.224000,1202.000000,1205.505248,-3.505248
512.259000,1209.000000,1205.542810,3.457190
512.294000,1202.000000,1205.581296,-3.581296
512.328000,1203.000000,1205.619596,-2.619596
512.363000,1205.000000,1205.659992,-0.659992
512.398000,1205.000000,1205.701406,-0.701406
512.432000,1205.000000,1205.742643,-0.742643
512.467000,1207.000000,1205.786163,1.213837
512.502000,1210.000000,1205.830806,4.169194
512.537000,1211.000000,1205.876612,5.123388
512.571000,1213.000000,1205.922258,7.077742
512.606000,1219.000000,1205.970473,13.029527
512.641000,1219.000000,1206.019974,12.980026
512.675000,1219.000000,1206.069337,12.930663
512.710000,1219.000000,1206.121510,12.878490
512.745000,1205.000000,1206.175112,-1.175112
512.779000,1202.000000,1206.228600,-4.228600
512.814000,1205.000000,1206.285173,-1.285173
512.849000,1202.000000,1206.343336,-4.343336
512.883000,1205.000000,1206.401417,-1.401417
512.918000,1209.000000,1206.462893,2.537107
512.953000,1209.000000,1206.526144,2.473856
512.987000,1209.000000,1206.589353,2.410647
513.022000,1210.000000,1206.656308,3.343692
513.057000,1220.000000,1206.725250,13.274750
513.091000,1210.000000,1206.794202,3.205798
513.126000,1210.000000,1206.867298,3.132702
513.161000,1210.000000,1206.942627,3.057373
513.195000,1207.000000,1207.018028,-0.018028
513.230000,1196.000000,1207.098030,-11.098030
513.265000,1207.000000,1207.180547,-0.180547
513.299000,1204.000000,1207.263217,-3.263217
513.334000,1204.000000,1207.351009,-3.351009
513.369000,1204.000000,1207.441646,-3.441646
513.403000,1204.000000,1207.532534,-3.532534
513.438000,1203.000000,1207.629145,-4.629145
513.473000,1203.000000,1207.728985,-4.728985
513.507000,1201.000000,1207.829199,-6.829199
513.542000,1203.000000,1207.935831,-4.935831
513.577000,1208.000000,1208.046140,-0.046140
513.611000,1211.000000,1208.156979,2.843021
513.646000,1208.000000,1208.275040,-0.275040
513.681000,1208.000000,1208.397308,-0.397308
513.715000,1209.000000,1208.520297,0.479703
513.750000,1209.000000,1208.651448,0.348552
513.784000,1200.000000,1208.783475,-8.783475
513.819000,1209.000000,1208.924374,0.075626
513.854000,1213.000000,1209.070581,3.929419
513.888000,1215.000000,1209.217943,5.782057
513.923000,1215.000000,1209.375403,5.624597
513.958000,1217.000000,1209.539005,7.460995
513.992000,1217.000000,1209.704114,7.295886
514.027000,1217.000000,1209.880769,7.119231
514.062000,1213.000000,1210.064565,2.935435
514.096000,1217.000000,1210.250309,6.749691
514.131000,1219.000000,1210.449321,8.550679
514.166000,1219.000000,1210.656680,8.343320
514.200000,1219.000000,1210.866542,8.133458
514.235000,1219.000000,1211.091731,7.908269
514.269000,1213.000000,1211.319872,1.680128
514.304000,1213.000000,1211.564930,1.435070
514.339000,1221.000000,1211.820936,9.179064
514.373000,1224.000000,1212.080717,11.919283
514.408000,1224.000000,1212.360224,11.639776
514.443000,1224.000000,1212.652718,11.347282
514.477000,1215.000000,1212.950035,2.049965
514.512000,1215.000000,1213.270491,1.729509
514.547000,1211.000000,1213.606445,-2.606445
514.581000,1211.000000,1213.948565,-2.948565
514.616000,1211.000000,1214.317995,-3.317995
514.650000,1217.000000,1214.694683,2.305317
514.685000,1209.000000,1215.101968,-6.101968
514.720000,1213.000000,1215.530345,-2.530345
514.754000,1213.000000,1215.968012,-2.968012
514.789000,1217.000000,1216.442193,0.557807
514.824000,1217.000000,1216.941976,0.058024
514.858000,1222.000000,1217.453670,4.546330
514.893000,1222.000000,1218.009235,3.990765
514.927000,1221.000000,1218.578857,2.421143
514.962000,1221.000000,1219.198215,1.801785
514.997000,1221.000000,1219.853417,1.146583
515.031000,1220.000000,1220.526687,-0.526687
515.066000,1220.000000,1221.260376,-1.260376
515.101000,1219.000000,1222.038284,-3.038284
515.135000,1220.000000,1222.839429,-2.839429
515.170000,1220.000000,1223.714410,-3.714410
515.204000,1218.000000,1224.616836,-6.616836
515.239000,1222.000000,1225.603838,-3.603838
515.274000,1230.000000,1226.654143,3.345857
515.308000,1230.000000,1227.739622,2.260378
515.343000,1218.000000,1228.929178,-10.929178
515.377000,1223.000000,1230.160044,-7.160044
515.412000,1223.000000,1231.510413,-8.510413
515.447000,1223.000000,1232.951540,-9.951540
515.481000,1226.000000,1234.444741,-8.444741
515.516000,1226.000000,1236.084728,-10.084728
515.550000,1226.000000,1237.784703,-11.784703
515.585000,1226.000000,1239.652098,-13.652098
515.620000,1227.000000,1241.646322,-14.646322
515.654000,1222.000000,1243.712420,-21.712420
515.689000,1229.000000,1245.979410,-16.979410
515.724000,1230.000000,1248.395750,-18.395750
515.758000,1232.000000,1250.892279,-18.892279
515.793000,1234.000000,1253.621153,-19.621153
515.827000,1248.000000,1256.429997,-8.429997
515.862000,1252.000000,1259.485521,-7.485521
515.897000,1252.000000,1262.705953,-10.705953
515.931000,1251.000000,1265.987065,-14.987065
515.966000,1265.000000,1269.511578,-4.511578
516.000000,1265.000000,1273.062439,-8.062439
516.035000,1285.000000,1276.825095,8.174905
516.069000,1290.000000,1280.554040,9.445960
516.104000,1291.000000,1284.427680,6.572320
516.139000,1308.000000,1288.285219,19.714781
516.173000,1310.000000,1291.957994,18.042006
516.208000,1308.000000,1295.591784,12.408216
516.242000,1314.000000,1298.903922,15.096078
516.277000,1314.000000,1302.006259,11.993741
516.312000,1314.000000,1304.711540,9.288460
516.346000,1312.000000,1306.881052,5.118948
516.381000,1312.000000,1308.570822,3.429178
516.415000,1306.000000,1309.629131,-3.629131
516.450000,1305.000000,1310.079802,-5.079802
516.485000,1305.000000,1309.866148,-4.866148
516.519000,1306.000000,1309.029810,-3.029810
516.554000,1308.000000,1307.552260,0.447740
516.588000,1308.000000,1305.566951,2.433049
516.623000,1308.000000,1303.024108,4.975892
516.657000,1305.000000,1300.144009,4.855991
516.692000,1301.000000,1296.840672,4.159328
516.727000,1300.000000,1293.279036,6.720964
516.761000,1288.000000,1289.649735,-1.649735
516.796000,1280.000000,1285.812588,-5.812588
516.830000,1275.000000,1282.048865,-7.048865
516.865000,1259.000000,1278.191782,-19.191782
516.899000,1258.000000,1274.504668,-16.504668
516.934000,1255.000000,1270.805725,-15.805725
516.969000,1255.000000,1267.231545,-12.231545
517.003000,1245.000000,1263.897199,-18.897199
517.038000,1242.000000,1260.618875,-18.618875
517.072000,1241.000000,1257.590686,-16.590686
517.107000,1242.000000,1254.637335,-12.637335
517.141000,1245.000000,1251.927144,-6.927144
517.176000,1243.000000,1249.297745,-6.297745
517.211000,1251.000000,1246.826336,4.173664
517.245000,1251.000000,1244.570953,6.429047
517.280000,1246.000000,1242.392049,3.607951
517.314000,1243.000000,1240.407045,2.592955
517.349000,1238.000000,1238.491580,-0.491580
517.383000,1238.000000,1236.747775,1.252225
517.418000,1246.000000,1235.065542,10.934458
517.453000,1247.000000,1233.490410,13.509590
517.487000,1247.000000,1232.056033,14.943967
517.522000,1250.000000,1230.671372,19.328628
517.556000,1250.000000,1229.409483,20.590517
517.591000,1228.000000,1228.190206,-0.190206
517.625000,1228.000000,1227.077864,0.922136
517.660000,1227.000000,1226.001833,0.998167
517.694000,1227.000000,1225.018946,1.981054
517.729000,1229.000000,1224.066890,4.933110
517.764000,1229.000000,1223.171207,5.828793
517.798000,1229.000000,1222.351340,6.648660
517.833000,1229.000000,1221.555481,7.444519
517.867000,1233.000000,1220.825921,12.174079
517.902000,1233.000000,1220.116680,12.883320
517.936000,1234.000000,1219.465558,14.534442
517.971000,1234.000000,1218.831631,15.168369
518.005000,1235.000000,1218.248791,16.751209
518.040000,1234.000000,1217.680509,16.319491
518.074000,1222.000000,1217.157260,4.842740
518.109000,1221.000000,1216.646343,4.353657
518.144000,1222.000000,1216.161746,5.838254
518.178000,1221.000000,1215.714595,5.285405
518.213000,1221.000000,1215.277060,5.722940
518.247000,1221.000000,1214.872782,6.127218
518.282000,1216.000000,1214.476665,1.523335
518.316000,1216.000000,1214.110171,1.889829
518.351000,1218.000000,1213.750607,4.249393
518.385000,1216.000000,1213.417506,2.582494
518.420000,1218.000000,1213.090293,4.909707
518.454000,1218.000000,1212.786787,5.213213
518.489000,1216.000000,1212.488286,3.511714
518.523000,1216.000000,1212.211084,3.788916
518.558000,1227.000000,1211.938135,15.061865
518.593000,1216.000000,1211.677071,4.322929
518.627000,1218.000000,1211.434223,6.565777
518.662000,1218.000000,1211.194701,6.805299
518.696000,1212.000000,1210.971651,1.028349
518.731000,1212.000000,1210.751426,1.248574
518.765000,1211.000000,1210.546134,0.453866
518.800000,1211.000000,1210.343238,0.656762
518.834000,1216.000000,1210.153913,5.846087
518.869000,1218.000000,1209.966615,8.033385
518.903000,1216.000000,1209.791679,6.208321
518.938000,1216.000000,1209.618455,6.381545
518.972000,1216.000000,1209.456517,6.543483
519.007000,1219.000000,1209.296020,9.703980
519.041000,1220.000000,1209.145849,10.854151
519.076000,1220.000000,1208.996886,11.003114
519.110000,1220.000000,1208.857390,11.142610
519.145000,1217.000000,1208.718903,8.281097
519.179000,1204.000000,1208.589111,-4.589111
519.214000,1204.000000,1208.460157,-4.460157
519.248000,1217.000000,1208.339205,8.660795
519.283000,1204.000000,1208.218942,-4.218942
519.317000,1204.000000,1208.106059,-4.106059
519.352000,1208.000000,1207.993736,0.006264
519.387000,1201.000000,1207.885178,-6.885178
519.421000,1201.000000,1207.783173,-6.783173
519.456000,1207.000000,1207.681567,-0.681567
519.490000,1208.000000,1207.586029,0.413971
519.525000,1207.000000,1207.490802,-0.490802
519.559000,1220.000000,1207.401203,12.598797
519.594000,1220.000000,1207.311839,12.688161
519.628000,1218.000000,1207.227704,10.772296
519.663000,1216.000000,1207.143737,8.856263
519.697000,1218.000000,1207.064635,10.935365
519.732000,1216.000000,1206.985645,9.014355
519.766000,1218.000000,1206.911188,11.088812
519.801000,1216.000000,1206.836794,9.163206
519.835000,1214.000000,1206.766629,7.233371
519.870000,1208.000000,1206.696484,1.303516
519.904000,1208.000000,1206.630292,1.369708
519.939000,1208.000000,1206.564082,1.435918
519.973000,1208.000000,1206.501571,1.498429
520.008000,1208.000000,1206.439011,1.560989
520.042000,1212.000000,1206.379916,5.620084
520.077000,1212.000000,1206.320745,5.679255
520.111000,1216.000000,1206.264823,9.735177
520.146000,1216.000000,1206.208803,9.791197
520.180000,1215.000000,1206.155834,8.844166
520.215000,1213.000000,1206.102747,6.897253
520.249000,1215.000000,1206.052528,8.947472
520.283000,1213.000000,1206.003595,6.996405
520.318000,1215.000000,1205.954521,9.045479
520.352000,1213.000000,1205.908067,7.091933
520.387000,1211.000000,1205.861459,5.138541
520.421000,1211.000000,1205.817320,5.182680
520.456000,1224.000000,1205.773017,18.226983
520.490000,1209.000000,1205.731045,3.268955
520.525000,1216.000000,1205.688898,10.311102
520.559000,1216.000000,1205.648953,10.351047
520.594000,1216.000000,1205.608826,10.391174
520.628000,1216.000000,1205.570780,10.429220
520.663000,1216.000000,1205.532548,10.467452
520.697000,1216.000000,1205.496284,10.503716
520.732000,1220.000000,1205.459829,14.540171
520.766000,1220.000000,1205.425238,14.574762
520.801000,1220.000000,1205.390453,14.609547
520.835000,1209.000000,1205.357435,3.642565
520.870000,1211.000000,1205.324219,5.675781
520.904000,1211.000000,1205.292681,5.707319
520.939000,1216.000000,1205.260942,10.739058
520.973000,1216.000000,1205.230796,10.769204
521.008000,1216.000000,1205.200450,10.799550
521.042000,1216.000000,1205.171616,10.828384
521.076000,1216.000000,1205.143402,10.856598
521.111000,1216.000000,1205.114986,10.885014
521.145000,1216.000000,1205.087975,10.912025
521.180000,1222.000000,1205.060762,16.939238
521.214000,1223.000000,1205.034886,17.965114
521.249000,1222.000000,1205.008810,16.991190
521.283000,1222.000000,1204.984008,17.015992
521.318000,1214.000000,1204.959007,9.040993
521.352000,1212.000000,1204.935220,7.064780
521.387000,1212.000000,1204.911235,7.088765
521.421000,1214.000000,1204.888409,9.111591
521.456000,1214.000000,1204.865387,9.134613
521.490000,1208.000000,1204.843471,3.156529
521.524000,1208.000000,1204.821986,3.178014
521.559000,1207.000000,1204.800307,2.199693
521.593000,1207.000000,1204.779663,2.220337
521.628000,1208.000000,1204.758826,3.241174
521.662000,1214.000000,1204.738979,9.261021
521.697000,1214.000000,1204.718942,9.281058
521.731000,1218.000000,1204.699852,13.300148
521.766000,1228.000000,1204.680574,23.319426
521.800000,1218.000000,1204.662203,13.337797
521.835000,1209.000000,1204.643647,4.356353
521.869000,1205.000000,1204.625959,0.374041
521.903000,1205.000000,1204.608596,0.391404
521.938000,1205.000000,1204.591052,0.408948
521.972000,1207.000000,1204.574323,2.425677
522.007000,1217.000000,1204.557417,12.442583
522.041000,1217.000000,1204.541292,12.458708
522.076000,1207.000000,1204.524992,2.475008
522.110000,1199.000000,1204.509443,-5.509443
522.145000,1199.000000,1204.493722,-5.493722
522.179000,1199.000000,1204.478721,-5.478721
522.213000,1208.000000,1204.463981,3.536019
522.248000,1210.000000,1204.449073,5.550927
522.282000,1210.000000,1204.434845,5.565155
522.317000,1210.000000,1204.420451,5.579549
522.351000,1207.000000,1204.406710,2.593290
522.386000,1207.000000,1204.392808,2.607192
522.420000,1207.000000,1204.379532,2.620468
522.454000,1208.000000,1204.366479,3.633521
522.489000,1213.000000,1204.353269,8.646731
522.523000,1213.000000,1204.340651,8.659349
522.558000,1215.000000,1204.327878,10.672122
522.592000,1216.000000,1204.315677,11.684323
522.627000,1217.000000,1204.303323,12.696677
522.661000,1217.000000,1204.291520,12.708480
522.695000,1217.000000,1204.279907,12.720093
522.730000,1217.000000,1204.268146,12.731854
522.764000,1217.000000,1204.256905,12.743095
522.799000,1225.000000,1204.245520,20.754480
522.833000,1225.000000,1204.234637,20.765363
522.868000,1225.000000,1204.223611,20.776389
522.902000,1216.000000,1204.213071,11.786929
522.936000,1216.000000,1204.202693,11.797307
522.971000,1198.000000,1204.192178,-6.192178
523.005000,1198.000000,1204.182122,-6.182122
523.040000,1199.000000,1204.171931,-5.171931
523.074000,1199.000000,1204.162183,-5.162183
523.109000,1199.000000,1204.152303,-5.152303
523.143000,1225.000000,1204.142851,20.857149
523.177000,1225.000000,1204.133541,20.866459
523.212000,1222.000000,1204.124102,17.875898
523.246000,1225.000000,1204.115070,20.884930
523.281000,1222.000000,1204.105912,17.894088
523.315000,1222.000000,1204.097148,17.902852
523.349000,1222.000000,1204.088512,17.911488
523.384000,1219.000000,1204.079752,14.920248
523.418000,1219.000000,1204.071368,14.928632
523.453000,1219.000000,1204.062864,14.937136
523.487000,1225.000000,1204.054722,20.945278
523.521000,1225.000000,1204.046697,20.953303
523.556000,1225.000000,1204.038554,20.961446
523.590000,1222.000000,1204.030757,17.969243
523.625000,1213.000000,1204.022846,8.977154
523.659000,1213.000000,1204.015269,8.984731
523.693000,1213.000000,1204.007798,8.992202
523.728000,1213.000000,1204.000215,8.999785
523.762000,1213.000000,1203.992952,9.007048
523.797000,1217.000000,1203.985580,13.014420
523.831000,1213.000000,1203.978518,9.021482
523.865000,1201.000000,1203.971551,-2.971551
523.900000,1213.000000,1203.964479,9.035521
523.934000,1213.000000,1203.957702,9.042298
523.969000,1213.000000,1203.950821,9.049179
524.003000,1213.000000,1203.944227,9.055773
524.037000,1213.000000,1203.937721,9.062279
524.072000,1218.000000,1203.931114,14.068886
524.106000,1206.000000,1203.924781,2.075219
524.141000,1202.000000,1203.918349,-1.918349
524.175000,1206.000000,1203.912184,2.087816
524.209000,1208.000000,1203.906099,4.093901
524.244000,1206.000000,1203.899917,2.100083
524.278000,1204.000000,1203.893990,0.106010
524.312000,1208.000000,1203.888140,4.111860
524.347000,1211.000000,1203.882195,7.117805
524.381000,1221.000000,1203.876495,17.123505
524.416000,1221.000000,1203.870703,17.129297
524.450000,1221.000000,1203.865149,17.134851
524.484000,1218.000000,1203.859664,14.140336
524.519000,1217.000000,1203.854090,13.145910
524.553000,1205.000000,1203.848743,1.151257
524.588000,1203.000000,1203.843309,-0.843309
524.622000,1205.000000,1203.838096,1.161904
524.656000,1204.000000,1203.832948,0.167052
524.691000,1203.000000,1203.827714,-0.827714
524.725000,1204.000000,1203.822692,0.177308
524.759000,1216.000000,1203.817732,12.182268
524.794000,1216.000000,1203.812688,12.187312
524.828000,1216.000000,1203.807849,12.192151
524.862000,1216.000000,1203.803068,12.196932
524.897000,1203.000000,1203.798206,-0.798206
524.931000,1203.000000,1203.793540,-0.793540
524.966000,1203.000000,1203.788794,-0.788794
525.000000,1211.000000,1203.784240,7.215760
525.034000,1211.000000,1203.779739,7.220261
525.069000,1211.000000,1203.775161,7.224839
525.103000,1211.000000,1203.770767,7.229233
525.137000,1207.000000,1203.766423,3.233577
525.172000,1207.000000,1203.762005,3.237995
525.206000,1207.000000,1203.757763,3.242237
525.240000,1207.000000,1203.753570,3.246430
525.275000,1210.000000,1203.749304,6.250696
525.309000,1210.000000,1203.745208,6.254792
525.344000,1206.000000,1203.741040,2.258960
525.378000,1205.000000,1203.737038,1.262962
525.412000,1206.000000,1203.733081,2.266919
525.447000,1206.000000,1203.729054,2.270946
525.481000,1205.000000,1203.725186,1.274814
525.515000,1207.000000,1203.721362,3.278638
525.550000,1213.000000,1203.717470,9.282530
525.584000,1216.000000,1203.713731,12.286269
525.618000,1216.000000,1203.710034,12.289966
525.653000,1216.000000,1203.706270,12.293730
525.687000,1212.000000,1203.702655,8.297345
525.721000,1212.000000,1203.699079,8.300921
525.756000,1210.000000,1203.695439,6.304561
525.790000,1210.000000,1203.691941,6.308059
525.824000,1212.000000,1203.688482,8.311518
525.859000,1214.000000,1203.684959,10.315041
525.893000,1208.000000,1203.681575,4.318425
525.927000,1212.000000,1203.678226,8.321774
525.962000,1212.000000,1203.674816,8.325184
525.996000,1208.000000,1203.671540,4.328460
526.031000,1206.000000,1203.668203,2.331797
526.065000,1208.000000,1203.664996,4.335004
526.099000,1208.000000,1203.661823,4.338177
526.134000,1227.000000,1203.658591,23.341409
526.168000,1227.000000,1203.655485,23.344515
526.202000,1228.000000,1203.652411,24.347589
526.237000,1227.000000,1203.649280,23.350720
526.271000,1218.000000,1203.646270,14.353730
526.305000,1215.000000,1203.643291,11.356709
526.340000,1218.000000,1203.640257,14.359743
526.374000,1215.000000,1203.637340,11.362660
526.408000,1213.000000,1203.634452,9.365548
526.442000,1210.000000,1203.631594,6.368406
526.477000,1204.000000,1203.628681,0.371319
526.511000,1202.000000,1203.625881,-1.625881
526.545000,1202.000000,1203.623109,-1.623109
526.580000,1204.000000,1203.620285,0.379715
526.614000,1210.000000,1203.617569,6.382431
526.648000,1210.000000,1203.614879,6.385121
526.683000,1210.000000,1203.612139,6.387861
526.717000,1206.000000,1203.609504,2.390496
526.751000,1206.000000,1203.606894,2.393106
526.786000,1206.000000,1203.604235,2.395765
526.820000,1206.000000,1203.601677,2.398323
526.854000,1206.000000,1203.599144,2.400856
526.889000,1208.000000,1203.596562,4.403438
526.923000,1208.000000,1203.594079,4.405921
526.957000,1208.000000,1203.591620,4.408380
526.992000,1208.000000,1203.589113,4.410887
527.026000,1210.000000,1203.586701,6.413299
527.060000,1210.000000,1203.584313,6.415687
527.095000,1210.000000,1203.581878,6.418122
527.129000,1209.000000,1203.579535,5.420465
527.163000,1211.000000,1203.577214,7.422786
527.197000,1209.000000,1203.574916,5.425084
527.232000,1209.000000,1203.572572,5.427428
527.266000,1206.000000,1203.570317,2.429683
527.300000,1211.000000,1203.568083,7.431917
527.335000,1206.000000,1203.565805,2.434195
527.369000,1203.000000,1203.563614,-0.563614
527.403000,1202.000000,1203.561442,-1.561442
527.438000,1203.000000,1203.559227,-0.559227
527.472000,1203.000000,1203.557096,-0.557096
527.506000,1215.000000,1203.554985,11.445015
527.540000,1216.000000,1203.552892,12.447108
527.575000,1216.000000,1203.550758,12.449242
527.609000,1216.000000,1203.548705,12.451295
527.643000,1216.000000,1203.546669,12.453331
527.678000,1216.000000,1203.544594,12.455406
527.712000,1216.000000,1203.542596,12.457404
527.746000,1216.000000,1203.540615,12.459385
527.781000,1216.000000,1203.538596,12.461404
527.815000,1220.000000,1203.536651,16.463349
527.849000,1220.000000,1203.534724,16.465276
527.883000,1214.000000,1203.532814,10.467186
527.918000,1220.000000,1203.530866,16.469134
527.952000,1216.000000,1203.528990,12.471010
527.986000,1213.000000,1203.527131,9.472869
528.021000,1216.000000,1203.525234,12.474766
528.055000,1220.000000,1203.523407,16.476593
528.089000,1220.000000,1203.521597,16.478403
528.123000,1222.000000,1203.519802,18.480198
528.158000,1222.000000,1203.517971,18.482029
528.192000,1220.000000,1203.516207,16.483793
528.226000,1231.000000,1203.514459,27.485541
528.261000,1212.000000,1203.512675,8.487325
528.295000,1210.000000,1203.510957,6.489043
528.329000,1210.000000,1203.509254,6.490746
528.363000,1215.000000,1203.507566,11.492434
528.398000,1204.000000,1203.505842,0.494158
528.432000,1210.000000,1203.504183,6.495817
528.466000,1210.000000,1203.502537,6.497463
528.500000,1208.000000,1203.500905,4.499095
528.535000,1195.000000,1203.499240,-8.499240
528.569000,1208.000000,1203.497636,4.502364
528.603000,1208.000000,1203.496045,4.503955
528.638000,1208.000000,1203.494421,4.505579
528.672000,1217.000000,1203.492857,13.507143
528.706000,1217.000000,1203.491306,13.508694
528.740000,1212.000000,1203.489768,8.510232
528.775000,1212.000000,1203.488198,8.511802
528.809000,1218.000000,1203.486685,14.513315
528.843000,1218.000000,1203.485185,14.514815
528.877000,1218.000000,1203.483697,14.516303
528.912000,1218.000000,1203.482178,14.517822
528.946000,1222.000000,1203.480715,18.519285
528.980000,1202.000000,1203.479263,-1.479263
529.014000,1202.000000,1203.477823,-1.477823
529.049000,1202.000000,1203.476353,-1.476353
529.083000,1206.000000,1203.474937,2.525063
529.117000,1206.000000,1203.473532,2.526468
529.151000,1206.000000,1203.472138,2.527862
529.186000,1206.000000,1203.470714,2.529286
529.220000,1206.000000,1203.469343,2.530657
529.254000,1206.000000,1203.467982,2.532018
529.288000,1210.000000,1203.466633,6.533367
529.323000,1210.000000,1203.465254,6.534746
529.357000,1210.000000,1203.463926,6.536074
529.391000,1218.000000,1203.462608,14.537392
529.425000,1218.000000,1203.461301,14.538699
529.460000,1210.000000,1203.459965,6.540035
529.494000,1212.000000,1203.458679,8.541321
529.528000,1218.000000,1203.457402,14.542598
529.562000,1212.000000,1203.456135,8.543865
529.597000,1208.000000,1203.454841,4.545159
529.631000,1212.000000,1203.453593,8.546407
529.665000,1220.000000,1203.452356,16.547644
529.699000,1209.000000,1203.451128,5.548872
529.734000,1209.000000,1203.449873,5.550127
529.768000,1218.000000,1203.448664,14.551336
529.802000,1214.000000,1203.447464,10.552536
529.836000,1214.000000,1203.446273,10.553727
529.871000,1214.000000,1203.445057,10.554943
529.905000,1214.000000,1203.443884,10.556116
529.939000,1213.000000,1203.442720,9.557280
529.973000,1210.000000,1203.441565,6.558435
530.007000,1210.000000,1203.440419,6.559581
530.042000,1213.000000,1203.439247,9.560753
530.076000,1210.000000,1203.438118,6.561882
530.110000,1214.000000,1203.436997,10.563003
530.144000,1222.000000,1203.435885,18.564115
530.179000,1219.000000,1203.434749,15.565251
530.213000,1219.000000,1203.433653,15.566347
530.247000,1219.000000,1203.432565,15.567435
530.281000,1219.000000,1203.431485,15.568515
530.316000,1219.000000,1203.430382,15.569618
530.350000,1224.000000,1203.429318,20.570682
530.384000,1216.000000,1203.428262,12.571738
530.418000,1212.000000,1203.427214,8.572786
530.452000,1212.000000,1203.426174,8.573826
530.487000,1206.000000,1203.425110,2.574890
530.521000,1206.000000,1203.424085,2.575915
530.555000,1206.000000,1203.423067,2.576933
530.589000,1203.000000,1203.422056,-0.422056
530.623000,1211.000000,1203.421052,7.578948
530.658000,1214.000000,1203.420027,10.579973
530.692000,1215.000000,1203.419038,11.580962
530.726000,1214.000000,1203.418056,10.581944
530.760000,1215.000000,1203.417081,11.582919
530.795000,1214.000000,1203.416085,10.583915
530.829000,1212.000000,1203.415124,8.584876
530.863000,1212.000000,1203.414169,8.585831
530.897000,1212.000000,1203.413222,8.586778
530.931000,1212.000000,1203.412281,8.587719
530.966000,1212.000000,1203.411319,8.588681
531.000000,1212.000000,1203.410392,8.589608
531.034000,1210.000000,1203.409471,6.590529
531.068000,1208.000000,1203.408556,4.591444
531.102000,1210.000000,1203.407648,6.592352
531.137000,1215.000000,1203.406719,11.593281
531.171000,1215.000000,1203.405823,11.594177
531.205000,1215.000000,1203.404934,11.595066
531.239000,1227.000000,1203.404051,23.595949
531.273000,1227.000000,1203.403173,23.596827
531.308000,1223.000000,1203.402276,19.597724
531.342000,1223.000000,1203.401411,19.598589
531.376000,1227.000000,1203.400552,23.599448
531.410000,1223.000000,1203.399699,19.600301
531.444000,1223.000000,1203.398851,19.601149
531.479000,1227.000000,1203.397984,23.602016
531.513000,1218.000000,1203.397148,14.602852
531.547000,1214.000000,1203.396318,10.603682
531.581000,1214.000000,1203.395493,10.604507
531.615000,1213.000000,1203.394674,9.605326
531.649000,1213.000000,1203.393860,9.606140
531.684000,1213.000000,1203.393028,9.606972
531.718000,1218.000000,1203.392225,14.607775
531.752000,1233.000000,1203.391428,29.608572
531.786000,1233.000000,1203.390635,29.609365
531.820000,1232.000000,1203.389848,28.610152
531.855000,1233.000000,1203.389044,29.610956
531.889000,1233.000000,1203.388267,29.611733
531.923000,1239.000000,1203.387496,35.612504
531.957000,1239.000000,1203.386729,35.613271
531.991000,1243.000000,1203.385968,39.614032
532.025000,1253.000000,1203.385212,49.614788
532.060000,1261.000000,1203.384438,57.615562
532.094000,1261.000000,1203.383692,57.616308
532.128000,1261.000000,1203.382950,57.617050
532.162000,1261.000000,1203.382214,57.617786
532.196000,1259.000000,1203.381482,55.618518
532.230000,1252.000000,1203.380754,48.619246
532.265000,1243.000000,1203.380011,39.619989
532.299000,1242.000000,1203.379293,38.620707
532.333000,1241.000000,1203.378580,37.621420
532.367000,1241.000000,1203.377871,37.622129
532.401000,1233.000000,1203.377167,29.622833
532.435000,1226.000000,1203.376467,22.623533
532.470000,1226.000000,1203.375752,22.624248
532.504000,1224.000000,1203.375061,20.624939
532.538000,1224.000000,1203.374375,20.625625
532.572000,1212.000000,1203.373693,8.626307
532.606000,1212.000000,1203.373015,8.626985
532.640000,1212.000000,1203.372342,8.627658
532.675000,1222.000000,1203.371653,18.628347
532.709000,1222.000000,1203.370988,18.629012
532.743000,1222.000000,1203.370327,18.629673
532.777000,1216.000000,1203.369670,12.630330
532.811000,1216.000000,1203.369018,12.630982
532.845000,1216.000000,1203.368369,12.631631
532.880000,1216.000000,1203.367706,12.632294
532.914000,1213.000000,1203.367066,9.632934
532.948000,1219.000000,1203.366429,15.633571
532.982000,1220.000000,1203.365797,16.634203
533.016000,1209.000000,1203.365168,5.634832
533.050000,1209.000000,1203.364543,5.635457
533.084000,1221.000000,1203.363922,17.636078
533.119000,1225.000000,1203.363287,21.636713
533.153000,1210.000000,1203.362674,6.637326
533.187000,1210.000000,1203.362064,6.637936
533.221000,1224.000000,1203.361458,20.638542
533.255000,1210.000000,1203.360856,6.639144
533.289000,1210.000000,1203.360258,6.639742
533.323000,1212.000000,1203.359663,8.640337
533.358000,1212.000000,1203.359054,8.640946
533.392000,1212.000000,1203.358466,8.641534
533.426000,1212.000000,1203.357882,8.642118
533.460000,1207.000000,1203.357301,3.642699
533.494000,1207.000000,1203.356724,3.643276
533.528000,1207.000000,1203.356150,3.643850
533.562000,1203.500000,1203.355580,0.144420
533.596000,1207.000000,1203.355013,3.644987
