index,wavelength,raw_y,threshold_filtered_y,median_filtered_y,angle_deg
0,498.215,1113.0,1113.0,1110.0,24.928171378638382
1,498.25,1109.0,1109.0,1111.5,24.928171378638382
2,498.285,1110.0,1110.0,1110.0,24.928171378638382
3,498.32,1115.0,1115.0,1109.0,24.928171378638382
4,498.355,1098.0,1098.0,1110.0,24.928171378638382
5,498.39,1108.0,1108.0,1110.0,24.928171378638382
6,498.425,1110.0,1110.0,1108.0,24.928171378638382
7,498.46,1110.0,1110.0,1108.0,24.928171378638382
8,498.495,1097.0,1097.0,1109.0,24.928171378638382
9,498.53,1108.0,1108.0,1108.0,24.928171378638382
10,498.565,1109.0,1109.0,1107.0,24.928171378638382
11,498.6,1101.0,1101.0,1108.0,24.928171378638382
12,498.635,1107.0,1107.0,1109.0,24.928171378638382
13,498.67,1114.0,1114.0,1113.0,24.928171378638382
14,498.705,1119.0,1119.0,1113.0,24.928171378638382
15,498.74,1113.0,1113.0,1114.0,24.928171378638382
16,498.775,1108.0,1108.0,1113.0,24.928171378638382
17,498.81,1124.0,1124.0,1111.0,24.928171378638382
18,498.845,1111.0,1111.0,1108.0,24.928171378638382
19,498.88,1093.0,1093.0,1108.0,24.928171378638382
20,498.915,1108.0,1108.0,1108.0,24.928171378638382
21,498.95,1107.0,1107.0,1107.0,24.928171378638382
22,498.985,1110.0,1110.0,1107.0,24.928171378638382
23,499.02,1096.0,1096.0,1107.0,24.928171378638382
24,499.055,1099.0,1099.0,1105.0,24.928171378638382
25,499.09,1107.0,1107.0,1105.0,24.928171378638382
26,499.125,1105.0,1105.0,1107.0,24.928171378638382
27,499.16,1120.0,1120.0,1113.0,24.928171378638382
28,499.195,1155.0,1155.0,1113.0,24.928171378638382
29,499.23,1113.0,1113.0,1113.0,24.928171378638382
30,499.265,1112.0,1112.0,1113.0,24.928171378638382
31,499.3,1104.0,1104.0,1112.0,24.928171378638382
32,499.335,1127.0,1127.0,1112.0,24.928171378638382
33,499.37,1096.0,1096.0,1104.0,24.928171378638382
34,499.405,1113.0,1113.0,1103.0,24.928171378638382
35,499.44,1099.0,1099.0,1099.0,24.928171378638382
36,499.475,1103.0,1103.0,1103.0,24.928171378638382
37,499.51,1094.0,1094.0,1099.0,24.928171378638382
38,499.545,1113.0,1113.0,1099.0,24.928171378638382
39,499.58,1099.0,1099.0,1094.0,24.928171378638382
40,499.615,1092.0,1092.0,1099.0,24.928171378638382
41,499.65,1093.0,1093.0,1099.0,24.928171378638382
42,499.685,1104.0,1104.0,1104.0,24.928171378638382
43,499.72,1113.0,1113.0,1104.0,24.928171378638382
44,499.755,1108.0,1108.0,1106.0,24.928171378638382
45,499.79,1089.0,1089.0,1106.0,24.928171378638382
46,499.825,1106.0,1106.0,1106.0,24.928171378638382
47,499.86,1104.0,1104.0,1104.0,24.928171378638382
48,499.894,1111.0,1111.0,1106.0,24.928171378638382
49,499.929,1095.0,1095.0,1110.0,24.928171378638382
50,499.964,1119.0,1119.0,1111.0,24.928171378638382
51,499.999,1110.0,1110.0,1110.0,24.928171378638382
52,500.034,1118.0,1118.0,1110.0,24.928171378638382
53,500.069,1110.0,1110.0,1110.0,24.928171378638382
54,500.104,1100.0,1100.0,1109.0,24.928171378638382
55,500.139,1109.0,1109.0,1108.0,24.928171378638382
56,500.174,1101.0,1101.0,1108.0,24.928171378638382
57,500.209,1108.0,1108.0,1109.0,24.928171378638382
58,500.244,1110.0,1110.0,1108.0,24.928171378638382
59,500.279,1120.0,1120.0,1110.0,24.928171378638382
60,500.314,1105.0,1105.0,1110.0,24.928171378638382
61,500.349,1110.0,1110.0,1106.0,24.928171378638382
62,500.384,1106.0,1106.0,1106.0,24.928171378638382
63,500.419,1095.0,1095.0,1110.0,24.928171378638382
64,500.454,1115.0,1115.0,1113.0,24.928171378638382
65,500.489,1121.0,1121.0,1113.0,24.928171378638382
66,500.524,1113.0,1113.0,1113.0,24.928171378638382
67,500.559,1094.0,1094.0,1105.0,24.928171378638382
68,500.594,1105.0,1105.0,1105.0,24.928171378638382
69,500.629,1102.0,1102.0,1105.0,24.928171378638382
70,500.664,1110.0,1110.0,1105.0,24.928171378638382
71,500.699,1105.0,1105.0,1105.0,24.928171378638382
72,500.734,1104.0,1104.0,1110.0,24.928171378638382
73,500.768,1115.0,1115.0,1105.0,24.928171378638382
74,500.803,1116.0,1116.0,1104.0,24.928171378638382
75,500.838,1102.0,1102.0,1102.0,24.928171378638382
76,500.873,1093.0,1093.0,1102.0,24.928171378638382
77,500.908,1101.0,1101.0,1102.0,24.928171378638382
78,500.943,1108.0,1108.0,1108.0,24.928171378638382
79,500.978,1109.0,1109.0,1108.0,24.928171378638382
80,501.013,1109.0,1109.0,1108.0,24.928171378638382
81,501.048,1104.0,1104.0,1106.0,24.928171378638382
82,501.083,1106.0,1106.0,1104.0,24.928171378638382
83,501.118,1100.0,1100.0,1104.0,24.928171378638382
84,501.153,1088.0,1088.0,1106.0,24.928171378638382
85,501.188,1110.0,1110.0,1102.0,24.928171378638382
86,501.223,1106.0,1106.0,1106.0,24.928171378638382
87,501.258,1102.0,1102.0,1106.0,24.928171378638382
88,501.293,1113.0,1113.0,1103.0,24.928171378638382
89,501.328,1103.0,1103.0,1103.0,24.928171378638382
90,501.362,1092.0,1092.0,1109.0,24.928171378638382
91,501.397,1110.0,1110.0,1103.0,24.928171378638382
92,501.432,1109.0,1109.0,1104.0,24.928171378638382
93,501.467,1102.0,1102.0,1109.0,24.928171378638382
94,501.502,1104.0,1104.0,1109.0,24.928171378638382
95,501.537,1111.0,1111.0,1104.0,24.928171378638382
96,501.572,1127.0,1127.0,1105.0,24.928171378638382
97,501.607,1093.0,1093.0,1105.0,24.928171378638382
98,501.642,1105.0,1105.0,1105.0,24.928171378638382
99,501.677,1103.0,1103.0,1105.0,24.928171378638382
100,501.712,1117.0,1117.0,1105.0,24.928171378638382
101,501.747,1115.0,1115.0,1115.0,24.928171378638382
102,501.782,1101.0,1101.0,1115.0,24.928171378638382
103,501.817,1124.0,1124.0,1105.0,24.928171378638382
104,501.852,1097.0,1097.0,1105.0,24.928171378638382
105,501.886,1105.0,1105.0,1108.0,24.928171378638382
106,501.921,1108.0,1108.0,1105.0,24.928171378638382
107,501.956,1115.0,1115.0,1106.0,24.928171378638382
108,501.991,1098.0,1098.0,1106.0,24.928171378638382
109,502.026,1106.0,1106.0,1105.0,24.928171378638382
110,502.061,1105.0,1105.0,1102.0,24.928171378638382
111,502.096,1102.0,1102.0,1102.0,24.928171378638382
112,502.131,1100.0,1100.0,1100.0,24.928171378638382
113,502.166,1096.0,1096.0,1100.0,24.928171378638382
114,502.201,1093.0,1093.0,1100.0,24.928171378638382
115,502.236,1103.0,1103.0,1103.0,24.928171378638382
116,502.271,1117.0,1117.0,1105.0,24.928171378638382
117,502.305,1108.0,1108.0,1107.0,24.928171378638382
118,502.34,1105.0,1105.0,1107.0,24.928171378638382
119,502.375,1107.0,1107.0,1105.0,24.928171378638382
120,502.41,1105.0,1105.0,1105.0,24.928171378638382
121,502.445,1101.0,1101.0,1105.0,24.928171378638382
122,502.48,1090.0,1090.0,1101.0,24.928171378638382
123,502.515,1108.0,1108.0,1101.0,24.928171378638382
124,502.55,1086.0,1086.0,1108.0,24.928171378638382
125,502.585,1108.0,1108.0,1108.0,24.928171378638382
126,502.62,1110.0,1110.0,1108.0,24.928171378638382
127,502.655,1101.0,1101.0,1109.0,24.928171378638382
128,502.69,1109.0,1109.0,1109.0,24.928171378638382
129,502.724,1113.0,1113.0,1108.0,24.928171378638382
130,502.759,1108.0,1108.0,1109.0,24.928171378638382
131,502.794,1103.0,1103.0,1108.0,24.928171378638382
132,502.829,1115.0,1115.0,1108.0,24.928171378638382
133,502.864,1093.0,1093.0,1104.0,24.928171378638382
134,502.899,1116.0,1116.0,1105.0,24.928171378638382
135,502.934,1104.0,1104.0,1104.0,24.928171378638382
136,502.969,1105.0,1105.0,1105.0,24.928171378638382
137,503.004,1098.0,1098.0,1105.0,24.928171378638382
138,503.039,1123.0,1123.0,1106.0,24.928171378638382
139,503.073,1121.0,1121.0,1106.0,24.928171378638382
140,503.108,1106.0,1106.0,1115.0,24.928171378638382
141,503.143,1098.0,1098.0,1108.0,24.928171378638382
142,503.178,1115.0,1115.0,1108.0,24.928171378638382
143,503.213,1108.0,1108.0,1108.0,24.928171378638382
144,503.248,1112.0,1112.0,1111.0,24.928171378638382
145,503.283,1105.0,1105.0,1111.0,24.928171378638382
146,503.318,1111.0,1111.0,1111.0,24.928171378638382
147,503.353,1117.0,1117.0,1106.0,24.928171378638382
148,503.388,1106.0,1106.0,1107.0,24.928171378638382
149,503.422,1101.0,1101.0,1107.0,24.928171378638382
150,503.457,1107.0,1107.0,1106.0,24.928171378638382
151,503.492,1112.0,1112.0,1107.0,24.928171378638382
152,503.527,1099.0,1099.0,1110.0,24.928171378638382
153,503.562,1110.0,1110.0,1112.0,24.928171378638382
154,503.597,1121.0,1121.0,1118.0,24.928171378638382
155,503.632,1119.0,1119.0,1118.0,24.928171378638382
156,503.667,1118.0,1118.0,1119.0,24.928171378638382
157,503.702,1103.0,1103.0,1118.0,24.928171378638382
158,503.736,1122.0,1122.0,1107.0,24.928171378638382
159,503.771,1106.0,1106.0,1107.0,24.928171378638382
160,503.806,1107.0,1107.0,1107.0,24.928171378638382
161,503.841,1130.0,1130.0,1107.0,24.928171378638382
162,503.876,1100.0,1100.0,1110.0,24.928171378638382
163,503.911,1111.0,1111.0,1111.0,24.928171378638382
164,503.946,1110.0,1110.0,1110.0,24.928171378638382
165,503.981,1120.0,1120.0,1111.0,24.928171378638382
166,504.015,1108.0,1108.0,1110.0,24.928171378638382
167,504.05,1118.0,1118.0,1108.0,24.928171378638382
168,504.085,1100.0,1100.0,1107.0,24.928171378638382
169,504.12,1107.0,1107.0,1107.0,24.928171378638382
170,504.155,1101.0,1101.0,1107.0,24.928171378638382
171,504.19,1114.0,1114.0,1108.0,24.928171378638382
172,504.225,1108.0,1108.0,1109.0,24.928171378638382
173,504.26,1109.0,1109.0,1114.0,24.928171378638382
174,504.294,1133.0,1133.0,1123.0,24.928171378638382
175,504.329,1126.0,1126.0,1123.0,24.928171378638382
176,504.364,1123.0,1123.0,1123.0,24.928171378638382
177,504.399,1106.0,1106.0,1116.0,24.928171378638382
178,504.434,1095.0,1095.0,1108.0,24.928171378638382
179,504.469,1116.0,1116.0,1106.0,24.928171378638382
180,504.504,1108.0,1108.0,1104.0,24.928171378638382
181,504.539,1102.0,1102.0,1108.0,24.928171378638382
182,504.573,1104.0,1104.0,1108.0,24.928171378638382
183,504.608,1111.0,1111.0,1110.0,24.928171378638382
184,504.643,1110.0,1110.0,1110.0,24.928171378638382
185,504.678,1110.0,1110.0,1111.0,24.928171378638382
186,504.713,1117.0,1117.0,1110.0,24.928171378638382
187,504.748,1114.0,1114.0,1113.0,24.928171378638382
188,504.783,1101.0,1101.0,1113.0,24.928171378638382
189,504.817,1113.0,1113.0,1110.0,24.928171378638382
190,504.852,1110.0,1110.0,1110.0,24.928171378638382
191,504.887,1107.0,1107.0,1113.0,24.928171378638382
192,504.922,1118.0,1118.0,1118.0,24.928171378638382
193,504.957,1130.0,1130.0,1130.0,24.928171378638382
194,504.992,1489.0,1489.0,1130.0,24.928171378638382
195,505.027,11408.0,1140.0,1130.0,24.928171378638382
196,505.061,1910.0,1124.0,1124.0,24.928171378638382
197,505.096,1140.0,1119.0,1119.0,24.928171378638382
198,505.131,1124.0,1109.0,1115.0,24.928171378638382
199,505.166,1119.0,1115.0,1109.0,24.928171378638382
200,505.201,1109.0,1106.0,1109.0,24.928171378638382
201,505.236,1115.0,1104.0,1110.0,24.928171378638382
202,505.271,1106.0,1115.0,1106.0,24.928171378638382
203,505.305,1104.0,1110.0,1110.0,24.928171378638382
204,505.34,1115.0,1102.0,1112.0,24.928171378638382
205,505.375,1110.0,1112.0,1112.0,24.928171378638382
206,505.41,1102.0,1121.0,1112.0,24.928171378638382
207,505.445,1112.0,1112.0,1112.0,24.928171378638382
208,505.48,1121.0,1107.0,1112.0,24.928171378638382
209,505.514,1112.0,1105.0,1111.0,24.928171378638382
210,505.549,1107.0,1124.0,1111.0,24.928171378638382
211,505.584,1105.0,1111.0,1111.0,24.928171378638382
212,505.619,1124.0,1114.0,1111.0,24.928171378638382
213,505.654,1111.0,1101.0,1111.0,24.928171378638382
214,505.689,1114.0,1110.0,1114.0,24.928171378638382
215,505.724,1101.0,1123.0,1112.0,24.928171378638382
216,505.758,1110.0,1114.0,1112.0,24.928171378638382
217,505.793,1123.0,1112.0,1112.0,24.928171378638382
218,505.828,1114.0,1104.0,1112.0,24.928171378638382
219,505.863,1112.0,1105.0,1112.0,24.928171378638382
220,505.898,1104.0,1113.0,1105.0,24.928171378638382
221,505.933,1105.0,1122.0,1105.0,24.928171378638382
222,505.967,1113.0,1103.0,1113.0,24.928171378638382
223,506.002,1122.0,1105.0,1115.0,24.928171378638382
224,506.037,1103.0,1122.0,1113.0,24.928171378638382
225,506.072,1105.0,1115.0,1115.0,24.928171378638382
226,506.107,1122.0,1113.0,1115.0,24.928171378638382
227,506.142,1115.0,1115.0,1115.0,24.928171378638382
228,506.176,1113.0,1111.0,1115.0,24.928171378638382
229,506.211,1115.0,1119.0,1119.0,24.928171378638382
230,506.246,1111.0,1122.0,1120.0,24.928171378638382
231,506.281,1119.0,1120.0,1120.0,24.928171378638382
232,506.316,1122.0,1122.0,1120.0,24.928171378638382
233,506.35,1120.0,1106.0,1111.0,24.928171378638382
234,506.385,1122.0,1106.0,1111.0,24.928171378638382
235,506.42,1106.0,1111.0,1109.0,24.928171378638382
236,506.455,1106.0,1132.0,1111.0,24.928171378638382
237,506.49,1111.0,1109.0,1114.0,24.928171378638382
238,506.525,1132.0,1114.0,1114.0,24.928171378638382
239,506.559,1109.0,1120.0,1109.0,24.928171378638382
240,506.594,1114.0,1100.0,1114.0,24.928171378638382
241,506.629,1120.0,1102.0,1105.0,24.928171378638382
242,506.664,1100.0,1130.0,1105.0,24.928171378638382
243,506.699,1102.0,1105.0,1114.0,24.928171378638382
244,506.734,1130.0,1114.0,1116.0,24.928171378638382
245,506.768,1105.0,1116.0,1116.0,24.928171378638382
246,506.803,1114.0,1116.0,1116.0,24.928171378638382
247,506.838,1116.0,1129.0,1116.0,24.928171378638382
248,506.873,1116.0,1119.0,1118.0,24.928171378638382
249,506.908,1129.0,1115.0,1118.0,24.928171378638382
250,506.942,1119.0,1118.0,1118.0,24.928171378638382
251,506.977,1115.0,1115.0,1115.0,24.928171378638382
252,507.012,1118.0,1134.0,1115.0,24.928171378638382
253,507.047,1115.0,1099.0,1105.0,24.928171378638382
254,507.082,1134.0,1105.0,1105.0,24.928171378638382
255,507.116,1099.0,1102.0,1105.0,24.928171378638382
256,507.151,1105.0,1134.0,1109.0,24.928171378638382
257,507.186,1102.0,1111.0,1111.0,24.928171378638382
258,507.221,1134.0,1109.0,1120.0,24.928171378638382
259,507.256,1111.0,1120.0,1120.0,24.928171378638382
260,507.29,1109.0,1121.0,1120.0,24.928171378638382
261,507.325,1120.0,1132.0,1120.0,24.928171378638382
262,507.36,1121.0,1113.0,1121.0,24.928171378638382
263,507.395,1132.0,1119.0,1119.0,24.928171378638382
264,507.43,1113.0,1123.0,1119.0,24.928171378638382
265,507.464,1119.0,1110.0,1119.0,24.928171378638382
266,507.499,1123.0,1121.0,1116.0,24.928171378638382
267,507.534,1110.0,1114.0,1114.0,24.928171378638382
268,507.569,1121.0,1116.0,1114.0,24.928171378638382
269,507.604,1114.0,1108.0,1114.0,24.928171378638382
270,507.638,1116.0,1112.0,1112.0,24.928171378638382
271,507.673,1108.0,1143.0,1112.0,24.928171378638382
272,507.708,1112.0,1104.0,1114.0,24.928171378638382
273,507.743,1143.0,1133.0,1116.0,24.928171378638382
274,507.778,1104.0,1114.0,1116.0,24.928171378638382
275,507.812,1133.0,1116.0,1118.0,24.928171378638382
276,507.847,1114.0,1118.0,1116.0,24.928171378638382
277,507.882,1116.0,1119.0,1116.0,24.928171378638382
278,507.917,1118.0,1098.0,1116.0,24.928171378638382
279,507.952,1119.0,1112.0,1112.0,24.928171378638382
280,507.986,1098.0,1116.0,1109.0,24.928171378638382
281,508.021,1112.0,1109.0,1112.0,24.928171378638382
282,508.056,1116.0,1098.0,1113.0,24.928171378638382
283,508.091,1109.0,1115.0,1113.0,24.928171378638382
284,508.126,1098.0,1113.0,1115.0,24.928171378638382
285,508.16,1115.0,1141.0,1124.0,24.928171378638382
286,508.195,1113.0,1134.0,1124.0,24.928171378638382
287,508.23,1141.0,1124.0,1124.0,24.928171378638382
288,508.265,1134.0,1116.0,1119.0,24.928171378638382
289,508.299,1124.0,1105.0,1116.0,24.928171378638382
290,508.334,1116.0,1119.0,1111.0,24.928171378638382
291,508.369,1105.0,1106.0,1106.0,24.928171378638382
292,508.404,1119.0,1111.0,1110.0,24.928171378638382
293,508.439,1106.0,1105.0,1110.0,24.928171378638382
294,508.473,1111.0,1110.0,1111.0,24.928171378638382
295,508.508,1105.0,1115.0,1113.0,24.928171378638382
296,508.543,1110.0,1113.0,1113.0,24.928171378638382
297,508.578,1115.0,1120.0,1113.0,24.928171378638382
298,508.612,1113.0,1106.0,1113.0,24.928171378638382
299,508.647,1120.0,1112.0,1119.0,24.928171378638382
300,508.682,1106.0,1119.0,1117.0,24.928171378638382
301,508.717,1112.0,1119.0,1119.0,24.928171378638382
302,508.752,1119.0,1117.0,1119.0,24.928171378638382
303,508.786,1119.0,1122.0,1117.0,24.928171378638382
304,508.821,1117.0,1103.0,1117.0,24.928171378638382
305,508.856,1122.0,1117.0,1118.0,24.928171378638382
306,508.891,1103.0,1118.0,1118.0,24.928171378638382
307,508.925,1117.0,1340.0,1118.0,24.928171378638382
308,508.96,1118.0,1158.0,1118.0,24.928171378638382
309,508.995,1340.0,1108.0,1112.0,24.928171378638382
310,509.03,2316.0,1112.0,1108.0,24.928171378638382
311,509.064,1158.0,1105.0,1108.0,24.928171378638382
312,509.099,1108.0,1102.0,1112.0,24.928171378638382
313,509.134,1112.0,1115.0,1114.0,24.928171378638382
314,509.169,1105.0,1114.0,1114.0,24.928171378638382
315,509.203,1102.0,1117.0,1115.0,24.928171378638382
316,509.238,1115.0,1107.0,1114.0,24.928171378638382
317,509.273,1114.0,1124.0,1114.0,24.928171378638382
318,509.308,1117.0,1114.0,1111.0,24.928171378638382
319,509.342,1107.0,1111.0,1111.0,24.928171378638382
320,509.377,1124.0,1109.0,1111.0,24.928171378638382
321,509.412,1114.0,1111.0,1111.0,24.928171378638382
322,509.447,1111.0,1117.0,1110.0,24.928171378638382
323,509.481,1109.0,1103.0,1111.0,24.928171378638382
324,509.516,1111.0,1110.0,1112.0,24.928171378638382
325,509.551,1117.0,1112.0,1110.0,24.928171378638382
326,509.586,1103.0,1126.0,1110.0,24.928171378638382
327,509.62,1110.0,1107.0,1112.0,24.928171378638382
328,509.655,1112.0,1104.0,1108.0,24.928171378638382
329,509.69,1126.0,1122.0,1108.0,24.928171378638382
330,509.725,1107.0,1108.0,1117.0,24.928171378638382
331,509.759,1104.0,1117.0,1122.0,24.928171378638382
332,509.794,1122.0,1125.0,1117.0,24.928171378638382
333,509.829,1108.0,1123.0,1123.0,24.928171378638382
334,509.864,1117.0,1112.0,1123.0,24.928171378638382
335,509.898,1125.0,1133.0,1123.0,24.928171378638382
336,509.933,1123.0,1120.0,1120.0,24.928171378638382
337,509.968,1112.0,1134.0,1120.0,24.928171378638382
338,510.003,1133.0,1118.0,1118.0,24.928171378638382
339,510.037,1120.0,1110.0,1118.0,24.928171378638382
340,510.072,1134.0,1100.0,1118.0,24.928171378638382
341,510.107,1118.0,1121.0,1121.0,24.928171378638382
342,510.142,1110.0,1121.0,1121.0,24.928171378638382
343,510.176,1100.0,1125.0,1121.0,24.928171378638382
344,510.211,1121.0,1113.0,1113.0,24.928171378638382
345,510.246,1121.0,1109.0,1113.0,24.928171378638382
346,510.281,1125.0,1110.0,1113.0,24.928171378638382
347,510.315,1113.0,1115.0,1110.0,24.928171378638382
348,510.35,1109.0,1113.0,1113.0,24.928171378638382
349,510.385,1110.0,1107.0,1115.0,24.928171378638382
350,510.42,1115.0,1115.0,1113.0,24.928171378638382
351,510.454,1113.0,1127.0,1115.0,24.928171378638382
352,510.489,1107.0,1112.0,1124.0,24.928171378638382
353,510.524,1115.0,1124.0,1127.0,24.928171378638382
354,510.558,1127.0,1132.0,1124.0,24.928171378638382
355,510.593,1112.0,1132.0,1124.0,24.928171378638382
356,510.628,1124.0,1112.0,1117.0,24.928171378638382
357,510.663,1132.0,1114.0,1117.0,24.928171378638382
358,510.697,1132.0,1117.0,1117.0,24.928171378638382
359,510.732,1112.0,1129.0,1117.0,24.928171378638382
360,510.767,1114.0,1118.0,1117.0,24.928171378638382
361,510.801,1117.0,1107.0,1112.0,24.928171378638382
362,510.836,1129.0,1102.0,1112.0,24.928171378638382
363,510.871,1118.0,1112.0,1107.0,24.928171378638382
364,510.906,1107.0,1131.0,1112.0,24.928171378638382
365,510.94,1102.0,1107.0,1118.0,24.928171378638382
366,510.975,1112.0,1154.0,1118.0,24.928171378638382
367,511.01,1131.0,1118.0,1115.0,24.928171378638382
368,511.045,1107.0,1108.0,1117.0,24.928171378638382
369,511.079,1154.0,1115.0,1117.0,24.928171378638382
370,511.114,1118.0,1117.0,1117.0,24.928171378638382
371,511.149,1108.0,1121.0,1117.0,24.928171378638382
372,511.183,1115.0,1117.0,1117.0,24.928171378638382
373,511.218,1117.0,1107.0,1117.0,24.928171378638382
374,511.253,1121.0,1124.0,1117.0,24.928171378638382
375,511.288,1117.0,1114.0,1121.0,24.928171378638382
376,511.322,1107.0,1121.0,1121.0,24.928171378638382
377,511.357,1124.0,1124.0,1114.0,24.928171378638382
378,511.392,1114.0,1104.0,1113.0,24.928171378638382
379,511.426,1121.0,1106.0,1113.0,24.928171378638382
380,511.461,1124.0,1113.0,1113.0,24.928171378638382
381,511.496,1104.0,1121.0,1113.0,24.928171378638382
382,511.53,1106.0,1120.0,1120.0,24.928171378638382
383,511.565,1113.0,1107.0,1120.0,24.928171378638382
384,511.6,1121.0,1128.0,1120.0,24.928171378638382
385,511.635,1120.0,1120.0,1112.0,24.928171378638382
386,511.669,1107.0,1112.0,1120.0,24.928171378638382
387,511.704,1128.0,1108.0,1118.0,24.928171378638382
388,511.739,1120.0,1126.0,1112.0,24.928171378638382
389,511.773,1112.0,1118.0,1116.0,24.928171378638382
390,511.808,1108.0,1111.0,1118.0,24.928171378638382
391,511.843,1126.0,1116.0,1116.0,24.928171378638382
392,511.877,1118.0,1123.0,1116.0,24.928171378638382
393,511.912,1111.0,1109.0,1116.0,24.928171378638382
394,511.947,1116.0,1121.0,1114.0,24.928171378638382
395,511.982,1123.0,1114.0,1114.0,24.928171378638382
396,512.016,1109.0,1111.0,1114.0,24.928171378638382
397,512.051,1121.0,1117.0,1111.0,24.928171378638382
398,512.086,1114.0,1102.0,1111.0,24.928171378638382
399,512.12,1111.0,1110.0,1114.0,24.928171378638382
400,512.155,1117.0,1114.0,1114.0,24.928171378638382
401,512.19,1102.0,1124.0,1114.0,24.928171378638382
402,512.224,1110.0,1115.0,1114.0,24.928171378638382
403,512.259,1114.0,1109.0,1115.0,24.928171378638382
404,512.294,1124.0,1102.0,1115.0,24.928171378638382
405,512.328,1115.0,1119.0,1112.0,24.928171378638382
406,512.363,1109.0,1119.0,1113.0,24.928171378638382
407,512.398,1102.0,1112.0,1116.0,24.928171378638382
408,512.432,1119.0,1113.0,1113.0,24.928171378638382
409,512.467,1119.0,1116.0,1113.0,24.928171378638382
410,512.502,1112.0,1107.0,1116.0,24.928171378638382
411,512.537,1113.0,1117.0,1116.0,24.928171378638382
412,512.571,1116.0,1116.0,1111.0,24.928171378638382
413,512.606,1107.0,1111.0,1112.0,24.928171378638382
414,512.641,1117.0,1111.0,1112.0,24.928171378638382
415,512.675,1116.0,1112.0,1111.0,24.928171378638382
416,512.71,1111.0,1114.0,1112.0,24.928171378638382
417,512.745,1111.0,1108.0,1114.0,24.928171378638382
418,512.779,1112.0,1121.0,1114.0,24.928171378638382
419,512.814,1114.0,1117.0,1117.0,24.928171378638382
420,512.849,1108.0,1114.0,1117.0,24.928171378638382
421,512.883,1121.0,1124.0,1115.0,24.928171378638382
422,512.918,1117.0,1109.0,1115.0,24.928171378638382
423,512.953,1114.0,1115.0,1121.0,24.928171378638382
424,512.987,1124.0,1121.0,1115.0,24.928171378638382
425,513.022,1109.0,1122.0,1115.0,24.928171378638382
426,513.057,1115.0,1112.0,1113.0,24.928171378638382
427,513.091,1121.0,1113.0,1112.0,24.928171378638382
428,513.126,1122.0,1109.0,1111.0,24.928171378638382
429,513.161,1112.0,1103.0,1110.0,24.928171378638382
430,513.195,1113.0,1111.0,1110.0,24.928171378638382
431,513.23,1109.0,1110.0,1111.0,24.928171378638382
432,513.265,1103.0,1114.0,1114.0,24.928171378638382
433,513.299,1111.0,1114.0,1114.0,24.928171378638382
434,513.334,1110.0,1118.0,1114.0,24.928171378638382
435,513.369,1114.0,1108.0,1113.0,24.928171378638382
436,513.403,1114.0,1113.0,1112.0,24.928171378638382
437,513.438,1118.0,1103.0,1112.0,24.928171378638382
438,513.473,1108.0,1112.0,1113.0,24.928171378638382
439,513.507,1113.0,1130.0,1117.0,24.928171378638382
440,513.542,1103.0,1133.0,1117.0,24.928171378638382
441,513.577,1112.0,1117.0,1117.0,24.928171378638382
442,513.611,1130.0,1111.0,1115.0,24.928171378638382
443,513.646,1133.0,1115.0,1111.0,24.928171378638382
444,513.681,1117.0,1105.0,1111.0,24.928171378638382
445,513.715,1111.0,1111.0,1111.0,24.928171378638382
446,513.75,1115.0,1112.0,1111.0,24.928171378638382
447,513.784,1105.0,1103.0,1112.0,24.928171378638382
448,513.819,1111.0,1150.0,1112.0,24.928171378638382
449,513.854,1112.0,1146.0,1119.0,24.928171378638382
450,513.888,1103.0,1099.0,1119.0,24.928171378638382
451,513.923,1150.0,1119.0,1119.0,24.928171378638382
452,513.958,1146.0,1112.0,1119.0,24.928171378638382
453,513.992,1099.0,1123.0,1119.0,24.928171378638382
454,514.027,1119.0,1142.0,1119.0,24.928171378638382
455,514.062,1112.0,1119.0,1119.0,24.928171378638382
456,514.096,1123.0,1110.0,1119.0,24.928171378638382
457,514.131,1142.0,1119.0,1119.0,24.928171378638382
458,514.166,1119.0,1121.0,1117.0,24.928171378638382
459,514.2,1110.0,1117.0,1117.0,24.928171378638382
460,514.235,1119.0,1107.0,1117.0,24.928171378638382
461,514.269,1121.0,1105.0,1107.0,24.928171378638382
462,514.304,1117.0,1124.0,1107.0,24.928171378638382
463,514.339,1107.0,1106.0,1106.0,24.928171378638382
464,514.373,1105.0,1120.0,1110.0,24.928171378638382
465,514.408,1124.0,1106.0,1110.0,24.928171378638382
466,514.443,1106.0,1110.0,1110.0,24.928171378638382
467,514.477,1120.0,1122.0,1110.0,24.928171378638382
468,514.512,1106.0,1102.0,1110.0,24.928171378638382
469,514.547,1110.0,1111.0,1111.0,24.928171378638382
470,514.581,1122.0,1105.0,1111.0,24.928171378638382
471,514.616,1102.0,1126.0,1119.0,24.928171378638382
472,514.65,1111.0,1121.0,1121.0,24.928171378638382
473,514.685,1105.0,1119.0,1121.0,24.928171378638382
474,514.72,1126.0,1124.0,1121.0,24.928171378638382
475,514.754,1121.0,1108.0,1119.0,24.928171378638382
476,514.789,1119.0,1133.0,1118.0,24.928171378638382
477,514.824,1124.0,1115.0,1118.0,24.928171378638382
478,514.858,1108.0,1118.0,1124.0,24.928171378638382
479,514.893,1133.0,1124.0,1118.0,24.928171378638382
480,514.927,1115.0,1136.0,1118.0,24.928171378638382
481,514.962,1118.0,1115.0,1115.0,24.928171378638382
482,514.997,1124.0,1107.0,1115.0,24.928171378638382
483,515.031,1136.0,1105.0,1115.0,24.928171378638382
484,515.066,1115.0,1119.0,1119.0,24.928171378638382
485,515.101,1107.0,1122.0,1122.0,24.928171378638382
486,515.135,1105.0,1128.0,1122.0,24.928171378638382
487,515.17,1119.0,1125.0,1125.0,24.928171378638382
488,515.204,1122.0,1122.0,1125.0,24.928171378638382
489,515.239,1128.0,1136.0,1122.0,24.928171378638382
490,515.274,1125.0,1103.0,1118.0,24.928171378638382
491,515.308,1122.0,1118.0,1117.0,24.928171378638382
492,515.343,1136.0,1114.0,1117.0,24.928171378638382
493,515.377,1103.0,1117.0,1117.0,24.928171378638382
494,515.412,1118.0,1124.0,1117.0,24.928171378638382
495,515.447,1114.0,1113.0,1124.0,24.928171378638382
496,515.481,1117.0,1133.0,1130.0,24.928171378638382
497,515.516,1124.0,1130.0,1130.0,24.928171378638382
498,515.55,1113.0,1132.0,1130.0,24.928171378638382
499,515.585,1133.0,1116.0,1130.0,24.928171378638382
500,515.62,1130.0,1130.0,1130.0,24.928171378638382
501,515.654,1132.0,1134.0,1130.0,24.928171378638382
502,515.689,1116.0,1130.0,1130.0,24.928171378638382
503,515.724,1130.0,1148.0,1131.0,24.928171378638382
504,515.758,1134.0,1130.0,1131.0,24.928171378638382
505,515.793,1130.0,1131.0,1131.0,24.928171378638382
506,515.827,1148.0,1142.0,1131.0,24.928171378638382
507,515.862,1130.0,1122.0,1142.0,24.928171378638382
508,515.897,1131.0,1160.0,1152.0,24.928171378638382
509,515.931,1142.0,1152.0,1152.0,24.928171378638382
510,515.966,1122.0,1170.0,1160.0,24.928171378638382
511,516.0,1160.0,1146.0,1163.0,24.928171378638382
512,516.035,1152.0,1163.0,1163.0,24.928171378638382
513,516.069,1170.0,1170.0,1163.0,24.928171378638382
514,516.104,1146.0,1149.0,1163.0,24.928171378638382
515,516.139,1163.0,1184.0,1168.0,24.928171378638382
516,516.173,1170.0,1147.0,1149.0,24.928171378638382
517,516.208,1149.0,1168.0,1165.0,24.928171378638382
518,516.242,1184.0,1148.0,1151.0,24.928171378638382
519,516.277,1147.0,1165.0,1155.0,24.928171378638382
520,516.312,1168.0,1151.0,1151.0,24.928171378638382
521,516.346,1148.0,1155.0,1151.0,24.928171378638382
522,516.381,1165.0,1145.0,1151.0,24.928171378638382
523,516.415,1151.0,1145.0,1151.0,24.928171378638382
524,516.45,1155.0,1151.0,1145.0,24.928171378638382
525,516.485,1145.0,1160.0,1149.0,24.928171378638382
526,516.519,1145.0,1140.0,1151.0,24.928171378638382
527,516.554,1151.0,1149.0,1155.0,24.928171378638382
528,516.588,1160.0,1156.0,1149.0,24.928171378638382
529,516.623,1140.0,1155.0,1155.0,24.928171378638382
530,516.657,1149.0,1139.0,1155.0,24.928171378638382
531,516.692,1156.0,1156.0,1139.0,24.928171378638382
532,516.727,1155.0,1129.0,1133.0,24.928171378638382
533,516.761,1139.0,1114.0,1129.0,24.928171378638382
534,516.796,1156.0,1133.0,1129.0,24.928171378638382
535,516.83,1129.0,1123.0,1125.0,24.928171378638382
536,516.865,1114.0,1135.0,1125.0,24.928171378638382
537,516.899,1133.0,1125.0,1123.0,24.928171378638382
538,516.934,1123.0,1120.0,1120.0,24.928171378638382
539,516.969,1135.0,1110.0,1120.0,24.928171378638382
540,517.003,1125.0,1109.0,1120.0,24.928171378638382
541,517.038,1120.0,1135.0,1135.0,24.928171378638382
542,517.072,1110.0,1151.0,1135.0,24.928171378638382
543,517.107,1109.0,1146.0,1135.0,24.928171378638382
544,517.141,1135.0,1122.0,1128.0,24.928171378638382
545,517.176,1151.0,1128.0,1128.0,24.928171378638382
546,517.211,1146.0,1119.0,1125.0,24.928171378638382
547,517.245,1122.0,1146.0,1125.0,24.928171378638382
548,517.28,1128.0,1125.0,1125.0,24.928171378638382
549,517.314,1119.0,1122.0,1130.0,24.928171378638382
550,517.349,1146.0,1130.0,1129.0,24.928171378638382
551,517.383,1125.0,1138.0,1130.0,24.928171378638382
552,517.418,1122.0,1129.0,1130.0,24.928171378638382
553,517.453,1130.0,1131.0,1129.0,24.928171378638382
554,517.487,1138.0,1121.0,1121.0,24.928171378638382
555,517.522,1129.0,1119.0,1121.0,24.928171378638382
556,517.556,1131.0,1118.0,1121.0,24.928171378638382
557,517.591,1121.0,1125.0,1119.0,24.928171378638382
558,517.625,1119.0,1127.0,1125.0,24.928171378638382
559,517.66,1118.0,1117.0,1125.0,24.928171378638382
560,517.694,1125.0,1133.0,1117.0,24.928171378638382
561,517.729,1127.0,1115.0,1117.0,24.928171378638382
562,517.764,1117.0,1111.0,1124.0,24.928171378638382
563,517.798,1133.0,1133.0,1115.0,24.928171378638382
564,517.833,1115.0,1124.0,1124.0,24.928171378638382
565,517.867,1111.0,1110.0,1124.0,24.928171378638382
566,517.902,1133.0,1124.0,1121.0,24.928171378638382
567,517.936,1124.0,1105.0,1115.0,24.928171378638382
568,517.971,1110.0,1121.0,1115.0,24.928171378638382
569,518.005,1124.0,1115.0,1115.0,24.928171378638382
570,518.04,1105.0,1109.0,1115.0,24.928171378638382
571,518.074,1121.0,1118.0,1115.0,24.928171378638382
572,518.109,1115.0,1103.0,1116.0,24.928171378638382
573,518.144,1109.0,1120.0,1116.0,24.928171378638382
574,518.178,1118.0,1116.0,1112.0,24.928171378638382
575,518.213,1103.0,1101.0,1112.0,24.928171378638382
576,518.247,1120.0,1112.0,1111.0,24.928171378638382
577,518.282,1116.0,1111.0,1111.0,24.928171378638382
578,518.316,1101.0,1105.0,1112.0,24.928171378638382
579,518.351,1112.0,1117.0,1117.0,24.928171378638382
580,518.385,1111.0,1117.0,1117.0,24.928171378638382
581,518.42,1105.0,1118.0,1117.0,24.928171378638382
582,518.454,1117.0,1113.0,1113.0,24.928171378638382
583,518.489,1117.0,1109.0,1113.0,24.928171378638382
584,518.523,1118.0,1113.0,1113.0,24.928171378638382
585,518.558,1113.0,1122.0,1113.0,24.928171378638382
586,518.593,1109.0,1111.0,1115.0,24.928171378638382
587,518.627,1113.0,1122.0,1118.0,24.928171378638382
588,518.662,1122.0,1115.0,1117.0,24.928171378638382
589,518.696,1111.0,1118.0,1117.0,24.928171378638382
590,518.731,1122.0,1117.0,1117.0,24.928171378638382
591,518.765,1115.0,1112.0,1117.0,24.928171378638382
592,518.8,1118.0,1117.0,1112.0,24.928171378638382
593,518.834,1117.0,1112.0,1112.0,24.928171378638382
594,518.869,1112.0,1108.0,1108.0,24.928171378638382
595,518.903,1117.0,1107.0,1108.0,24.928171378638382
596,518.938,1112.0,1102.0,1107.0,24.928171378638382
597,518.972,1108.0,1119.0,1107.0,24.928171378638382
598,519.007,1107.0,1105.0,1105.0,24.928171378638382
599,519.041,1102.0,1123.0,1105.0,24.928171378638382
600,519.076,1119.0,1099.0,1105.0,24.928171378638382
601,519.11,1105.0,1104.0,1106.0,24.928171378638382
602,519.145,1123.0,1106.0,1106.0,24.928171378638382
603,519.179,1099.0,1111.0,1111.0,24.928171378638382
604,519.214,1104.0,1158.0,1111.0,24.928171378638382
605,519.248,1106.0,1117.0,1114.0,24.928171378638382
606,519.283,1111.0,1108.0,1117.0,24.928171378638382
607,519.317,1158.0,1114.0,1114.0,24.928171378638382
608,519.352,1117.0,1125.0,1114.0,24.928171378638382
609,519.387,1108.0,1104.0,1114.0,24.928171378638382
610,519.421,1114.0,1135.0,1116.0,24.928171378638382
611,519.456,1125.0,1110.0,1116.0,24.928171378638382
612,519.49,1104.0,1116.0,1116.0,24.928171378638382
613,519.525,1135.0,1122.0,1111.0,24.928171378638382
614,519.559,1110.0,1108.0,1111.0,24.928171378638382
615,519.594,1116.0,1111.0,1111.0,24.928171378638382
616,519.628,1122.0,1106.0,1109.0,24.928171378638382
617,519.663,1108.0,1112.0,1109.0,24.928171378638382
618,519.697,1111.0,1109.0,1109.0,24.928171378638382
619,519.732,1106.0,1105.0,1109.0,24.928171378638382
620,519.766,1112.0,1111.0,1109.0,24.928171378638382
621,519.801,1109.0,1098.0,1111.0,24.928171378638382
622,519.835,1105.0,1114.0,1111.0,24.928171378638382
623,519.87,1111.0,1112.0,1112.0,24.928171378638382
624,519.904,1098.0,1110.0,1112.0,24.928171378638382
625,519.939,1114.0,1114.0,1110.0,24.928171378638382
626,519.973,1112.0,1106.0,1107.0,24.928171378638382
627,520.008,1110.0,1107.0,1106.0,24.928171378638382
628,520.042,1114.0,1104.0,1106.0,24.928171378638382
629,520.077,1106.0,1104.0,1107.0,24.928171378638382
630,520.111,1107.0,1107.0,1105.0,24.928171378638382
631,520.146,1104.0,1122.0,1107.0,24.928171378638382
632,520.18,1104.0,1105.0,1107.0,24.928171378638382
633,520.215,1107.0,1115.0,1105.0,24.928171378638382
634,520.249,1122.0,1105.0,1105.0,24.928171378638382
635,520.283,1105.0,1096.0,1105.0,24.928171378638382
636,520.318,1115.0,1117.0,1105.0,24.928171378638382
637,520.352,1105.0,1105.0,1117.0,24.928171378638382
638,520.387,1096.0,1119.0,1117.0,24.928171378638382
639,520.421,1117.0,1119.0,1109.0,24.928171378638382
640,520.456,1105.0,1104.0,1118.0,24.928171378638382
641,520.49,1119.0,1109.0,1116.0,24.928171378638382
642,520.525,1119.0,1118.0,1109.0,24.928171378638382
643,520.559,1104.0,1116.0,1109.0,24.928171378638382
644,520.594,1109.0,1096.0,1109.0,24.928171378638382
645,520.628,1118.0,1094.0,1098.0,24.928171378638382
646,520.663,1116.0,1109.0,1098.0,24.928171378638382
647,520.697,1096.0,1098.0,1100.0,24.928171378638382
648,520.732,1094.0,1100.0,1100.0,24.928171378638382
649,520.766,1109.0,1106.0,1100.0,24.928171378638382
650,520.801,1098.0,1100.0,1102.0,24.928171378638382
651,520.835,1100.0,1102.0,1106.0,24.928171378638382
652,520.87,1106.0,1112.0,1102.0,24.928171378638382
653,520.904,1100.0,1110.0,1110.0,24.928171378638382
654,520.939,1102.0,1101.0,1110.0,24.928171378638382
655,520.973,1112.0,1110.0,1107.0,24.928171378638382
656,521.008,1110.0,1107.0,1101.0,24.928171378638382
657,521.042,1101.0,1099.0,1107.0,24.928171378638382
658,521.076,1110.0,1096.0,1107.0,24.928171378638382
659,521.111,1107.0,1122.0,1110.0,24.928171378638382
660,521.145,1099.0,1128.0,1111.0,24.928171378638382
661,521.18,1096.0,1110.0,1114.0,24.928171378638382
662,521.214,1122.0,1111.0,1111.0,24.928171378638382
663,521.249,1128.0,1114.0,1110.0,24.928171378638382
664,521.283,1110.0,1104.0,1111.0,24.928171378638382
665,521.318,1111.0,1099.0,1107.0,24.928171378638382
666,521.352,1114.0,1113.0,1104.0,24.928171378638382
667,521.387,1104.0,1107.0,1107.0,24.928171378638382
668,521.421,1099.0,1095.0,1109.0,24.928171378638382
669,521.456,1113.0,1109.0,1107.0,24.928171378638382
670,521.49,1107.0,1126.0,1109.0,24.928171378638382
671,521.524,1095.0,1091.0,1115.0,24.928171378638382
672,521.559,1109.0,1115.0,1115.0,24.928171378638382
673,521.593,1126.0,1118.0,1114.0,24.928171378638382
674,521.628,1091.0,1114.0,1115.0,24.928171378638382
675,521.662,1115.0,1113.0,1118.0,24.928171378638382
676,521.697,1118.0,1289.0,1117.0,24.928171378638382
677,521.731,1114.0,1224.0,1117.0,24.928171378638382
678,521.766,1113.0,1117.0,1117.0,24.928171378638382
679,521.8,1289.0,1117.0,1117.0,24.928171378638382
680,521.835,1224.0,1103.0,1103.0,24.928171378638382
681,521.869,1117.0,1102.0,1102.0,24.928171378638382
682,521.903,1117.0,1098.0,1100.0,24.928171378638382
683,521.938,1103.0,1100.0,1100.0,24.928171378638382
684,521.972,1102.0,1097.0,1100.0,24.928171378638382
685,522.007,1098.0,1108.0,1100.0,24.928171378638382
686,522.041,1100.0,1100.0,1100.0,24.928171378638382
687,522.076,1097.0,1104.0,1104.0,24.928171378638382
688,522.11,1108.0,1099.0,1102.0,24.928171378638382
689,522.145,1100.0,1126.0,1104.0,24.928171378638382
690,522.179,1104.0,1102.0,1102.0,24.928171378638382
691,522.213,1099.0,1108.0,1102.0,24.928171378638382
692,522.248,1126.0,1102.0,1102.0,24.928171378638382
693,522.282,1102.0,1098.0,1107.0,24.928171378638382
694,522.317,1108.0,1107.0,1107.0,24.928171378638382
695,522.351,1102.0,1109.0,1107.0,24.928171378638382
696,522.386,1098.0,1107.0,1107.0,24.928171378638382
697,522.42,1107.0,1120.0,1107.0,24.928171378638382
698,522.454,1109.0,1093.0,1107.0,24.928171378638382
699,522.489,1107.0,1107.0,1106.0,24.928171378638382
700,522.523,1120.0,1106.0,1106.0,24.928171378638382
701,522.558,1093.0,1106.0,1106.0,24.928171378638382
702,522.592,1107.0,1109.0,1106.0,24.928171378638382
703,522.627,1106.0,1102.0,1106.0,24.928171378638382
704,522.661,1106.0,1113.0,1102.0,24.928171378638382
705,522.695,1109.0,1099.0,1102.0,24.928171378638382
706,522.73,1102.0,1096.0,1108.0,24.928171378638382
707,522.764,1113.0,1124.0,1100.0,24.928171378638382
708,522.799,1099.0,1108.0,1100.0,24.928171378638382
709,522.833,1096.0,1100.0,1100.0,24.928171378638382
710,522.868,1124.0,1100.0,1100.0,24.928171378638382
711,522.902,1108.0,1098.0,1100.0,24.928171378638382
712,522.936,1100.0,1101.0,1100.0,24.928171378638382
713,522.971,1100.0,1113.0,1101.0,24.928171378638382
714,523.005,1098.0,1096.0,1101.0,24.928171378638382
715,523.04,1101.0,1113.0,1113.0,24.928171378638382
716,523.074,1113.0,1099.0,1113.0,24.928171378638382
717,523.109,1096.0,1115.0,1113.0,24.928171378638382
718,523.143,1113.0,1130.0,1100.0,24.928171378638382
719,523.177,1099.0,1100.0,1100.0,24.928171378638382
720,523.212,1115.0,1091.0,1100.0,24.928171378638382
721,523.246,1130.0,1094.0,1100.0,24.928171378638382
722,523.281,1100.0,1116.0,1100.0,24.928171378638382
723,523.315,1091.0,1100.0,1104.0,24.928171378638382
724,523.349,1094.0,1113.0,1104.0,24.928171378638382
725,523.384,1116.0,1104.0,1104.0,24.928171378638382
726,523.418,1100.0,1098.0,1104.0,24.928171378638382
727,523.453,1113.0,1112.0,1098.0,24.928171378638382
728,523.487,1104.0,1092.0,1097.0,24.928171378638382
729,523.521,1098.0,1097.0,1097.0,24.928171378638382
730,523.556,1112.0,1097.0,1097.0,24.928171378638382
731,523.59,1092.0,1099.0,1097.0,24.928171378638382
732,523.625,1097.0,1091.0,1097.0,24.928171378638382
733,523.659,1097.0,1093.0,1098.0,24.928171378638382
734,523.693,1099.0,1103.0,1098.0,24.928171378638382
735,523.728,1091.0,1098.0,1101.0,24.928171378638382
736,523.762,1093.0,1118.0,1101.0,24.928171378638382
737,523.797,1103.0,1101.0,1100.0,24.928171378638382
738,523.831,1098.0,1095.0,1101.0,24.928171378638382
739,523.865,1118.0,1100.0,1101.0,24.928171378638382
740,523.9,1101.0,1105.0,1101.0,24.928171378638382
741,523.934,1095.0,1101.0,1102.0,24.928171378638382
742,523.969,1100.0,1102.0,1105.0,24.928171378638382
743,524.003,1105.0,1105.0,1102.0,24.928171378638382
744,524.037,1101.0,1112.0,1104.0,24.928171378638382
745,524.072,1102.0,1098.0,1105.0,24.928171378638382
746,524.106,1105.0,1104.0,1105.0,24.928171378638382
747,524.141,1112.0,1109.0,1104.0,24.928171378638382
748,524.175,1098.0,1105.0,1104.0,24.928171378638382
749,524.209,1104.0,1094.0,1099.0,24.928171378638382
750,524.244,1109.0,1099.0,1099.0,24.928171378638382
751,524.278,1105.0,1099.0,1099.0,24.928171378638382
752,524.312,1094.0,1111.0,1111.0,24.928171378638382
753,524.347,1099.0,1116.0,1111.0,24.928171378638382
754,524.381,1099.0,1116.0,1116.0,24.928171378638382
755,524.416,1111.0,1107.0,1116.0,24.928171378638382
756,524.45,1116.0,1123.0,1107.0,24.928171378638382
757,524.484,1116.0,1103.0,1107.0,24.928171378638382
758,524.519,1107.0,1107.0,1107.0,24.928171378638382
759,524.553,1123.0,1110.0,1103.0,24.928171378638382
760,524.588,1103.0,1100.0,1107.0,24.928171378638382
761,524.622,1107.0,1103.0,1103.0,24.928171378638382
762,524.656,1110.0,1109.0,1100.0,24.928171378638382
763,524.691,1100.0,1099.0,1103.0,24.928171378638382
764,524.725,1103.0,1100.0,1103.0,24.928171378638382
765,524.759,1109.0,1110.0,1100.0,24.928171378638382
766,524.794,1099.0,1103.0,1100.0,24.928171378638382
767,524.828,1100.0,1100.0,1103.0,24.928171378638382
768,524.862,1110.0,1096.0,1100.0,24.928171378638382
769,524.897,1103.0,1105.0,1100.0,24.928171378638382
770,524.931,1100.0,1100.0,1098.0,24.928171378638382
771,524.966,1096.0,1098.0,1100.0,24.928171378638382
772,525.0,1105.0,1096.0,1098.0,24.928171378638382
773,525.034,1100.0,1102.0,1096.0,24.928171378638382
774,525.069,1098.0,1092.0,1096.0,24.928171378638382
775,525.103,1096.0,1093.0,1102.0,24.928171378638382
776,525.137,1102.0,1106.0,1105.0,24.928171378638382
777,525.172,1092.0,1112.0,1105.0,24.928171378638382
778,525.206,1093.0,1105.0,1105.0,24.928171378638382
779,525.24,1106.0,1097.0,1098.0,24.928171378638382
780,525.275,1112.0,1094.0,1097.0,24.928171378638382
781,525.309,1105.0,1098.0,1097.0,24.928171378638382
782,525.344,1097.0,1092.0,1094.0,24.928171378638382
783,525.378,1094.0,1119.0,1098.0,24.928171378638382
784,525.412,1098.0,1094.0,1100.0,24.928171378638382
785,525.447,1092.0,1105.0,1105.0,24.928171378638382
786,525.481,1119.0,1100.0,1105.0,24.928171378638382
787,525.515,1094.0,1117.0,1110.0,24.928171378638382
788,525.55,1105.0,1123.0,1110.0,24.928171378638382
789,525.584,1100.0,1110.0,1110.0,24.928171378638382
790,525.618,1117.0,1097.0,1105.0,24.928171378638382
791,525.653,1123.0,1091.0,1097.0,24.928171378638382
792,525.687,1110.0,1105.0,1097.0,24.928171378638382
793,525.721,1097.0,1091.0,1105.0,24.928171378638382
794,525.756,1091.0,1107.0,1105.0,24.928171378638382
795,525.79,1105.0,1111.0,1106.0,24.928171378638382
796,525.824,1091.0,1098.0,1107.0,24.928171378638382
797,525.859,1107.0,1106.0,1106.0,24.928171378638382
798,525.893,1111.0,1111.0,1104.0,24.928171378638382
799,525.927,1098.0,1096.0,1104.0,24.928171378638382
800,525.962,1106.0,1104.0,1102.0,24.928171378638382
801,525.996,1111.0,1096.0,1102.0,24.928171378638382
802,526.031,1096.0,1102.0,1104.0,24.928171378638382
803,526.065,1104.0,1126.0,1105.0,24.928171378638382
804,526.099,1096.0,1105.0,1105.0,24.928171378638382
805,526.134,1102.0,1106.0,1106.0,24.928171378638382
806,526.168,1126.0,1100.0,1105.0,24.928171378638382
807,526.202,1105.0,1106.0,1105.0,24.928171378638382
808,526.237,1106.0,1098.0,1100.0,24.928171378638382
809,526.271,1100.0,1105.0,1100.0,24.928171378638382
810,526.305,1106.0,1100.0,1100.0,24.928171378638382
811,526.34,1098.0,1100.0,1100.0,24.928171378638382
812,526.374,1105.0,1098.0,1100.0,24.928171378638382
813,526.408,1100.0,1089.0,1098.0,24.928171378638382
814,526.442,1100.0,1104.0,1098.0,24.928171378638382
815,526.477,1098.0,1093.0,1104.0,24.928171378638382
816,526.511,1089.0,1106.0,1104.0,24.928171378638382
817,526.545,1104.0,1108.0,1096.0,24.928171378638382
818,526.58,1093.0,1089.0,1106.0,24.928171378638382
819,526.614,1106.0,1096.0,1103.0,24.928171378638382
820,526.648,1108.0,1113.0,1098.0,24.928171378638382
821,526.683,1089.0,1103.0,1101.0,24.928171378638382
822,526.717,1096.0,1098.0,1103.0,24.928171378638382
823,526.751,1113.0,1101.0,1101.0,24.928171378638382
824,526.786,1103.0,1107.0,1098.0,24.928171378638382
825,526.82,1098.0,1097.0,1101.0,24.928171378638382
826,526.854,1101.0,1097.0,1097.0,24.928171378638382
827,526.889,1107.0,1105.0,1097.0,24.928171378638382
828,526.923,1097.0,1089.0,1102.0,24.928171378638382
829,526.957,1097.0,1102.0,1102.0,24.928171378638382
830,526.992,1105.0,1106.0,1101.0,24.928171378638382
831,527.026,1089.0,1096.0,1101.0,24.928171378638382
832,527.06,1102.0,1101.0,1101.0,24.928171378638382
833,527.095,1106.0,1100.0,1101.0,24.928171378638382
834,527.129,1096.0,1107.0,1107.0,24.928171378638382
835,527.163,1101.0,1107.0,1107.0,24.928171378638382
836,527.197,1100.0,1110.0,1107.0,24.928171378638382
837,527.232,1107.0,1089.0,1107.0,24.928171378638382
838,527.266,1107.0,1108.0,1103.0,24.928171378638382
839,527.3,1110.0,1096.0,1100.0,24.928171378638382
840,527.335,1089.0,1103.0,1103.0,24.928171378638382
841,527.369,1108.0,1100.0,1100.0,24.928171378638382
842,527.403,1096.0,1104.0,1100.0,24.928171378638382
843,527.438,1103.0,1090.0,1100.0,24.928171378638382
844,527.472,1100.0,1097.0,1100.0,24.928171378638382
845,527.506,1104.0,1120.0,1100.0,24.928171378638382
846,527.54,1090.0,1100.0,1100.0,24.928171378638382
847,527.575,1097.0,1101.0,1100.0,24.928171378638382
848,527.609,1120.0,1096.0,1099.0,24.928171378638382
849,527.643,1100.0,1097.0,1099.0,24.928171378638382
850,527.678,1101.0,1099.0,1099.0,24.928171378638382
851,527.712,1096.0,1105.0,1099.0,24.928171378638382
852,527.746,1097.0,1102.0,1102.0,24.928171378638382
853,527.781,1099.0,1099.0,1105.0,24.928171378638382
854,527.815,1105.0,1106.0,1102.0,24.928171378638382
855,527.849,1102.0,1115.0,1099.0,24.928171378638382
856,527.883,1099.0,1096.0,1106.0,24.928171378638382
857,527.918,1106.0,1096.0,1096.0,24.928171378638382
858,527.952,1115.0,1109.0,1096.0,24.928171378638382
859,527.986,1096.0,1090.0,1097.0,24.928171378638382
860,528.021,1096.0,1097.0,1097.0,24.928171378638382
861,528.055,1109.0,1097.0,1096.0,24.928171378638382
862,528.089,1090.0,1096.0,1097.0,24.928171378638382
863,528.123,1097.0,1094.0,1096.0,24.928171378638382
864,528.158,1097.0,1099.0,1096.0,24.928171378638382
865,528.192,1096.0,1093.0,1099.0,24.928171378638382
866,528.226,1094.0,1099.0,1099.0,24.928171378638382
867,528.261,1099.0,1108.0,1099.0,24.928171378638382
868,528.295,1093.0,1104.0,1099.0,24.928171378638382
869,528.329,1099.0,1098.0,1101.0,24.928171378638382
870,528.363,1108.0,1094.0,1098.0,24.928171378638382
871,528.398,1104.0,1101.0,1098.0,24.928171378638382
872,528.432,1098.0,1095.0,1097.0,24.928171378638382
873,528.466,1094.0,1100.0,1100.0,24.928171378638382
874,528.5,1101.0,1097.0,1100.0,24.928171378638382
875,528.535,1095.0,1106.0,1105.0,24.928171378638382
876,528.569,1100.0,1105.0,1105.0,24.928171378638382
877,528.603,1097.0,1105.0,1105.0,24.928171378638382
878,528.638,1106.0,1096.0,1105.0,24.928171378638382
879,528.672,1105.0,1093.0,1096.0,24.928171378638382
880,528.706,1105.0,1105.0,1096.0,24.928171378638382
881,528.74,1096.0,1095.0,1099.0,24.928171378638382
882,528.775,1093.0,1101.0,1099.0,24.928171378638382
883,528.809,1105.0,1099.0,1095.0,24.928171378638382
884,528.843,1095.0,1093.0,1099.0,24.928171378638382
885,528.877,1101.0,1083.0,1093.0,24.928171378638382
886,528.912,1099.0,1104.0,1093.0,24.928171378638382
887,528.946,1093.0,1092.0,1092.0,24.928171378638382
888,528.98,1083.0,1106.0,1097.0,24.928171378638382
889,529.014,1104.0,1090.0,1097.0,24.928171378638382
890,529.049,1092.0,1097.0,1102.0,24.928171378638382
891,529.083,1106.0,1106.0,1097.0,24.928171378638382
892,529.117,1090.0,1102.0,1101.0,24.928171378638382
893,529.151,1097.0,1096.0,1101.0,24.928171378638382
894,529.186,1106.0,1101.0,1096.0,24.928171378638382
895,529.22,1102.0,1088.0,1096.0,24.928171378638382
896,529.254,1096.0,1096.0,1096.0,24.928171378638382
897,529.288,1101.0,1094.0,1096.0,24.928171378638382
898,529.323,1088.0,1099.0,1097.0,24.928171378638382
899,529.357,1096.0,1108.0,1099.0,24.928171378638382
900,529.391,1094.0,1097.0,1103.0,24.928171378638382
901,529.425,1099.0,1103.0,1103.0,24.928171378638382
902,529.46,1108.0,1103.0,1103.0,24.928171378638382
903,529.494,1097.0,1094.0,1103.0,24.928171378638382
904,529.528,1103.0,1105.0,1100.0,24.928171378638382
905,529.562,1103.0,1100.0,1100.0,24.928171378638382
906,529.597,1094.0,1092.0,1100.0,24.928171378638382
907,529.631,1105.0,1115.0,1092.0,24.928171378638382
908,529.665,1100.0,1088.0,1092.0,24.928171378638382
909,529.699,1092.0,1092.0,1092.0,24.928171378638382
910,529.734,1115.0,1090.0,1092.0,24.928171378638382
911,529.768,1088.0,1114.0,1101.0,24.928171378638382
912,529.802,1092.0,1111.0,1110.0,24.928171378638382
913,529.836,1090.0,1101.0,1110.0,24.928171378638382
914,529.871,1114.0,1110.0,1101.0,24.928171378638382
915,529.905,1111.0,1095.0,1101.0,24.928171378638382
916,529.939,1101.0,1095.0,1095.0,24.928171378638382
917,529.973,1110.0,1101.0,1095.0,24.928171378638382
918,530.007,1095.0,1095.0,1101.0,24.928171378638382
919,530.042,1095.0,1101.0,1101.0,24.928171378638382
920,530.076,1101.0,1122.0,1101.0,24.928171378638382
921,530.11,1095.0,1096.0,1103.0,24.928171378638382
922,530.144,1101.0,1103.0,1103.0,24.928171378638382
923,530.179,1122.0,1106.0,1102.0,24.928171378638382
924,530.213,1096.0,1102.0,1102.0,24.928171378638382
925,530.247,1103.0,1098.0,1102.0,24.928171378638382
926,530.281,1106.0,1097.0,1098.0,24.928171378638382
927,530.316,1102.0,1104.0,1098.0,24.928171378638382
928,530.35,1098.0,1082.0,1097.0,24.928171378638382
929,530.384,1097.0,1101.0,1091.0,24.928171378638382
930,530.418,1104.0,1091.0,1091.0,24.928171378638382
931,530.452,1082.0,1091.0,1093.0,24.928171378638382
932,530.487,1101.0,1096.0,1091.0,24.928171378638382
933,530.521,1091.0,1093.0,1093.0,24.928171378638382
934,530.555,1091.0,1089.0,1096.0,24.928171378638382
935,530.589,1096.0,1108.0,1097.0,24.928171378638382
936,530.623,1093.0,1097.0,1099.0,24.928171378638382
937,530.658,1089.0,1099.0,1101.0,24.928171378638382
938,530.692,1108.0,1114.0,1101.0,24.928171378638382
939,530.726,1097.0,1101.0,1104.0,24.928171378638382
940,530.76,1099.0,1104.0,1104.0,24.928171378638382
941,530.795,1114.0,1110.0,1101.0,24.928171378638382
942,530.829,1101.0,1097.0,1097.0,24.928171378638382
943,530.863,1104.0,1087.0,1097.0,24.928171378638382
944,530.897,1110.0,1094.0,1094.0,24.928171378638382
945,530.931,1097.0,1110.0,1094.0,24.928171378638382
946,530.966,1087.0,1091.0,1101.0,24.928171378638382
947,531.0,1094.0,1110.0,1106.0,24.928171378638382
948,531.034,1110.0,1101.0,1106.0,24.928171378638382
949,531.068,1091.0,1106.0,1109.0,24.928171378638382
950,531.102,1110.0,1109.0,1106.0,24.928171378638382
951,531.137,1101.0,1127.0,1106.0,24.928171378638382
952,531.171,1106.0,1091.0,1095.0,24.928171378638382
953,531.205,1109.0,1092.0,1095.0,24.928171378638382
954,531.239,1127.0,1095.0,1095.0,24.928171378638382
955,531.273,1091.0,1101.0,1101.0,24.928171378638382
956,531.308,1092.0,1143.0,1105.0,24.928171378638382
957,531.342,1095.0,1112.0,1107.0,24.928171378638382
958,531.376,1101.0,1105.0,1109.0,24.928171378638382
959,531.41,1143.0,1107.0,1109.0,24.928171378638382
960,531.444,1112.0,1109.0,1109.0,24.928171378638382
961,531.479,1105.0,1112.0,1112.0,24.928171378638382
962,531.513,1107.0,1118.0,1118.0,24.928171378638382
963,531.547,1109.0,1123.0,1121.0,24.928171378638382
964,531.581,1112.0,1121.0,1123.0,24.928171378638382
965,531.615,1118.0,1127.0,1124.0,24.928171378638382
966,531.649,1123.0,1139.0,1124.0,24.928171378638382
967,531.684,1121.0,1124.0,1126.0,24.928171378638382
968,531.718,1127.0,1124.0,1126.0,24.928171378638382
969,531.752,1139.0,1126.0,1126.0,24.928171378638382
970,531.786,1124.0,1133.0,1126.0,24.928171378638382
971,531.82,1124.0,1127.0,1127.0,24.928171378638382
972,531.855,1126.0,1125.0,1127.0,24.928171378638382
973,531.889,1133.0,1135.0,1126.0,24.928171378638382
974,531.923,1127.0,1126.0,1126.0,24.928171378638382
975,531.957,1125.0,1124.0,1126.0,24.928171378638382
976,531.991,1135.0,1126.0,1126.0,24.928171378638382
977,532.025,1126.0,1119.0,1124.0,24.928171378638382
978,532.06,1124.0,1127.0,1119.0,24.928171378638382
979,532.094,1126.0,1114.0,1116.0,24.928171378638382
980,532.128,1119.0,1116.0,1114.0,24.928171378638382
981,532.162,1127.0,1103.0,1114.0,24.928171378638382
982,532.196,1114.0,1099.0,1116.0,24.928171378638382
983,532.23,1116.0,1133.0,1103.0,24.928171378638382
984,532.265,1103.0,1120.0,1099.0,24.928171378638382
985,532.299,1099.0,1098.0,1109.0,24.928171378638382
986,532.333,1133.0,1098.0,1098.0,24.928171378638382
987,532.367,1120.0,1109.0,1098.0,24.928171378638382
988,532.401,1098.0,1083.0,1101.0,24.928171378638382
989,532.435,1098.0,1103.0,1101.0,24.928171378638382
990,532.47,1109.0,1101.0,1094.0,24.928171378638382
991,532.504,1083.0,1094.0,1101.0,24.928171378638382
992,532.538,1103.0,1087.0,1099.0,24.928171378638382
993,532.572,1101.0,1106.0,1099.0,24.928171378638382
994,532.606,1094.0,1099.0,1099.0,24.928171378638382
995,532.64,1087.0,1103.0,1099.0,24.928171378638382
996,532.675,1106.0,1096.0,1099.0,24.928171378638382
997,532.709,1099.0,1094.0,1096.0,24.928171378638382
998,532.743,1103.0,1103.0,1094.0,24.928171378638382
999,532.777,1096.0,1090.0,1094.0,24.928171378638382
1000,532.811,1094.0,1088.0,1094.0,24.928171378638382
1001,532.845,1103.0,1094.0,1094.0,24.928171378638382
1002,532.88,1090.0,1101.0,1100.0,24.928171378638382
1003,532.914,1088.0,1100.0,1101.0,24.928171378638382
1004,532.948,1094.0,1104.0,1101.0,24.928171378638382
1005,532.982,1101.0,1104.0,1100.0,24.928171378638382
1006,533.016,1100.0,1093.0,1093.0,24.928171378638382
1007,533.05,1104.0,1093.0,1093.0,24.928171378638382
1008,533.084,1104.0,1093.0,1093.0,24.928171378638382
1009,533.119,1093.0,1109.0,1093.0,24.928171378638382
1010,533.153,1093.0,1096.0,1096.0,24.928171378638382
1011,533.187,1093.0,1091.0,1096.0,24.928171378638382
1012,533.221,1109.0,1101.0,1096.0,24.928171378638382
1013,533.255,1096.0,1089.0,1101.0,24.928171378638382
1014,533.289,1091.0,1102.0,1101.0,24.928171378638382
1015,533.323,1101.0,1102.0,1094.0,24.928171378638382
1016,533.358,1089.0,1094.0,1096.0,24.928171378638382
1017,533.392,1102.0,1089.0,1094.0,24.928171378638382
1018,533.426,1102.0,1096.0,1094.0,24.928171378638382
1019,533.46,1094.0,1087.0,1092.5,24.928171378638382
1020,533.494,1089.0,1115.0,1096.0,24.928171378638382
1021,533.528,1096.0,,,24.928171378638382
1022,533.562,1087.0,,,24.928171378638382
1023,533.596,1115.0,,,24.928171378638382
