index,wavelength,median_filtered_y,lorentz_fit_y,residual
0,498.215000,1177.000000,1203.342254,-26.342254
1,498.250000,1175.000000,1203.342741,-28.342741
2,498.285000,1176.000000,1203.343231,-27.343231
3,498.320000,1175.000000,1203.343724,-28.343724
4,498.355000,1173.000000,1203.344219,-30.344219
5,498.390000,1169.000000,1203.344717,-34.344717
6,498.425000,1169.000000,1203.345218,-34.345218
7,498.460000,1169.000000,1203.345723,-34.345723
8,498.495000,1169.000000,1203.346230,-34.346230
9,498.530000,1169.000000,1203.346740,-34.346740
10,498.565000,1169.000000,1203.347253,-34.347253
11,498.600000,1174.000000,1203.347768,-29.347768
12,498.635000,1178.000000,1203.348287,-25.348287
13,498.670000,1174.000000,1203.348809,-29.348809
14,498.705000,1174.000000,1203.349334,-29.349334
15,498.740000,1177.000000,1203.349863,-26.349863
16,498.775000,1177.000000,1203.350394,-26.350394
17,498.810000,1177.000000,1203.350928,-26.350928
18,498.845000,1177.000000,1203.351466,-26.351466
19,498.880000,1175.000000,1203.352007,-28.352007
20,498.915000,1175.000000,1203.352551,-28.352551
21,498.950000,1177.000000,1203.353098,-26.353098
22,498.985000,1177.000000,1203.353648,-26.353648
23,499.020000,1177.000000,1203.354202,-26.354202
24,499.055000,1177.000000,1203.354759,-26.354759
25,499.090000,1177.000000,1203.355320,-26.355320
26,499.125000,1177.000000,1203.355884,-26.355884
27,499.160000,1190.000000,1203.356451,-13.356451
28,499.195000,1190.000000,1203.357022,-13.357022
29,499.230000,1179.000000,1203.357596,-24.357596
30,499.265000,1179.000000,1203.358173,-24.358173
31,499.300000,1179.000000,1203.358754,-24.358754
32,499.335000,1178.000000,1203.359339,-25.359339
33,499.370000,1178.000000,1203.359927,-25.359927
34,499.405000,1178.000000,1203.360519,-25.360519
35,499.440000,1178.000000,1203.361114,-25.361114
36,499.475000,1180.000000,1203.361714,-23.361714
37,499.510000,1180.000000,1203.362316,-23.362316
38,499.545000,1159.000000,1203.362923,-44.362923
39,499.580000,1180.000000,1203.363533,-23.363533
40,499.615000,1171.000000,1203.364147,-32.364147
41,499.650000,1164.000000,1203.364765,-39.364765
42,499.685000,1171.000000,1203.365387,-32.365387
43,499.720000,1171.000000,1203.366012,-32.366012
44,499.755000,1168.000000,1203.366642,-35.366642
45,499.790000,1165.000000,1203.367275,-38.367275
46,499.825000,1168.000000,1203.367912,-35.367912
47,499.860000,1168.000000,1203.368554,-35.368554
48,499.894000,1171.000000,1203.369199,-32.369199
49,499.929000,1177.000000,1203.369848,-26.369848
50,499.964000,1182.000000,1203.370502,-21.370502
51,499.999000,1179.000000,1203.371160,-24.371160
52,500.034000,1179.000000,1203.371822,-24.371822
53,500.069000,1179.000000,1203.372488,-24.372488
54,500.104000,1178.000000,1203.373158,-25.373158
55,500.139000,1169.000000,1203.373833,-34.373833
56,500.174000,1169.000000,1203.374512,-34.374512
57,500.209000,1169.000000,1203.375195,-34.375195
58,500.244000,1177.000000,1203.375883,-26.375883
59,500.279000,1177.000000,1203.376575,-26.376575
60,500.314000,1179.000000,1203.377271,-24.377271
61,500.349000,1178.000000,1203.377972,-25.377972
62,500.384000,1178.000000,1203.378678,-25.378678
63,500.419000,1193.000000,1203.379388,-10.379388
64,500.454000,1193.000000,1203.380103,-10.380103
65,500.489000,1178.000000,1203.380823,-25.380823
66,500.524000,1182.000000,1203.381547,-21.381547
67,500.559000,1182.000000,1203.382276,-21.382276
68,500.594000,1179.000000,1203.383010,-24.383010
69,500.629000,1182.000000,1203.383748,-21.383748
70,500.664000,1182.000000,1203.384492,-21.384492
71,500.699000,1182.000000,1203.385240,-21.385240
72,500.734000,1182.000000,1203.385993,-21.385993
73,500.768000,1184.000000,1203.386752,-19.386752
74,500.803000,1182.000000,1203.387515,-21.387515
75,500.838000,1182.000000,1203.388284,-21.388284
76,500.873000,1177.000000,1203.389057,-26.389057
77,500.908000,1177.000000,1203.389836,-26.389836
78,500.943000,1177.000000,1203.390620,-26.390620
79,500.978000,1174.000000,1203.391409,-29.391409
80,501.013000,1177.000000,1203.392204,-26.392204
81,501.048000,1183.000000,1203.393004,-20.393004
82,501.083000,1183.000000,1203.393810,-20.393810
83,501.118000,1179.000000,1203.394620,-24.394620
84,501.153000,1181.000000,1203.395437,-22.395437
85,501.188000,1181.000000,1203.396259,-22.396259
86,501.223000,1181.000000,1203.397087,-22.397087
87,501.258000,1181.000000,1203.397920,-22.397920
88,501.293000,1181.000000,1203.398759,-22.398759
89,501.328000,1181.000000,1203.399604,-22.399604
90,501.362000,1181.000000,1203.400454,-22.400454
91,501.397000,1176.000000,1203.401311,-27.401311
92,501.432000,1176.000000,1203.402173,-27.402173
93,501.467000,1172.000000,1203.403042,-31.403042
94,501.502000,1172.000000,1203.403916,-31.403916
95,501.537000,1176.000000,1203.404797,-27.404797
96,501.572000,1172.000000,1203.405684,-31.405684
97,501.607000,1175.000000,1203.406577,-28.406577
98,501.642000,1180.000000,1203.407476,-23.407476
99,501.677000,1180.000000,1203.408381,-23.408381
100,501.712000,1175.000000,1203.409293,-28.409293
101,501.747000,1177.000000,1203.410212,-26.410212
102,501.782000,1177.000000,1203.411137,-26.411137
103,501.817000,1172.000000,1203.412068,-31.412068
104,501.852000,1172.000000,1203.413007,-31.413007
105,501.886000,1174.000000,1203.413951,-29.413951
106,501.921000,1174.000000,1203.414903,-29.414903
107,501.956000,1176.000000,1203.415862,-27.415862
108,501.991000,1176.000000,1203.416827,-27.416827
109,502.026000,1176.000000,1203.417799,-27.417799
110,502.061000,1181.000000,1203.418779,-22.418779
111,502.096000,1182.000000,1203.419765,-21.419765
112,502.131000,1178.000000,1203.420759,-25.420759
113,502.166000,1178.000000,1203.421760,-25.421760
114,502.201000,1179.000000,1203.422768,-24.422768
115,502.236000,1178.000000,1203.423784,-25.423784
116,502.271000,1171.000000,1203.424807,-32.424807
117,502.305000,1170.000000,1203.425837,-33.425837
118,502.340000,1170.000000,1203.426876,-33.426876
119,502.375000,1170.000000,1203.427921,-33.427921
120,502.410000,1171.000000,1203.428975,-32.428975
121,502.445000,1173.000000,1203.430036,-30.430036
122,502.480000,1175.000000,1203.431106,-28.431106
123,502.515000,1189.000000,1203.432183,-14.432183
124,502.550000,1189.000000,1203.433269,-14.433269
125,502.585000,1189.000000,1203.434362,-14.434362
126,502.620000,1186.000000,1203.435464,-17.435464
127,502.655000,1177.000000,1203.436574,-26.436574
128,502.690000,1177.000000,1203.437692,-26.437692
129,502.724000,1177.000000,1203.438819,-26.438819
130,502.759000,1177.000000,1203.439955,-26.439955
131,502.794000,1179.000000,1203.441099,-24.441099
132,502.829000,1179.000000,1203.442252,-24.442252
133,502.864000,1181.000000,1203.443414,-22.443414
134,502.899000,1189.000000,1203.444584,-14.444584
135,502.934000,1189.000000,1203.445764,-14.445764
136,502.969000,1189.000000,1203.446953,-14.446953
137,503.004000,1189.000000,1203.448151,-14.448151
138,503.039000,1186.000000,1203.449358,-17.449358
139,503.073000,1182.000000,1203.450575,-21.450575
140,503.108000,1182.000000,1203.451801,-21.451801
141,503.143000,1180.000000,1203.453036,-23.453036
142,503.178000,1180.000000,1203.454282,-23.454282
143,503.213000,1180.000000,1203.455537,-23.455537
144,503.248000,1180.000000,1203.456802,-23.456802
145,503.283000,1180.000000,1203.458077,-23.458077
146,503.318000,1186.000000,1203.459362,-17.459362
147,503.353000,1171.000000,1203.460658,-32.460658
148,503.388000,1171.000000,1203.461963,-32.461963
149,503.422000,1177.000000,1203.463279,-26.463279
150,503.457000,1187.000000,1203.464606,-16.464606
151,503.492000,1187.000000,1203.465943,-16.465943
152,503.527000,1194.000000,1203.467291,-9.467291
153,503.562000,1194.000000,1203.468650,-9.468650
154,503.597000,1194.000000,1203.470020,-9.470020
155,503.632000,1188.000000,1203.471401,-15.471401
156,503.667000,1188.000000,1203.472793,-15.472793
157,503.702000,1188.000000,1203.474197,-15.474197
158,503.736000,1178.000000,1203.475612,-25.475612
159,503.771000,1178.000000,1203.477039,-25.477039
160,503.806000,1179.000000,1203.478477,-24.478477
161,503.841000,1178.000000,1203.479927,-25.479927
162,503.876000,1179.000000,1203.481390,-24.481390
163,503.911000,1193.000000,1203.482864,-10.482864
164,503.946000,1194.000000,1203.484351,-9.484351
165,503.981000,1194.000000,1203.485850,-9.485850
166,504.015000,1194.000000,1203.487361,-9.487361
167,504.050000,1194.000000,1203.488885,-9.488885
168,504.085000,1185.000000,1203.490422,-18.490422
169,504.120000,1183.000000,1203.491972,-20.491972
170,504.155000,1183.000000,1203.493535,-20.493535
171,504.190000,1189.000000,1203.495112,-14.495112
172,504.225000,1189.000000,1203.496701,-14.496701
173,504.260000,1190.000000,1203.498305,-13.498305
174,504.294000,1192.000000,1203.499922,-11.499922
175,504.329000,1192.000000,1203.501553,-11.501553
176,504.364000,1190.000000,1203.503197,-13.503197
177,504.399000,1190.000000,1203.504857,-13.504857
178,504.434000,1190.000000,1203.506530,-13.506530
179,504.469000,1185.000000,1203.508218,-18.508218
180,504.504000,1185.000000,1203.509920,-18.509920
181,504.539000,1185.000000,1203.511638,-18.511638
182,504.573000,1184.000000,1203.513370,-19.513370
183,504.608000,1184.000000,1203.515118,-19.515118
184,504.643000,1182.000000,1203.516881,-21.516881
185,504.678000,1182.000000,1203.518660,-21.518660
186,504.713000,1194.000000,1203.520454,-9.520454
187,504.748000,1202.000000,1203.522264,-1.522264
188,504.783000,1197.000000,1203.524091,-6.524091
189,504.817000,1197.000000,1203.525933,-6.525933
190,504.852000,1194.000000,1203.527793,-9.527793
191,504.887000,1189.000000,1203.529668,-14.529668
192,504.922000,1189.000000,1203.531561,-14.531561
193,504.957000,1189.000000,1203.533471,-14.533471
194,504.992000,1195.000000,1203.535398,-8.535398
195,505.027000,1195.000000,1203.537343,-8.537343
196,505.061000,1208.000000,1203.539305,4.460695
197,505.096000,1209.000000,1203.541286,5.458714
198,505.131000,1208.000000,1203.543284,4.456716
199,505.166000,1199.000000,1203.545301,-4.545301
200,505.201000,1199.000000,1203.547337,-4.547337
201,505.236000,1187.000000,1203.549391,-16.549391
202,505.271000,1187.000000,1203.551465,-16.551465
203,505.305000,1192.000000,1203.553558,-11.553558
204,505.340000,1187.000000,1203.555670,-16.555670
205,505.375000,1192.000000,1203.557802,-11.557802
206,505.410000,1192.000000,1203.559955,-11.559955
207,505.445000,1187.000000,1203.562127,-16.562127
208,505.480000,1187.000000,1203.564320,-16.564320
209,505.514000,1190.000000,1203.566534,-13.566534
210,505.549000,1190.000000,1203.568769,-13.568769
211,505.584000,1197.000000,1203.571025,-6.571025
212,505.619000,1197.000000,1203.573303,-6.573303
213,505.654000,1193.000000,1203.575603,-10.575603
214,505.689000,1206.000000,1203.577925,2.422075
215,505.724000,1199.000000,1203.580270,-4.580270
216,505.758000,1195.000000,1203.582637,-8.582637
217,505.793000,1198.000000,1203.585027,-5.585027
218,505.828000,1199.000000,1203.587441,-4.587441
219,505.863000,1198.000000,1203.589878,-5.589878
220,505.898000,1196.000000,1203.592339,-7.592339
221,505.933000,1196.000000,1203.594825,-7.594825
222,505.967000,1192.000000,1203.597335,-11.597335
223,506.002000,1187.000000,1203.599870,-16.599870
224,506.037000,1187.000000,1203.602430,-16.602430
225,506.072000,1187.000000,1203.605016,-16.605016
226,506.107000,1187.000000,1203.607628,-16.607628
227,506.142000,1187.000000,1203.610266,-16.610266
228,506.176000,1187.000000,1203.612931,-16.612931
229,506.211000,1187.000000,1203.615623,-16.615623
230,506.246000,1187.000000,1203.618342,-16.618342
231,506.281000,1187.000000,1203.621089,-16.621089
232,506.316000,1191.000000,1203.623864,-12.623864
233,506.350000,1196.000000,1203.626667,-7.626667
234,506.385000,1201.000000,1203.629499,-2.629499
235,506.420000,1203.000000,1203.632361,-0.632361
236,506.455000,1206.000000,1203.635252,2.364748
237,506.490000,1206.000000,1203.638173,2.361827
238,506.525000,1206.000000,1203.641125,2.358875
239,506.559000,1213.000000,1203.644108,9.355892
240,506.594000,1191.000000,1203.647122,-12.647122
241,506.629000,1186.000000,1203.650168,-17.650168
242,506.664000,1186.000000,1203.653247,-17.653247
243,506.699000,1194.000000,1203.656358,-9.656358
244,506.734000,1186.000000,1203.659502,-17.659502
245,506.768000,1194.000000,1203.662680,-9.662680
246,506.803000,1195.000000,1203.665892,-8.665892
247,506.838000,1196.000000,1203.669138,-7.669138
248,506.873000,1207.000000,1203.672420,3.327580
249,506.908000,1207.000000,1203.675737,3.324263
250,506.942000,1207.000000,1203.679091,3.320909
251,506.977000,1205.000000,1203.682481,1.317519
252,507.012000,1205.000000,1203.685909,1.314091
253,507.047000,1184.000000,1203.689374,-19.689374
254,507.082000,1200.000000,1203.692877,-3.692877
255,507.116000,1200.000000,1203.696420,-3.696420
256,507.151000,1200.000000,1203.700001,-3.700001
257,507.186000,1196.000000,1203.703623,-7.703623
258,507.221000,1196.000000,1203.707286,-7.707286
259,507.256000,1190.000000,1203.710990,-13.710990
260,507.290000,1190.000000,1203.714735,-13.714735
261,507.325000,1196.000000,1203.718524,-7.718524
262,507.360000,1190.000000,1203.722355,-13.722355
263,507.395000,1189.000000,1203.726230,-14.726230
264,507.430000,1201.000000,1203.730150,-2.730150
265,507.464000,1201.000000,1203.734114,-2.734114
266,507.499000,1205.000000,1203.738125,1.261875
267,507.534000,1205.000000,1203.742182,1.257818
268,507.569000,1209.000000,1203.746287,5.253713
269,507.604000,1210.000000,1203.750439,6.249561
270,507.638000,1210.000000,1203.754641,6.245359
271,507.673000,1208.000000,1203.758891,4.241109
272,507.708000,1208.000000,1203.763193,4.236807
273,507.743000,1208.000000,1203.767545,4.232455
274,507.778000,1208.000000,1203.771949,4.228051
275,507.812000,1212.000000,1203.776406,8.223594
276,507.847000,1212.000000,1203.780917,8.219083
277,507.882000,1214.000000,1203.785482,10.214518
278,507.917000,1214.000000,1203.790102,10.209898
279,507.952000,1208.000000,1203.794779,4.205221
280,507.986000,1203.000000,1203.799512,-0.799512
281,508.021000,1208.000000,1203.804304,4.195696
282,508.056000,1203.000000,1203.809155,-0.809155
283,508.091000,1203.000000,1203.814066,-0.814066
284,508.126000,1206.000000,1203.819038,2.180962
285,508.160000,1209.000000,1203.824072,5.175928
286,508.195000,1211.000000,1203.829169,7.170831
287,508.230000,1211.000000,1203.834330,7.165670
288,508.265000,1211.000000,1203.839556,7.160444
289,508.299000,1211.000000,1203.844849,7.155151
290,508.334000,1210.000000,1203.850209,6.149791
291,508.369000,1210.000000,1203.855637,6.144363
292,508.404000,1211.000000,1203.861136,7.138864
293,508.439000,1212.000000,1203.866705,8.133295
294,508.473000,1211.000000,1203.872346,7.127654
295,508.508000,1211.000000,1203.878061,7.121939
296,508.543000,1205.000000,1203.883850,1.116150
297,508.578000,1200.000000,1203.889716,-3.889716
298,508.612000,1200.000000,1203.895658,-3.895658
299,508.647000,1205.000000,1203.901680,1.098320
300,508.682000,1205.000000,1203.907781,1.092219
301,508.717000,1205.000000,1203.913964,1.086036
302,508.752000,1205.000000,1203.920230,1.079770
303,508.786000,1198.000000,1203.926580,-5.926580
304,508.821000,1198.000000,1203.933016,-5.933016
305,508.856000,1198.000000,1203.939540,-5.939540
306,508.891000,1202.000000,1203.946152,-1.946152
307,508.925000,1202.000000,1203.952856,-1.952856
308,508.960000,1214.000000,1203.959652,10.040348
309,508.995000,1214.000000,1203.966542,10.033458
310,509.030000,1202.000000,1203.973527,-1.973527
311,509.064000,1218.000000,1203.980611,14.019389
312,509.099000,1218.000000,1203.987794,14.012206
313,509.134000,1199.000000,1203.995078,-4.995078
314,509.169000,1194.000000,1204.002465,-10.002465
315,509.203000,1199.000000,1204.009957,-5.009957
316,509.238000,1199.000000,1204.017557,-5.017557
317,509.273000,1199.000000,1204.025265,-5.025265
318,509.308000,1201.000000,1204.033085,-3.033085
319,509.342000,1201.000000,1204.041019,-3.041019
320,509.377000,1198.000000,1204.049068,-6.049068
321,509.412000,1195.000000,1204.057235,-9.057235
322,509.447000,1193.000000,1204.065522,-11.065522
323,509.481000,1189.000000,1204.073932,-15.073932
324,509.516000,1193.000000,1204.082466,-11.082466
325,509.551000,1193.000000,1204.091129,-11.091129
326,509.586000,1193.000000,1204.099921,-11.099921
327,509.620000,1193.000000,1204.108845,-11.108845
328,509.655000,1199.000000,1204.117906,-5.117906
329,509.690000,1199.000000,1204.127104,-5.127104
330,509.725000,1214.000000,1204.136443,9.863557
331,509.759000,1199.000000,1204.145925,-5.145925
332,509.794000,1199.000000,1204.155554,-5.155554
333,509.829000,1199.000000,1204.165333,-5.165333
334,509.864000,1212.000000,1204.175265,7.824735
335,509.898000,1193.000000,1204.185353,-11.185353
336,509.933000,1198.000000,1204.195600,-6.195600
337,509.968000,1212.000000,1204.206010,7.793990
338,510.003000,1216.000000,1204.216586,11.783414
339,510.037000,1216.000000,1204.227331,11.772669
340,510.072000,1216.000000,1204.238250,11.761750
341,510.107000,1216.000000,1204.249346,11.750654
342,510.142000,1215.000000,1204.260622,10.739378
343,510.176000,1212.000000,1204.272083,7.727917
344,510.211000,1212.000000,1204.283734,7.716266
345,510.246000,1203.000000,1204.295577,-1.295577
346,510.281000,1212.000000,1204.307617,7.692383
347,510.315000,1212.000000,1204.319859,7.680141
348,510.350000,1212.000000,1204.332307,7.667693
349,510.385000,1212.000000,1204.344966,7.655034
350,510.420000,1214.000000,1204.357840,9.642160
351,510.454000,1214.000000,1204.370935,9.629065
352,510.489000,1208.000000,1204.384255,3.615745
353,510.524000,1208.000000,1204.397806,3.602194
354,510.558000,1208.000000,1204.411593,3.588407
355,510.593000,1205.000000,1204.425622,0.574378
356,510.628000,1208.000000,1204.439898,3.560102
357,510.663000,1217.000000,1204.454426,12.545574
358,510.697000,1219.000000,1204.469214,14.530786
359,510.732000,1219.000000,1204.484267,14.515733
360,510.767000,1219.000000,1204.499591,14.500409
361,510.801000,1219.000000,1204.515193,14.484807
362,510.836000,1214.000000,1204.531080,9.468920
363,510.871000,1214.000000,1204.547259,9.452741
364,510.906000,1214.000000,1204.563736,9.436264
365,510.940000,1214.000000,1204.580520,9.419480
366,510.975000,1214.000000,1204.597617,9.402383
367,511.010000,1214.000000,1204.615037,9.384963
368,511.045000,1219.000000,1204.632785,14.367215
369,511.079000,1220.000000,1204.650872,15.349128
370,511.114000,1219.000000,1204.669306,14.330694
371,511.149000,1219.000000,1204.688095,14.311905
372,511.183000,1220.000000,1204.707249,15.292751
373,511.218000,1220.000000,1204.726778,15.273222
374,511.253000,1212.000000,1204.746690,7.253310
375,511.288000,1220.000000,1204.766996,15.233004
376,511.322000,1224.000000,1204.787706,19.212294
377,511.357000,1224.000000,1204.808832,19.191168
378,511.392000,1217.000000,1204.830384,12.169616
379,511.426000,1217.000000,1204.852373,12.147627
380,511.461000,1216.000000,1204.874813,11.125187
381,511.496000,1212.000000,1204.897714,7.102286
382,511.530000,1212.000000,1204.921090,7.078910
383,511.565000,1212.000000,1204.944953,7.055047
384,511.600000,1209.000000,1204.969318,4.030682
385,511.635000,1209.000000,1204.994199,4.005801
386,511.669000,1209.000000,1205.019609,3.980391
387,511.704000,1209.000000,1205.045564,3.954436
388,511.739000,1213.000000,1205.072080,7.927920
389,511.773000,1213.000000,1205.099173,7.900827
390,511.808000,1206.000000,1205.126859,0.873141
391,511.843000,1203.000000,1205.155156,-2.155156
392,511.877000,1206.000000,1205.184082,0.815918
393,511.912000,1206.000000,1205.213656,0.786344
394,511.947000,1203.000000,1205.243896,-2.243896
395,511.982000,1209.000000,1205.274823,3.725177
396,512.016000,1216.000000,1205.306459,10.693541
397,512.051000,1209.000000,1205.338823,3.661177
398,512.086000,1206.000000,1205.371939,0.628061
399,512.120000,1216.000000,1205.405830,10.594170
400,512.155000,1206.000000,1205.440521,0.559479
401,512.190000,1202.000000,1205.476036,-3.476036
402,512.224000,1202.000000,1205.512402,-3.512402
403,512.259000,1209.000000,1205.549645,3.450355
404,512.294000,1202.000000,1205.587794,-3.587794
405,512.328000,1203.000000,1205.626879,-2.626879
406,512.363000,1205.000000,1205.666930,-0.666930
407,512.398000,1205.000000,1205.707978,-0.707978
408,512.432000,1205.000000,1205.750058,-0.750058
409,512.467000,1207.000000,1205.793203,1.206797
410,512.502000,1210.000000,1205.837449,4.162551
411,512.537000,1211.000000,1205.882834,5.117166
412,512.571000,1213.000000,1205.929397,7.070603
413,512.606000,1219.000000,1205.977179,13.022821
414,512.641000,1219.000000,1206.026223,12.973777
415,512.675000,1219.000000,1206.076571,12.923429
416,512.710000,1219.000000,1206.128272,12.871728
417,512.745000,1205.000000,1206.181373,-1.181373
418,512.779000,1202.000000,1206.235925,-4.235925
419,512.814000,1205.000000,1206.291980,-1.291980
420,512.849000,1202.000000,1206.349594,-4.349594
421,512.883000,1205.000000,1206.408824,-1.408824
422,512.918000,1209.000000,1206.469732,2.530268
423,512.953000,1209.000000,1206.532379,2.467621
424,512.987000,1209.000000,1206.596832,2.403168
425,513.022000,1210.000000,1206.663161,3.336839
426,513.057000,1220.000000,1206.731438,13.268562
427,513.091000,1210.000000,1206.801739,3.198261
428,513.126000,1210.000000,1206.874144,3.125856
429,513.161000,1210.000000,1206.948737,3.051263
430,513.195000,1207.000000,1207.025605,-0.025605
431,513.230000,1196.000000,1207.104842,-11.104842
432,513.265000,1207.000000,1207.186543,-0.186543
433,513.299000,1204.000000,1207.270811,-3.270811
434,513.334000,1204.000000,1207.357752,-3.357752
435,513.369000,1204.000000,1207.447481,-3.447481
436,513.403000,1204.000000,1207.540114,-3.540114
437,513.438000,1203.000000,1207.635777,-4.635777
438,513.473000,1203.000000,1207.734602,-4.734602
439,513.507000,1201.000000,1207.836726,-6.836726
440,513.542000,1203.000000,1207.942298,-4.942298
441,513.577000,1208.000000,1208.051469,-0.051469
442,513.611000,1211.000000,1208.164404,2.835596
443,513.646000,1208.000000,1208.281274,-0.281274
444,513.681000,1208.000000,1208.402261,-0.402261
445,513.715000,1209.000000,1208.527556,0.472444
446,513.750000,1209.000000,1208.657364,0.342636
447,513.784000,1200.000000,1208.791898,-8.791898
448,513.819000,1209.000000,1208.931388,0.068612
449,513.854000,1213.000000,1209.076073,3.923927
450,513.888000,1215.000000,1209.226209,5.773791
451,513.923000,1215.000000,1209.382069,5.617931
452,513.958000,1217.000000,1209.543939,7.456061
453,513.992000,1217.000000,1209.712127,7.287873
454,514.027000,1217.000000,1209.886956,7.113044
455,514.062000,1213.000000,1210.068772,2.931228
456,514.096000,1217.000000,1210.257944,6.742056
457,514.131000,1219.000000,1210.454863,8.545137
458,514.166000,1219.000000,1210.659946,8.340054
459,514.200000,1219.000000,1210.873638,8.126362
460,514.235000,1219.000000,1211.096413,7.903587
461,514.269000,1213.000000,1211.328779,1.671221
462,514.304000,1213.000000,1211.571276,1.428724
463,514.339000,1221.000000,1211.824483,9.175517
464,514.373000,1224.000000,1212.089020,11.910980
465,514.408000,1224.000000,1212.365547,11.634453
466,514.443000,1224.000000,1212.654775,11.345225
467,514.477000,1215.000000,1212.957465,2.042535
468,514.512000,1215.000000,1213.274433,1.725567
469,514.547000,1211.000000,1213.606553,-2.606553
470,514.581000,1211.000000,1213.954767,-2.954767
471,514.616000,1211.000000,1214.320086,-3.320086
472,514.650000,1217.000000,1214.703597,2.296403
473,514.685000,1209.000000,1215.106471,-6.106471
474,514.720000,1213.000000,1215.529967,-2.529967
475,514.754000,1213.000000,1215.975444,-2.975444
476,514.789000,1217.000000,1216.444365,0.555635
477,514.824000,1217.000000,1216.938311,0.061689
478,514.858000,1222.000000,1217.458986,4.541014
479,514.893000,1222.000000,1218.008233,3.991767
480,514.927000,1221.000000,1218.588039,2.411961
481,514.962000,1221.000000,1219.200556,1.799444
482,514.997000,1221.000000,1219.848107,1.151893
483,515.031000,1220.000000,1220.533205,-0.533205
484,515.066000,1220.000000,1221.258570,-1.258570
485,515.101000,1219.000000,1222.027140,-3.027140
486,515.135000,1220.000000,1222.842094,-2.842094
487,515.170000,1220.000000,1223.706865,-3.706865
488,515.204000,1218.000000,1224.625167,-6.625167
489,515.239000,1222.000000,1225.601004,-3.601004
490,515.274000,1230.000000,1226.638695,3.361305
491,515.308000,1230.000000,1227.742891,2.257109
492,515.343000,1218.000000,1228.918590,-10.918590
493,515.377000,1223.000000,1230.171150,-7.171150
494,515.412000,1223.000000,1231.506300,-8.506300
495,515.447000,1223.000000,1232.930137,-9.930137
496,515.481000,1226.000000,1234.449124,-8.449124
497,515.516000,1226.000000,1236.070069,-10.070069
498,515.550000,1226.000000,1237.800084,-11.800084
499,515.585000,1226.000000,1239.646531,-13.646531
500,515.620000,1227.000000,1241.616932,-14.616932
501,515.654000,1222.000000,1243.718836,-21.718836
502,515.689000,1229.000000,1245.959655,-16.959655
503,515.724000,1230.000000,1248.346422,-18.346422
504,515.758000,1232.000000,1250.885484,-18.885484
505,515.793000,1234.000000,1253.582111,-19.582111
506,515.827000,1248.000000,1256.439993,-8.439993
507,515.862000,1252.000000,1259.460622,-7.460622
508,515.897000,1252.000000,1262.642549,-10.642549
509,515.931000,1251.000000,1265.980503,-14.980503
510,515.966000,1265.000000,1269.464383,-4.464383
511,516.000000,1265.000000,1273.078155,-8.078155
512,516.035000,1285.000000,1276.798690,8.201310
513,516.069000,1290.000000,1280.594648,9.405352
514,516.104000,1291.000000,1284.425515,6.574485
515,516.139000,1308.000000,1288.240967,19.759033
516,516.173000,1310.000000,1291.980765,18.019235
517,516.208000,1308.000000,1295.575401,12.424599
518,516.242000,1314.000000,1298.947694,15.052306
519,516.277000,1314.000000,1302.015479,11.984521
520,516.312000,1314.000000,1304.695402,9.304598
521,516.346000,1312.000000,1306.907648,5.092352
522,516.381000,1312.000000,1308.581241,3.418759
523,516.415000,1306.000000,1309.659339,-3.659339
524,516.450000,1305.000000,1310.103863,-5.103863
525,516.485000,1305.000000,1309.898774,-4.898774
526,516.519000,1306.000000,1309.051496,-3.051496
527,516.554000,1308.000000,1307.592256,0.407744
528,516.588000,1308.000000,1305.571443,2.428557
529,516.623000,1308.000000,1303.055405,4.944595
530,516.657000,1305.000000,1300.121323,4.878677
531,516.692000,1301.000000,1296.851833,4.148167
532,516.727000,1300.000000,1293.330038,6.669962
533,516.761000,1288.000000,1289.635334,-1.635334
534,516.796000,1280.000000,1285.840307,-5.840307
535,516.830000,1275.000000,1282.008743,-7.008743
536,516.865000,1259.000000,1278.194652,-19.194652
537,516.899000,1258.000000,1274.442124,-16.442124
538,516.934000,1255.000000,1270.785790,-15.785790
539,516.969000,1255.000000,1267.251689,-12.251689
540,517.003000,1245.000000,1263.858340,-18.858340
541,517.038000,1242.000000,1260.617905,-18.617905
542,517.072000,1241.000000,1257.537316,-16.537316
543,517.107000,1242.000000,1254.619326,-12.619326
544,517.141000,1245.000000,1251.863435,-6.863435
545,517.176000,1243.000000,1249.266686,-6.266686
546,517.211000,1251.000000,1246.824330,4.175670
547,517.245000,1251.000000,1244.530367,6.469633
548,517.280000,1246.000000,1242.377975,3.622025
549,517.314000,1243.000000,1240.359853,2.640147
550,517.349000,1238.000000,1238.468480,-0.468480
551,517.383000,1238.000000,1236.696305,1.303695
552,517.418000,1246.000000,1235.035897,10.964103
553,517.453000,1247.000000,1233.480041,13.519959
554,517.487000,1247.000000,1232.021813,14.978187
555,517.522000,1250.000000,1230.654619,19.345381
556,517.556000,1250.000000,1229.372225,20.627775
557,517.591000,1228.000000,1228.168765,-0.168765
558,517.625000,1228.000000,1227.038746,0.961254
559,517.660000,1227.000000,1225.977038,1.022962
560,517.694000,1227.000000,1224.978864,2.021136
561,517.729000,1229.000000,1224.039783,4.960217
562,517.764000,1229.000000,1223.155677,5.844323
563,517.798000,1229.000000,1222.322727,6.677273
564,517.833000,1229.000000,1221.537400,7.462600
565,517.867000,1233.000000,1220.796423,12.203577
566,517.902000,1233.000000,1220.096772,12.903228
567,517.936000,1234.000000,1219.435648,14.564352
568,517.971000,1234.000000,1218.810465,15.189535
569,518.005000,1235.000000,1218.218830,16.781170
570,518.040000,1234.000000,1217.658530,16.341470
571,518.074000,1222.000000,1217.127519,4.872481
572,518.109000,1221.000000,1216.623900,4.376100
573,518.144000,1222.000000,1216.145922,5.854078
574,518.178000,1221.000000,1215.691957,5.308043
575,518.213000,1221.000000,1215.260502,5.739498
576,518.247000,1221.000000,1214.850159,6.149841
577,518.282000,1216.000000,1214.459634,1.540366
578,518.316000,1216.000000,1214.087723,1.912277
579,518.351000,1218.000000,1213.733309,4.266691
580,518.385000,1216.000000,1213.395354,2.604646
581,518.420000,1218.000000,1213.072893,4.927107
582,518.454000,1218.000000,1212.765024,5.234976
583,518.489000,1216.000000,1212.470913,3.529087
584,518.523000,1216.000000,1212.189777,3.810223
585,518.558000,1227.000000,1211.920889,15.079111
586,518.593000,1216.000000,1211.663570,4.336430
587,518.627000,1218.000000,1211.417184,6.582816
588,518.662000,1218.000000,1211.181139,6.818861
589,518.696000,1212.000000,1210.954880,1.045120
590,518.731000,1212.000000,1210.737888,1.262112
591,518.765000,1211.000000,1210.529677,0.470323
592,518.800000,1211.000000,1210.329792,0.670208
593,518.834000,1216.000000,1210.137804,5.862196
594,518.869000,1218.000000,1209.953313,8.046687
595,518.903000,1216.000000,1209.775943,6.224057
596,518.938000,1216.000000,1209.605341,6.394659
597,518.972000,1216.000000,1209.441172,6.558828
598,519.007000,1219.000000,1209.283126,9.716874
599,519.041000,1220.000000,1209.130907,10.869093
600,519.076000,1220.000000,1208.984238,11.015762
601,519.110000,1220.000000,1208.842857,11.157143
602,519.145000,1217.000000,1208.706519,8.293481
603,519.179000,1204.000000,1208.574990,-4.574990
604,519.214000,1204.000000,1208.448051,-4.448051
605,519.248000,1217.000000,1208.325495,8.674505
606,519.283000,1204.000000,1208.207126,-4.207126
607,519.317000,1204.000000,1208.092757,-4.092757
608,519.352000,1208.000000,1207.982214,0.017786
609,519.387000,1201.000000,1207.875331,-6.875331
610,519.421000,1201.000000,1207.771950,-6.771950
611,519.456000,1207.000000,1207.671922,-0.671922
612,519.490000,1208.000000,1207.575106,0.424894
613,519.525000,1207.000000,1207.481368,-0.481368
614,519.559000,1220.000000,1207.390581,12.609419
615,519.594000,1220.000000,1207.302623,12.697377
616,519.628000,1218.000000,1207.217380,10.782620
617,519.663000,1216.000000,1207.134742,8.865258
618,519.697000,1218.000000,1207.054606,10.945394
619,519.732000,1216.000000,1206.976874,9.023126
620,519.766000,1218.000000,1206.901451,11.098549
621,519.801000,1216.000000,1206.828247,9.171753
622,519.835000,1214.000000,1206.757178,7.242822
623,519.870000,1208.000000,1206.688162,1.311838
624,519.904000,1208.000000,1206.621122,1.378878
625,519.939000,1208.000000,1206.555984,1.444016
626,519.973000,1208.000000,1206.492677,1.507323
627,520.008000,1208.000000,1206.431134,1.568866
628,520.042000,1212.000000,1206.371291,5.628709
629,520.077000,1212.000000,1206.313087,5.686913
630,520.111000,1216.000000,1206.256462,9.743538
631,520.146000,1216.000000,1206.201361,9.798639
632,520.180000,1215.000000,1206.147730,8.852270
633,520.215000,1213.000000,1206.095517,6.904483
634,520.249000,1215.000000,1206.044675,8.955325
635,520.283000,1213.000000,1205.995154,7.004846
636,520.318000,1215.000000,1205.946911,9.053089
637,520.352000,1213.000000,1205.899902,7.100098
638,520.387000,1211.000000,1205.854086,5.145914
639,520.421000,1211.000000,1205.809424,5.190576
640,520.456000,1224.000000,1205.765876,18.234124
641,520.490000,1209.000000,1205.723407,3.276593
642,520.525000,1216.000000,1205.681981,10.318019
643,520.559000,1216.000000,1205.641566,10.358434
644,520.594000,1216.000000,1205.602128,10.397872
645,520.628000,1216.000000,1205.563636,10.436364
646,520.663000,1216.000000,1205.526061,10.473939
647,520.697000,1216.000000,1205.489374,10.510626
648,520.732000,1220.000000,1205.453548,14.546452
649,520.766000,1220.000000,1205.418556,14.581444
650,520.801000,1220.000000,1205.384372,14.615628
651,520.835000,1209.000000,1205.350972,3.649028
652,520.870000,1211.000000,1205.318333,5.681667
653,520.904000,1211.000000,1205.286431,5.713569
654,520.939000,1216.000000,1205.255244,10.744756
655,520.973000,1216.000000,1205.224752,10.775248
656,521.008000,1216.000000,1205.194935,10.805065
657,521.042000,1216.000000,1205.165772,10.834228
658,521.076000,1216.000000,1205.137244,10.862756
659,521.111000,1216.000000,1205.109334,10.890666
660,521.145000,1216.000000,1205.082024,10.917976
661,521.180000,1222.000000,1205.055297,16.944703
662,521.214000,1223.000000,1205.029137,17.970863
663,521.249000,1222.000000,1205.003527,16.996473
664,521.283000,1222.000000,1204.978452,17.021548
665,521.318000,1214.000000,1204.953898,9.046102
666,521.352000,1212.000000,1204.929851,7.070149
667,521.387000,1212.000000,1204.906297,7.093703
668,521.421000,1214.000000,1204.883221,9.116779
669,521.456000,1214.000000,1204.860613,9.139387
670,521.490000,1208.000000,1204.838458,3.161542
671,521.524000,1208.000000,1204.816746,3.183254
672,521.559000,1207.000000,1204.795464,2.204536
673,521.593000,1207.000000,1204.774602,2.225398
674,521.628000,1208.000000,1204.754147,3.245853
675,521.662000,1214.000000,1204.734091,9.265909
676,521.697000,1214.000000,1204.714422,9.285578
677,521.731000,1218.000000,1204.695131,13.304869
678,521.766000,1228.000000,1204.676208,23.323792
679,521.800000,1218.000000,1204.657644,13.342356
680,521.835000,1209.000000,1204.639430,4.360570
681,521.869000,1205.000000,1204.621557,0.378443
682,521.903000,1205.000000,1204.604017,0.395983
683,521.938000,1205.000000,1204.586801,0.413199
684,521.972000,1207.000000,1204.569902,2.430098
685,522.007000,1217.000000,1204.553313,12.446687
686,522.041000,1217.000000,1204.537024,12.462976
687,522.076000,1207.000000,1204.521030,2.478970
688,522.110000,1199.000000,1204.505324,-5.505324
689,522.145000,1199.000000,1204.489898,-5.489898
690,522.179000,1199.000000,1204.474745,-5.474745
691,522.213000,1208.000000,1204.459861,3.540139
692,522.248000,1210.000000,1204.445237,5.554763
693,522.282000,1210.000000,1204.430868,5.569132
694,522.317000,1210.000000,1204.416749,5.583251
695,522.351000,1207.000000,1204.402874,2.597126
696,522.386000,1207.000000,1204.389236,2.610764
697,522.420000,1207.000000,1204.375831,2.624169
698,522.454000,1208.000000,1204.362654,3.637346
699,522.489000,1213.000000,1204.349698,8.650302
700,522.523000,1213.000000,1204.336960,8.663040
701,522.558000,1215.000000,1204.324435,10.675565
702,522.592000,1216.000000,1204.312117,11.687883
703,522.627000,1217.000000,1204.300003,12.699997
704,522.661000,1217.000000,1204.288088,12.711912
705,522.695000,1217.000000,1204.276367,12.723633
706,522.730000,1217.000000,1204.264836,12.735164
707,522.764000,1217.000000,1204.253492,12.746508
708,522.799000,1225.000000,1204.242330,20.757670
709,522.833000,1225.000000,1204.231346,20.768654
710,522.868000,1225.000000,1204.220537,20.779463
711,522.902000,1216.000000,1204.209899,11.790101
712,522.936000,1216.000000,1204.199428,11.800572
713,522.971000,1198.000000,1204.189121,-6.189121
714,523.005000,1198.000000,1204.178975,-6.178975
715,523.040000,1199.000000,1204.168986,-5.168986
716,523.074000,1199.000000,1204.159151,-5.159151
717,523.109000,1199.000000,1204.149466,-5.149466
718,523.143000,1225.000000,1204.139930,20.860070
719,523.177000,1225.000000,1204.130538,20.869462
720,523.212000,1222.000000,1204.121288,17.878712
721,523.246000,1225.000000,1204.112178,20.887822
722,523.281000,1222.000000,1204.103203,17.896797
723,523.315000,1222.000000,1204.094362,17.905638
724,523.349000,1222.000000,1204.085653,17.914347
725,523.384000,1219.000000,1204.077071,14.922929
726,523.418000,1219.000000,1204.068615,14.931385
727,523.453000,1219.000000,1204.060283,14.939717
728,523.487000,1225.000000,1204.052072,20.947928
729,523.521000,1225.000000,1204.043980,20.956020
730,523.556000,1225.000000,1204.036004,20.963996
731,523.590000,1222.000000,1204.028142,17.971858
732,523.625000,1213.000000,1204.020393,8.979607
733,523.659000,1213.000000,1204.012753,8.987247
734,523.693000,1213.000000,1204.005221,8.994779
735,523.728000,1213.000000,1203.997795,9.002205
736,523.762000,1213.000000,1203.990473,9.009527
737,523.797000,1217.000000,1203.983253,13.016747
738,523.831000,1213.000000,1203.976134,9.023866
739,523.865000,1201.000000,1203.969112,-2.969112
740,523.900000,1213.000000,1203.962187,9.037813
741,523.934000,1213.000000,1203.955356,9.044644
742,523.969000,1213.000000,1203.948619,9.051381
743,524.003000,1213.000000,1203.941973,9.058027
744,524.037000,1213.000000,1203.935417,9.064583
745,524.072000,1218.000000,1203.928948,14.071052
746,524.106000,1206.000000,1203.922566,2.077434
747,524.141000,1202.000000,1203.916270,-1.916270
748,524.175000,1206.000000,1203.910056,2.089944
749,524.209000,1208.000000,1203.903925,4.096075
750,524.244000,1206.000000,1203.897874,2.102126
751,524.278000,1204.000000,1203.891903,0.108097
752,524.312000,1208.000000,1203.886009,4.113991
753,524.347000,1211.000000,1203.880192,7.119808
754,524.381000,1221.000000,1203.874449,17.125551
755,524.416000,1221.000000,1203.868781,17.131219
756,524.450000,1221.000000,1203.863185,17.136815
757,524.484000,1218.000000,1203.857661,14.142339
758,524.519000,1217.000000,1203.852207,13.147793
759,524.553000,1205.000000,1203.846822,1.153178
760,524.588000,1203.000000,1203.841504,-0.841504
761,524.622000,1205.000000,1203.836254,1.163746
762,524.656000,1204.000000,1203.831069,0.168931
763,524.691000,1203.000000,1203.825948,-0.825948
764,524.725000,1204.000000,1203.820891,0.179109
765,524.759000,1216.000000,1203.815896,12.184104
766,524.794000,1216.000000,1203.810963,12.189037
767,524.828000,1216.000000,1203.806090,12.193910
768,524.862000,1216.000000,1203.801276,12.198724
769,524.897000,1203.000000,1203.796521,-0.796521
770,524.931000,1203.000000,1203.791824,-0.791824
771,524.966000,1203.000000,1203.787183,-0.787183
772,525.000000,1211.000000,1203.782597,7.217403
773,525.034000,1211.000000,1203.778067,7.221933
774,525.069000,1211.000000,1203.773590,7.226410
775,525.103000,1211.000000,1203.769166,7.230834
776,525.137000,1207.000000,1203.764795,3.235205
777,525.172000,1207.000000,1203.760475,3.239525
778,525.206000,1207.000000,1203.756206,3.243794
779,525.240000,1207.000000,1203.751986,3.248014
780,525.275000,1210.000000,1203.747816,6.252184
781,525.309000,1210.000000,1203.743694,6.256306
782,525.344000,1206.000000,1203.739619,2.260381
783,525.378000,1205.000000,1203.735591,1.264409
784,525.412000,1206.000000,1203.731610,2.268390
785,525.447000,1206.000000,1203.727673,2.272327
786,525.481000,1205.000000,1203.723782,1.276218
787,525.515000,1207.000000,1203.719934,3.280066
788,525.550000,1213.000000,1203.716130,9.283870
789,525.584000,1216.000000,1203.712369,12.287631
790,525.618000,1216.000000,1203.708650,12.291350
791,525.653000,1216.000000,1203.704972,12.295028
792,525.687000,1212.000000,1203.701335,8.298665
793,525.721000,1212.000000,1203.697739,8.302261
794,525.756000,1210.000000,1203.694182,6.305818
795,525.790000,1210.000000,1203.690664,6.309336
796,525.824000,1212.000000,1203.687185,8.312815
797,525.859000,1214.000000,1203.683743,10.316257
798,525.893000,1208.000000,1203.680339,4.319661
799,525.927000,1212.000000,1203.676972,8.323028
800,525.962000,1212.000000,1203.673642,8.326358
801,525.996000,1208.000000,1203.670347,4.329653
802,526.031000,1206.000000,1203.667087,2.332913
803,526.065000,1208.000000,1203.663863,4.336137
804,526.099000,1208.000000,1203.660672,4.339328
805,526.134000,1227.000000,1203.657516,23.342484
806,526.168000,1227.000000,1203.654393,23.345607
807,526.202000,1228.000000,1203.651302,24.348698
808,526.237000,1227.000000,1203.648244,23.351756
809,526.271000,1218.000000,1203.645218,14.354782
810,526.305000,1215.000000,1203.642224,11.357776
811,526.340000,1218.000000,1203.639261,14.360739
812,526.374000,1215.000000,1203.636328,11.363672
813,526.408000,1213.000000,1203.633426,9.366574
814,526.442000,1210.000000,1203.630553,6.369447
815,526.477000,1204.000000,1203.627710,0.372290
816,526.511000,1202.000000,1203.624896,-1.624896
817,526.545000,1202.000000,1203.622111,-1.622111
818,526.580000,1204.000000,1203.619354,0.380646
819,526.614000,1210.000000,1203.616624,6.383376
820,526.648000,1210.000000,1203.613922,6.386078
821,526.683000,1210.000000,1203.611248,6.388752
822,526.717000,1206.000000,1203.608600,2.391400
823,526.751000,1206.000000,1203.605978,2.394022
824,526.786000,1206.000000,1203.603383,2.396617
825,526.820000,1206.000000,1203.600813,2.399187
826,526.854000,1206.000000,1203.598269,2.401731
827,526.889000,1208.000000,1203.595750,4.404250
828,526.923000,1208.000000,1203.593255,4.406745
829,526.957000,1208.000000,1203.590785,4.409215
830,526.992000,1208.000000,1203.588339,4.411661
831,527.026000,1210.000000,1203.585916,6.414084
832,527.060000,1210.000000,1203.583517,6.416483
833,527.095000,1210.000000,1203.581142,6.418858
834,527.129000,1209.000000,1203.578789,5.421211
835,527.163000,1211.000000,1203.576459,7.423541
836,527.197000,1209.000000,1203.574151,5.425849
837,527.232000,1209.000000,1203.571865,5.428135
838,527.266000,1206.000000,1203.569600,2.430400
839,527.300000,1211.000000,1203.567357,7.432643
840,527.335000,1206.000000,1203.565136,2.434864
841,527.369000,1203.000000,1203.562935,-0.562935
842,527.403000,1202.000000,1203.560755,-1.560755
843,527.438000,1203.000000,1203.558595,-0.558595
844,527.472000,1203.000000,1203.556456,-0.556456
845,527.506000,1215.000000,1203.554336,11.445664
846,527.540000,1216.000000,1203.552236,12.447764
847,527.575000,1216.000000,1203.550155,12.449845
848,527.609000,1216.000000,1203.548094,12.451906
849,527.643000,1216.000000,1203.546051,12.453949
850,527.678000,1216.000000,1203.544028,12.455972
851,527.712000,1216.000000,1203.542022,12.457978
852,527.746000,1216.000000,1203.540035,12.459965
853,527.781000,1216.000000,1203.538066,12.461934
854,527.815000,1220.000000,1203.536115,16.463885
855,527.849000,1220.000000,1203.534181,16.465819
856,527.883000,1214.000000,1203.532265,10.467735
857,527.918000,1220.000000,1203.530366,16.469634
858,527.952000,1216.000000,1203.528484,12.471516
859,527.986000,1213.000000,1203.526618,9.473382
860,528.021000,1216.000000,1203.524770,12.475230
861,528.055000,1220.000000,1203.522937,16.477063
862,528.089000,1220.000000,1203.521121,16.478879
863,528.123000,1222.000000,1203.519321,18.480679
864,528.158000,1222.000000,1203.517536,18.482464
865,528.192000,1220.000000,1203.515768,16.484232
866,528.226000,1231.000000,1203.514014,27.485986
867,528.261000,1212.000000,1203.512276,8.487724
868,528.295000,1210.000000,1203.510553,6.489447
869,528.329000,1210.000000,1203.508845,6.491155
870,528.363000,1215.000000,1203.507152,11.492848
871,528.398000,1204.000000,1203.505473,0.494527
872,528.432000,1210.000000,1203.503809,6.496191
873,528.466000,1210.000000,1203.502159,6.497841
874,528.500000,1208.000000,1203.500523,4.499477
875,528.535000,1195.000000,1203.498901,-8.498901
876,528.569000,1208.000000,1203.497292,4.502708
877,528.603000,1208.000000,1203.495698,4.504302
878,528.638000,1208.000000,1203.494116,4.505884
879,528.672000,1217.000000,1203.492548,13.507452
880,528.706000,1217.000000,1203.490994,13.509006
881,528.740000,1212.000000,1203.489452,8.510548
882,528.775000,1212.000000,1203.487923,8.512077
883,528.809000,1218.000000,1203.486407,14.513593
884,528.843000,1218.000000,1203.484903,14.515097
885,528.877000,1218.000000,1203.483412,14.516588
886,528.912000,1218.000000,1203.481933,14.518067
887,528.946000,1222.000000,1203.480466,18.519534
888,528.980000,1202.000000,1203.479012,-1.479012
889,529.014000,1202.000000,1203.477569,-1.477569
890,529.049000,1202.000000,1203.476138,-1.476138
891,529.083000,1206.000000,1203.474719,2.525281
892,529.117000,1206.000000,1203.473311,2.526689
893,529.151000,1206.000000,1203.471914,2.528086
894,529.186000,1206.000000,1203.470529,2.529471
895,529.220000,1206.000000,1203.469155,2.530845
896,529.254000,1206.000000,1203.467792,2.532208
897,529.288000,1210.000000,1203.466440,6.533560
898,529.323000,1210.000000,1203.465099,6.534901
899,529.357000,1210.000000,1203.463768,6.536232
900,529.391000,1218.000000,1203.462448,14.537552
901,529.425000,1218.000000,1203.461139,14.538861
902,529.460000,1210.000000,1203.459840,6.540160
903,529.494000,1212.000000,1203.458551,8.541449
904,529.528000,1218.000000,1203.457272,14.542728
905,529.562000,1212.000000,1203.456003,8.543997
906,529.597000,1208.000000,1203.454745,4.545255
907,529.631000,1212.000000,1203.453496,8.546504
908,529.665000,1220.000000,1203.452256,16.547744
909,529.699000,1209.000000,1203.451027,5.548973
910,529.734000,1209.000000,1203.449807,5.550193
911,529.768000,1218.000000,1203.448596,14.551404
912,529.802000,1214.000000,1203.447394,10.552606
913,529.836000,1214.000000,1203.446202,10.553798
914,529.871000,1214.000000,1203.445019,10.554981
915,529.905000,1214.000000,1203.443845,10.556155
916,529.939000,1213.000000,1203.442680,9.557320
917,529.973000,1210.000000,1203.441524,6.558476
918,530.007000,1210.000000,1203.440377,6.559623
919,530.042000,1213.000000,1203.439238,9.560762
920,530.076000,1210.000000,1203.438108,6.561892
921,530.110000,1214.000000,1203.436986,10.563014
922,530.144000,1222.000000,1203.435873,18.564127
923,530.179000,1219.000000,1203.434768,15.565232
924,530.213000,1219.000000,1203.433672,15.566328
925,530.247000,1219.000000,1203.432583,15.567417
926,530.281000,1219.000000,1203.431503,15.568497
927,530.316000,1219.000000,1203.430431,15.569569
928,530.350000,1224.000000,1203.429366,20.570634
929,530.384000,1216.000000,1203.428310,12.571690
930,530.418000,1212.000000,1203.427261,8.572739
931,530.452000,1212.000000,1203.426220,8.573780
932,530.487000,1206.000000,1203.425187,2.574813
933,530.521000,1206.000000,1203.424161,2.575839
934,530.555000,1206.000000,1203.423143,2.576857
935,530.589000,1203.000000,1203.422132,-0.422132
936,530.623000,1211.000000,1203.421128,7.578872
937,530.658000,1214.000000,1203.420132,10.579868
938,530.692000,1215.000000,1203.419143,11.580857
939,530.726000,1214.000000,1203.418161,10.581839
940,530.760000,1215.000000,1203.417186,11.582814
941,530.795000,1214.000000,1203.416218,10.583782
942,530.829000,1212.000000,1203.415257,8.584743
943,530.863000,1212.000000,1203.414302,8.585698
944,530.897000,1212.000000,1203.413355,8.586645
945,530.931000,1212.000000,1203.412414,8.587586
946,530.966000,1212.000000,1203.411480,8.588520
947,531.000000,1212.000000,1203.410553,8.589447
948,531.034000,1210.000000,1203.409632,6.590368
949,531.068000,1208.000000,1203.408718,4.591282
950,531.102000,1210.000000,1203.407810,6.592190
951,531.137000,1215.000000,1203.406908,11.593092
952,531.171000,1215.000000,1203.406013,11.593987
953,531.205000,1215.000000,1203.405124,11.594876
954,531.239000,1227.000000,1203.404241,23.595759
955,531.273000,1227.000000,1203.403364,23.596636
956,531.308000,1223.000000,1203.402493,19.597507
957,531.342000,1223.000000,1203.401629,19.598371
958,531.376000,1227.000000,1203.400770,23.599230
959,531.410000,1223.000000,1203.399917,19.600083
960,531.444000,1223.000000,1203.399070,19.600930
961,531.479000,1227.000000,1203.398229,23.601771
962,531.513000,1218.000000,1203.397394,14.602606
963,531.547000,1214.000000,1203.396564,10.603436
964,531.581000,1214.000000,1203.395740,10.604260
965,531.615000,1213.000000,1203.394922,9.605078
966,531.649000,1213.000000,1203.394109,9.605891
967,531.684000,1213.000000,1203.393301,9.606699
968,531.718000,1218.000000,1203.392499,14.607501
969,531.752000,1233.000000,1203.391702,29.608298
970,531.786000,1233.000000,1203.390911,29.609089
971,531.820000,1232.000000,1203.390125,28.609875
972,531.855000,1233.000000,1203.389344,29.610656
973,531.889000,1233.000000,1203.388569,29.611431
974,531.923000,1239.000000,1203.387799,35.612201
975,531.957000,1239.000000,1203.387033,35.612967
976,531.991000,1243.000000,1203.386273,39.613727
977,532.025000,1253.000000,1203.385518,49.614482
978,532.060000,1261.000000,1203.384768,57.615232
979,532.094000,1261.000000,1203.384022,57.615978
980,532.128000,1261.000000,1203.383282,57.616718
981,532.162000,1261.000000,1203.382546,57.617454
982,532.196000,1259.000000,1203.381816,55.618184
983,532.230000,1252.000000,1203.381090,48.618910
984,532.265000,1243.000000,1203.380368,39.619632
985,532.299000,1242.000000,1203.379652,38.620348
986,532.333000,1241.000000,1203.378940,37.621060
987,532.367000,1241.000000,1203.378233,37.621767
988,532.401000,1233.000000,1203.377530,29.622470
989,532.435000,1226.000000,1203.376832,22.623168
990,532.470000,1226.000000,1203.376138,22.623862
991,532.504000,1224.000000,1203.375449,20.624551
992,532.538000,1224.000000,1203.374764,20.625236
993,532.572000,1212.000000,1203.374083,8.625917
994,532.606000,1212.000000,1203.373407,8.626593
995,532.640000,1212.000000,1203.372735,8.627265
996,532.675000,1222.000000,1203.372067,18.627933
997,532.709000,1222.000000,1203.371404,18.628596
998,532.743000,1222.000000,1203.370745,18.629255
999,532.777000,1216.000000,1203.370089,12.629911
1000,532.811000,1216.000000,1203.369439,12.630561
1001,532.845000,1216.000000,1203.368792,12.631208
1002,532.880000,1216.000000,1203.368149,12.631851
1003,532.914000,1213.000000,1203.367510,9.632490
1004,532.948000,1219.000000,1203.366875,15.633125
1005,532.982000,1220.000000,1203.366244,16.633756
1006,533.016000,1209.000000,1203.365617,5.634383
1007,533.050000,1209.000000,1203.364994,5.635006
1008,533.084000,1221.000000,1203.364375,17.635625
1009,533.119000,1225.000000,1203.363759,21.636241
1010,533.153000,1210.000000,1203.363148,6.636852
1011,533.187000,1210.000000,1203.362540,6.637460
1012,533.221000,1224.000000,1203.361936,20.638064
1013,533.255000,1210.000000,1203.361335,6.638665
1014,533.289000,1210.000000,1203.360739,6.639261
1015,533.323000,1212.000000,1203.360145,8.639855
1016,533.358000,1212.000000,1203.359556,8.640444
1017,533.392000,1212.000000,1203.358970,8.641030
1018,533.426000,1212.000000,1203.358388,8.641612
1019,533.460000,1207.000000,1203.357809,3.642191
1020,533.494000,1207.000000,1203.357233,3.642767
1021,533.528000,1207.000000,1203.356661,3.643339
1022,533.562000,1203.500000,1203.356093,0.143907
1023,533.596000,1207.000000,1203.355528,3.644472
