epoch,time,train/box_loss,train/seg_loss,train/cls_loss,train/dfl_loss,train/sem_loss,metrics/precision(B),metrics/recall(B),metrics/mAP50(B),metrics/mAP50-95(B),metrics/precision(M),metrics/recall(M),metrics/mAP50(M),metrics/mAP50-95(M),val/box_loss,val/seg_loss,val/cls_loss,val/dfl_loss,val/sem_loss,lr/pg0,lr/pg1,lr/pg2
1,33.4022,1.2437,3.39056,4.38783,1.18102,0,0.00833,1,0.00846,0.0074,0.00833,1,0.00846,0.00752,0.48441,0.74961,3.98582,0.74371,0,0.00010002,0.00010002,0.00010002
2,66.4728,0.59679,1.28622,2.70149,0.8533,0,0.00863,1,0.00943,0.0092,0.00863,1,0.00943,0.00839,0.33961,0.49455,3.84064,0.71478,0,0.000214565,0.000214565,0.000214565
3,98.9366,0.59778,0.64107,1.54538,0.81992,0,0.00766,1,0.37139,0.33425,0.00766,1,0.37139,0.33471,0.45962,0.32181,3.59728,0.73135,0,0.000326799,0.000326799,0.000326799
4,131.067,0.63631,1.26779,1.40568,0.82474,0,0.00673,1,0.00852,0.00842,0.00673,1,0.00852,0.00781,0.28672,0.56308,3.75403,0.71174,0,0.000436722,0.000436722,0.000436722
5,163.251,0.61171,1.42417,1.63812,0.82781,0,0.00736,1,0.00852,0.00706,0.00736,1,0.00852,0.00746,0.5629,0.65103,3.72486,0.74751,0,0.000544336,0.000544336,0.000544336
6,195.62,0.5602,0.82987,1.44262,0.82323,0,0.00768,1,0.88087,0.82442,0.00768,1,0.88087,0.80788,0.37983,0.44057,3.53435,0.72485,0,0.000649638,0.000649638,0.000649638
7,228.405,0.54874,1.02057,1.20644,0.82968,0,0.0074,1,0.59819,0.54728,0.0074,1,0.59819,0.51807,0.37753,0.86379,3.54299,0.73082,0,0.00075263,0.00075263,0.00075263
8,259.888,0.55274,1.28764,1.19549,0.82111,0,0.00718,1,0.53683,0.51134,0.00718,1,0.53683,0.49666,0.2926,0.38631,3.49449,0.71351,0,0.000853312,0.000853312,0.000853312
9,290.637,0.5242,1.71437,1.27407,0.86313,0,0.00664,1,0.00703,0.00625,0.00664,1,0.00703,0.00597,0.36455,0.89628,3.58427,0.72625,0,0.000951684,0.000951684,0.000951684
10,326.109,0.5325,1.39089,1.30896,0.83355,0,0.00666,1,0.995,0.90587,0.00666,1,0.995,0.85143,0.41554,0.67521,3.27122,0.72534,0,0.00104774,0.00104774,0.00104774
11,356.668,0.52117,0.62006,1.05793,0.82442,0,0.98842,1,0.995,0.98367,0.98842,1,0.995,0.9426,0.30201,0.34275,2.60872,0.71362,0,0.00114149,0.00114149,0.00114149
12,387.698,0.51218,0.6364,1.11381,0.82022,0,0.96377,1,0.995,0.9229,0.96377,1,0.995,0.9175,0.48482,0.28374,2.69574,0.73975,0,0.00123293,0.00123293,0.00123293
13,417.587,0.50178,1.63391,1.19045,0.82637,0,0.9925,1,0.995,0.86885,0.9925,1,0.995,0.87781,0.55336,0.41359,2.51336,0.74838,0,0.00132206,0.00132206,0.00132206
14,448.694,0.52111,0.60997,1.0807,0.83714,0,0.9925,1,0.995,0.86885,0.9925,1,0.995,0.87781,0.55336,0.41359,2.51336,0.74838,0,0.00140888,0.00140888,0.00140888
15,479.172,0.53356,1.09203,1.00487,0.82519,0,0.99269,1,0.995,0.89149,0.99269,1,0.995,0.86203,0.51002,0.41918,1.65587,0.74933,0,0.00143595,0.00143595,0.00143595
16,509.054,0.5059,0.64364,1.05303,0.82396,0,0.99431,1,0.995,0.89788,0.99431,1,0.995,0.83119,0.57077,0.39888,1.38272,0.75428,0,0.00141945,0.00141945,0.00141945
17,539.322,0.50838,0.79908,0.92622,0.80124,0,0.99209,1,0.995,0.90225,0.99209,1,0.995,0.7751,0.50222,0.5414,1.48777,0.72721,0,0.00140295,0.00140295,0.00140295
18,569.222,0.46563,1.29895,0.99977,0.80587,0,0.9824,1,0.995,0.94942,0.9824,1,0.995,0.8587,0.30628,0.45449,1.76314,0.70893,0,0.00138644,0.00138644,0.00138644
19,599.363,0.48314,0.61612,1.0371,0.80149,0,0.99104,1,0.995,0.9531,0.99104,1,0.995,0.88503,0.3715,0.44376,1.40468,0.72112,0,0.00136994,0.00136994,0.00136994
20,629.146,0.52816,0.82991,1.0318,0.80519,0,0.99494,1,0.995,0.966,0.99494,1,0.995,0.90433,0.32008,0.44716,1.05424,0.71012,0,0.00135344,0.00135344,0.00135344
21,659.193,0.44091,1.17313,0.92009,0.8102,0,0.99617,1,0.995,0.90762,0.99617,1,0.995,0.9163,0.40401,0.49154,1.03729,0.71938,0,0.00133693,0.00133693,0.00133693
22,688.914,0.50374,0.53163,0.91408,0.81839,0,0.99617,1,0.995,0.90762,0.99617,1,0.995,0.9163,0.40401,0.49154,1.03729,0.71938,0,0.00132043,0.00132043,0.00132043
23,719.223,0.47379,0.7046,0.87704,0.81854,0,0.99657,1,0.995,0.9778,0.99657,1,0.995,0.9073,0.32759,0.47614,0.93207,0.71035,0,0.00130393,0.00130393,0.00130393
24,748.885,0.45113,0.64036,0.88241,0.83118,0,0.99664,1,0.995,0.94433,0.99664,1,0.995,0.9107,0.29871,0.38655,0.86139,0.70643,0,0.00128742,0.00128742,0.00128742
25,778.765,0.42181,1.03934,0.82976,0.81393,0,0.99669,1,0.995,0.92054,0.99669,1,0.995,0.91807,0.30266,0.34803,0.89028,0.7071,0,0.00127092,0.00127092,0.00127092
26,810.136,0.40056,0.61929,0.78139,0.79097,0,0.99664,1,0.995,0.96625,0.99664,1,0.995,0.90488,0.28956,0.34903,0.8698,0.70402,0,0.00125442,0.00125442,0.00125442
27,841.024,0.38141,0.33194,0.81662,0.79899,0,0.99664,1,0.995,0.97146,0.99664,1,0.995,0.9594,0.32268,0.34706,0.8701,0.71212,0,0.00123791,0.00123791,0.00123791
28,871.42,0.40606,0.39884,0.78786,0.8095,0,0.99664,1,0.995,0.92533,0.99664,1,0.995,0.9009,0.36664,0.32895,0.84201,0.71595,0,0.00122141,0.00122141,0.00122141
29,901.813,0.37736,0.88117,0.81543,0.82497,0,0.99653,1,0.995,0.91174,0.99653,1,0.995,0.85865,0.39422,0.34609,0.77479,0.71389,0,0.00120491,0.00120491,0.00120491
30,931.76,0.3997,1.36997,0.80224,0.8283,0,0.99653,1,0.995,0.91174,0.99653,1,0.995,0.85865,0.39422,0.34609,0.77479,0.71389,0,0.0011884,0.0011884,0.0011884
31,961.51,0.39727,0.81498,0.87069,0.80623,0,0.99621,1,0.995,0.95134,0.99621,1,0.995,0.92904,0.31766,0.39411,0.76559,0.70462,0,0.0011719,0.0011719,0.0011719
32,991.48,0.369,0.61595,0.77956,0.83091,0,0.99667,1,0.995,0.9815,0.99667,1,0.995,0.91852,0.27897,0.49821,0.71294,0.70452,0,0.0011554,0.0011554,0.0011554
33,1021.56,0.36193,0.65805,0.75314,0.8096,0,0.99674,1,0.995,0.96992,0.99674,1,0.995,0.89993,0.30266,0.45653,0.73459,0.7094,0,0.00113889,0.00113889,0.00113889
34,1051.65,0.37785,0.97583,0.68301,0.8223,0,0.99643,1,0.995,0.98853,0.99643,1,0.995,0.90202,0.31397,0.43222,0.78093,0.71129,0,0.00112239,0.00112239,0.00112239
35,1082.12,0.34256,0.4041,0.64382,0.80593,0,0.9965,1,0.995,0.97667,0.9965,1,0.995,0.90375,0.30547,0.37236,0.81926,0.71035,0,0.00110589,0.00110589,0.00110589
36,1111.92,0.37018,1.06976,0.69721,0.82003,0,0.99662,1,0.995,0.9776,0.99662,1,0.995,0.91723,0.30747,0.39235,0.85914,0.71148,0,0.00108938,0.00108938,0.00108938
37,1141.97,0.38122,0.34178,0.72528,0.8337,0,0.99648,1,0.995,0.96972,0.99648,1,0.995,0.91177,0.30907,0.38542,0.74958,0.70859,0,0.00107288,0.00107288,0.00107288
38,1171.8,0.33367,0.86927,0.71801,0.7993,0,0.99648,1,0.995,0.96972,0.99648,1,0.995,0.91177,0.30907,0.38542,0.74958,0.70859,0,0.00105638,0.00105638,0.00105638
39,1201.3,0.41341,0.82627,0.73089,0.79635,0,0.99658,1,0.995,0.94667,0.99658,1,0.995,0.91247,0.38185,0.34477,0.70525,0.71379,0,0.00103987,0.00103987,0.00103987
40,1232.54,0.33574,0.49215,0.68871,0.7821,0,0.9967,1,0.995,0.936,0.9967,1,0.995,0.88638,0.39497,0.62806,0.70812,0.71532,0,0.00102337,0.00102337,0.00102337
41,1262,0.33804,0.36604,0.70659,0.7726,0,0.99661,1,0.995,0.96508,0.99661,1,0.995,0.906,0.28454,0.52948,0.64182,0.7068,0,0.00100687,0.00100687,0.00100687
42,1291.35,0.33283,1.13172,0.69511,0.8074,0,0.99651,1,0.995,0.995,0.99651,1,0.995,0.9078,0.251,0.32376,0.63686,0.70119,0,0.000990365,0.000990365,0.000990365
43,1320.31,0.30461,0.72542,0.75247,0.79263,0,0.99643,1,0.995,0.995,0.99643,1,0.995,0.91984,0.28385,0.31293,0.63853,0.70237,0,0.000973861,0.000973861,0.000973861
44,1349.45,0.35488,0.48256,0.70065,0.8091,0,0.99642,1,0.995,0.98807,0.99642,1,0.995,0.94583,0.27076,0.30331,0.66849,0.70512,0,0.000957358,0.000957358,0.000957358
45,1380.53,0.35903,0.38072,0.65558,0.80461,0,0.99629,1,0.995,0.98807,0.99629,1,0.995,0.93825,0.27755,0.31671,0.67881,0.7087,0,0.000940855,0.000940855,0.000940855
46,1409.6,0.36622,0.70589,0.64683,0.81584,0,0.99629,1,0.995,0.98807,0.99629,1,0.995,0.93825,0.27755,0.31671,0.67881,0.7087,0,0.000924352,0.000924352,0.000924352
47,1440.13,0.34882,1.56112,0.63939,0.82605,0,0.99621,1,0.995,0.9669,0.99621,1,0.995,0.9346,0.31589,0.30729,0.69281,0.71379,0,0.000907848,0.000907848,0.000907848
48,1470.11,0.34659,1.13104,0.59178,0.82965,0,0.99618,1,0.995,0.94213,0.99618,1,0.995,0.93143,0.3329,0.28737,0.69855,0.71494,0,0.000891345,0.000891345,0.000891345
49,1499.71,0.3782,0.63616,0.63315,0.80559,0,0.99626,1,0.995,0.9494,0.99626,1,0.995,0.88999,0.32827,0.45025,0.68353,0.71217,0,0.000874842,0.000874842,0.000874842
50,1532.35,0.37475,0.51909,0.61423,0.81854,0,0.99621,1,0.995,0.97414,0.9298,0.93333,0.87267,0.81402,0.304,1.33908,0.66726,0.71197,0,0.000858338,0.000858338,0.000858338
51,1561.92,0.32122,0.44635,0.6303,0.78597,0,0.99632,1,0.995,0.98277,0.9299,0.93333,0.87267,0.81253,0.28737,1.19987,0.68293,0.70945,0,0.000841835,0.000841835,0.000841835
52,1591.24,0.31592,0.62753,0.58022,0.80039,0,0.99652,1,0.995,0.97047,0.99652,1,0.995,0.92404,0.27028,0.43311,0.66812,0.70914,0,0.000825332,0.000825332,0.000825332
53,1619.65,0.33707,0.53365,0.59786,0.79979,0,0.99664,1,0.995,0.995,0.99664,1,0.995,0.9104,0.23909,0.31563,0.6362,0.70944,0,0.000808828,0.000808828,0.000808828
54,1647.71,0.36183,0.8987,0.55589,0.79845,0,0.99664,1,0.995,0.995,0.99664,1,0.995,0.9104,0.23909,0.31563,0.6362,0.70944,0,0.000792325,0.000792325,0.000792325
55,1675.12,0.32938,0.56177,0.58054,0.8144,0,0.99664,1,0.995,0.9832,0.99664,1,0.995,0.90973,0.26261,0.32107,0.6286,0.71048,0,0.000775822,0.000775822,0.000775822
56,1703.32,0.32236,0.3905,0.53985,0.79545,0,0.99663,1,0.995,0.98453,0.99663,1,0.995,0.90927,0.25016,0.3144,0.62281,0.71011,0,0.000759318,0.000759318,0.000759318
57,1731.65,0.33567,0.4385,0.5567,0.81942,0,0.99664,1,0.995,0.97504,0.99664,1,0.995,0.90327,0.24976,0.29898,0.606,0.70943,0,0.000742815,0.000742815,0.000742815
58,1762.98,0.31662,0.39799,0.55666,0.79742,0,0.99659,1,0.995,0.97307,0.99659,1,0.995,0.90356,0.24611,0.29789,0.59844,0.70759,0,0.000726312,0.000726312,0.000726312
59,1791.09,0.29514,0.96019,0.55864,0.79507,0,0.99651,1,0.995,0.995,0.99651,1,0.995,0.9135,0.21574,0.30072,0.57979,0.7035,0,0.000709809,0.000709809,0.000709809
60,1818.54,0.29966,0.31491,0.56321,0.80255,0,0.99649,1,0.995,0.995,0.99649,1,0.995,0.9135,0.19546,0.28439,0.56252,0.70147,0,0.000693305,0.000693305,0.000693305
61,1846.4,0.31962,0.49524,0.54523,0.78962,0,0.9965,1,0.995,0.98767,0.9965,1,0.995,0.9255,0.24187,0.2854,0.55165,0.70275,0,0.000676802,0.000676802,0.000676802
62,1873.92,0.35069,0.38078,0.5665,0.80281,0,0.9965,1,0.995,0.98767,0.9965,1,0.995,0.9255,0.24187,0.2854,0.55165,0.70275,0,0.000660299,0.000660299,0.000660299
63,1901.9,0.31687,0.37157,0.56895,0.78509,0,0.99651,1,0.995,0.9872,0.99651,1,0.995,0.92206,0.22503,0.27967,0.56117,0.70053,0,0.000643795,0.000643795,0.000643795
64,1929.65,0.31295,0.27821,0.54841,0.79153,0,0.99651,1,0.995,0.995,0.99651,1,0.995,0.91027,0.19461,0.27889,0.51968,0.69882,0,0.000627292,0.000627292,0.000627292
65,1957.82,0.29323,0.65643,0.52417,0.7794,0,0.99652,1,0.995,0.995,0.99652,1,0.995,0.9045,0.19752,0.28062,0.53235,0.70141,0,0.000610789,0.000610789,0.000610789
66,1985.53,0.28716,0.98787,0.52377,0.7912,0,0.99657,1,0.995,0.995,0.99657,1,0.995,0.90555,0.22115,0.28824,0.53221,0.70237,0,0.000594286,0.000594286,0.000594286
67,2013.41,0.2967,0.53638,0.50113,0.79219,0,0.99654,1,0.995,0.98407,0.99654,1,0.995,0.90804,0.25073,0.28844,0.5565,0.70575,0,0.000577782,0.000577782,0.000577782
68,2041.11,0.30271,0.65699,0.53858,0.77884,0,0.99657,1,0.995,0.97577,0.99657,1,0.995,0.90997,0.25166,0.27363,0.5473,0.70657,0,0.000561279,0.000561279,0.000561279
69,2068.97,0.27853,0.42905,0.49508,0.79758,0,0.99655,1,0.995,0.95291,0.99655,1,0.995,0.91373,0.24489,0.26912,0.53392,0.70643,0,0.000544776,0.000544776,0.000544776
70,2096.91,0.26689,0.37316,0.48146,0.78176,0,0.99655,1,0.995,0.95291,0.99655,1,0.995,0.91373,0.24489,0.26912,0.53392,0.70643,0,0.000528272,0.000528272,0.000528272
71,2125.28,0.26792,0.38843,0.4661,0.81587,0,0.99661,1,0.995,0.98367,0.99661,1,0.995,0.9061,0.23436,0.28161,0.52689,0.70474,0,0.000511769,0.000511769,0.000511769
72,2153.7,0.28638,0.35867,0.51023,0.82286,0,0.99671,1,0.995,0.98367,0.99671,1,0.995,0.90433,0.23205,0.29109,0.5135,0.70384,0,0.000495266,0.000495266,0.000495266
73,2181.27,0.27521,0.91156,0.48535,0.77979,0,0.99668,1,0.995,0.98367,0.99668,1,0.995,0.90746,0.22864,0.28633,0.4993,0.70375,0,0.000478762,0.000478762,0.000478762
74,2209.38,0.25784,0.47867,0.46737,0.79552,0,0.99671,1,0.995,0.98277,0.99671,1,0.995,0.90175,0.22595,0.28062,0.48965,0.70417,0,0.000462259,0.000462259,0.000462259
75,2239.81,0.26764,0.38686,0.48054,0.77822,0,0.99664,1,0.995,0.995,0.99664,1,0.995,0.905,0.22288,0.28101,0.47645,0.70306,0,0.000445756,0.000445756,0.000445756
76,2267.13,0.25135,0.35112,0.48308,0.76611,0,0.99665,1,0.995,0.995,0.99665,1,0.995,0.905,0.2016,0.27538,0.47018,0.69893,0,0.000429253,0.000429253,0.000429253
77,2294.95,0.27093,0.61871,0.4742,0.79842,0,0.99655,1,0.995,0.995,0.99655,1,0.995,0.90092,0.2074,0.26921,0.46257,0.69975,0,0.000412749,0.000412749,0.000412749
78,2322.68,0.3053,0.4621,0.48503,0.80087,0,0.99655,1,0.995,0.995,0.99655,1,0.995,0.90092,0.2074,0.26921,0.46257,0.69975,0,0.000396246,0.000396246,0.000396246
79,2350.63,0.32443,0.61838,0.49006,0.79384,0,0.99657,1,0.995,0.98277,0.99657,1,0.995,0.90082,0.22147,0.26483,0.45338,0.70168,0,0.000379743,0.000379743,0.000379743
80,2380.75,0.27236,0.55232,0.46127,0.78918,0,0.99653,1,0.995,0.9832,0.99653,1,0.995,0.90698,0.23108,0.26254,0.45284,0.70242,0,0.000363239,0.000363239,0.000363239
81,2412.49,0.27136,0.48358,0.45457,0.78535,0,0.99658,1,0.995,0.995,0.99658,1,0.995,0.90092,0.20842,0.26233,0.4428,0.69955,0,0.000346736,0.000346736,0.000346736
82,2442.69,0.2804,0.48885,0.47221,0.82624,0,0.99661,1,0.995,0.995,0.99661,1,0.995,0.9,0.19233,0.26361,0.43136,0.69859,0,0.000330233,0.000330233,0.000330233
83,2469.79,0.28663,0.49343,0.47671,0.78279,0,0.99665,1,0.995,0.995,0.99665,1,0.995,0.9,0.18611,0.26685,0.4301,0.69871,0,0.000313729,0.000313729,0.000313729
84,2498.05,0.25864,0.30982,0.47174,0.7899,0,0.99669,1,0.995,0.995,0.99669,1,0.995,0.9,0.1855,0.2718,0.43398,0.6995,0,0.000297226,0.000297226,0.000297226
85,2525.76,0.26574,0.62328,0.43528,0.80765,0,0.99668,1,0.995,0.995,0.99668,1,0.995,0.9,0.1821,0.2753,0.43238,0.69911,0,0.000280723,0.000280723,0.000280723
86,2553.59,0.25611,0.41855,0.46291,0.79344,0,0.99668,1,0.995,0.995,0.99668,1,0.995,0.9,0.1821,0.2753,0.43238,0.69911,0,0.00026422,0.00026422,0.00026422
87,2580.87,0.24344,0.28793,0.44775,0.78287,0,0.99669,1,0.995,0.995,0.99669,1,0.995,0.9,0.18081,0.27465,0.4249,0.69932,0,0.000247716,0.000247716,0.000247716
88,2609.07,0.24977,0.54175,0.4429,0.81008,0,0.99663,1,0.995,0.995,0.99663,1,0.995,0.9,0.18323,0.26973,0.42856,0.69914,0,0.000231213,0.000231213,0.000231213
89,2636.47,0.25921,0.27681,0.46457,0.8094,0,0.99659,1,0.995,0.995,0.99659,1,0.995,0.9,0.19,0.2637,0.43134,0.69913,0,0.00021471,0.00021471,0.00021471
90,2663.89,0.24018,0.27753,0.44451,0.77868,0,0.99666,1,0.995,0.995,0.99666,1,0.995,0.9,0.19311,0.25829,0.42501,0.69917,0,0.000198206,0.000198206,0.000198206
91,2691.11,0.19307,0.28333,0.47676,0.77486,0,0.99665,1,0.995,0.995,0.99665,1,0.995,0.90658,0.18941,0.25544,0.41443,0.69903,0,0.000181703,0.000181703,0.000181703
92,2719.94,0.18701,0.2809,0.48544,0.77083,0,0.99663,1,0.995,0.985,0.99663,1,0.995,0.90658,0.18243,0.25711,0.40974,0.69934,0,0.0001652,0.0001652,0.0001652
93,2755.43,0.17791,0.29288,0.47621,0.7732,0,0.99667,1,0.995,0.985,0.99667,1,0.995,0.90913,0.17717,0.25972,0.40686,0.70041,0,0.000148696,0.000148696,0.000148696
94,2782.71,0.19091,0.71523,0.46716,0.77357,0,0.99667,1,0.995,0.985,0.99667,1,0.995,0.90913,0.17717,0.25972,0.40686,0.70041,0,0.000132193,0.000132193,0.000132193
95,2810.26,0.20244,0.39901,0.47267,0.7738,0,0.99669,1,0.995,0.985,0.99669,1,0.995,0.90953,0.17989,0.26101,0.41034,0.70105,0,0.00011569,0.00011569,0.00011569
96,2839.71,0.21093,0.83811,0.48733,0.77196,0,0.99672,1,0.995,0.985,0.99672,1,0.995,0.90953,0.18278,0.26177,0.41282,0.70148,0,9.91865e-05,9.91865e-05,9.91865e-05
97,2876.46,0.19617,0.28743,0.48821,0.78564,0,0.99673,1,0.995,0.985,0.99673,1,0.995,0.9096,0.18454,0.26117,0.41461,0.70156,0,8.26832e-05,8.26832e-05,8.26832e-05
98,2907.61,0.19577,0.38646,0.48408,0.80351,0,0.99669,1,0.995,0.98587,0.99669,1,0.995,0.91105,0.18575,0.26064,0.41526,0.70169,0,6.61799e-05,6.61799e-05,6.61799e-05
99,2948.93,0.1922,0.32681,0.48042,0.76487,0,0.99669,1,0.995,0.98587,0.99669,1,0.995,0.91105,0.1889,0.26011,0.41329,0.70191,0,4.96766e-05,4.96766e-05,4.96766e-05
100,2976.16,0.19674,0.57753,0.47397,0.76944,0,0.99675,1,0.995,0.98587,0.99675,1,0.995,0.91105,0.18855,0.25944,0.41253,0.70167,0,3.31733e-05,3.31733e-05,3.31733e-05
