source_csv,output_dir,ok,reason,x_column,y_column,n_points,fit_x_min,fit_x_max,y0,z,w,c,peak_height_z_over_w,r2,rmse,curve_csv,params_json,plot_png
E:\jupyter file\2_Optics\8821L\Utils\AutoZoom\lorenzt\光谱\cycle_0028_195741_466_spectrum.csv,E:\jupyter file\2_Optics\8821L\Utils\AutoZoom\lorenzt\光谱\lorentz_fit_output\cycle_0028_195741_466_spectrum,True,ok,wavelength,median_filtered_y,347,510.003,521.972,1112.6303815392866,42.26837870606033,0.8178686021543156,516.2540161152735,51.68113630321895,0.8278268832707123,4.888890493639167,E:\jupyter file\2_Optics\8821L\Utils\AutoZoom\lorenzt\光谱\lorentz_fit_output\cycle_0028_195741_466_spectrum\cycle_0028_195741_466_spectrum_lorentz_fit_curve.csv,E:\jupyter file\2_Optics\8821L\Utils\AutoZoom\lorenzt\光谱\lorentz_fit_output\cycle_0028_195741_466_spectrum\cycle_0028_195741_466_spectrum_lorentz_fit_params.json,E:\jupyter file\2_Optics\8821L\Utils\AutoZoom\lorenzt\光谱\lorentz_fit_output\cycle_0028_195741_466_spectrum\cycle_0028_195741_466_spectrum_lorentz_fit.png
E:\jupyter file\2_Optics\8821L\Utils\AutoZoom\lorenzt\光谱\cycle_0029_200357_861_spectrum.csv,E:\jupyter file\2_Optics\8821L\Utils\AutoZoom\lorenzt\光谱\lorentz_fit_output\cycle_0029_200357_861_spectrum,True,ok,wavelength,median_filtered_y,347,510.003,521.972,1112.501781951482,40.55381868579651,0.868054234049121,516.2790605178453,46.71807024847905,0.8010467787785658,4.941640556911007,E:\jupyter file\2_Optics\8821L\Utils\AutoZoom\lorenzt\光谱\lorentz_fit_output\cycle_0029_200357_861_spectrum\cycle_0029_200357_861_spectrum_lorentz_fit_curve.csv,E:\jupyter file\2_Optics\8821L\Utils\AutoZoom\lorenzt\光谱\lorentz_fit_output\cycle_0029_200357_861_spectrum\cycle_0029_200357_861_spectrum_lorentz_fit_params.json,E:\jupyter file\2_Optics\8821L\Utils\AutoZoom\lorenzt\光谱\lorentz_fit_output\cycle_0029_200357_861_spectrum\cycle_0029_200357_861_spectrum_lorentz_fit.png
E:\jupyter file\2_Optics\8821L\Utils\AutoZoom\lorenzt\光谱\cycle_0030_200431_297_spectrum.csv,E:\jupyter file\2_Optics\8821L\Utils\AutoZoom\lorenzt\光谱\lorentz_fit_output\cycle_0030_200431_297_spectrum,True,ok,wavelength,median_filtered_y,347,510.003,521.972,1111.9436934190974,38.627217953225305,0.8127664830118094,516.3042319413902,47.525603922650994,0.7742283414928968,5.31057141743849,E:\jupyter file\2_Optics\8821L\Utils\AutoZoom\lorenzt\光谱\lorentz_fit_output\cycle_0030_200431_297_spectrum\cycle_0030_200431_297_spectrum_lorentz_fit_curve.csv,E:\jupyter file\2_Optics\8821L\Utils\AutoZoom\lorenzt\光谱\lorentz_fit_output\cycle_0030_200431_297_spectrum\cycle_0030_200431_297_spectrum_lorentz_fit_params.json,E:\jupyter file\2_Optics\8821L\Utils\AutoZoom\lorenzt\光谱\lorentz_fit_output\cycle_0030_200431_297_spectrum\cycle_0030_200431_297_spectrum_lorentz_fit.png
E:\jupyter file\2_Optics\8821L\Utils\AutoZoom\lorenzt\光谱\cycle_0031_200605_639_spectrum.csv,E:\jupyter file\2_Optics\8821L\Utils\AutoZoom\lorenzt\光谱\lorentz_fit_output\cycle_0031_200605_639_spectrum,True,ok,wavelength,median_filtered_y,347,510.003,521.972,1112.949107528026,52.07690043623909,1.0716070349734619,516.2914402109354,48.59701246504859,0.8044835869586343,5.494887463295602,E:\jupyter file\2_Optics\8821L\Utils\AutoZoom\lorenzt\光谱\lorentz_fit_output\cycle_0031_200605_639_spectrum\cycle_0031_200605_639_spectrum_lorentz_fit_curve.csv,E:\jupyter file\2_Optics\8821L\Utils\AutoZoom\lorenzt\光谱\lorentz_fit_output\cycle_0031_200605_639_spectrum\cycle_0031_200605_639_spectrum_lorentz_fit_params.json,E:\jupyter file\2_Optics\8821L\Utils\AutoZoom\lorenzt\光谱\lorentz_fit_output\cycle_0031_200605_639_spectrum\cycle_0031_200605_639_spectrum_lorentz_fit.png
E:\jupyter file\2_Optics\8821L\Utils\AutoZoom\lorenzt\光谱\cycle_0032_200744_449_spectrum.csv,E:\jupyter file\2_Optics\8821L\Utils\AutoZoom\lorenzt\光谱\lorentz_fit_output\cycle_0032_200744_449_spectrum,True,ok,wavelength,median_filtered_y,347,510.003,521.972,1114.0694497170518,48.4675639944734,0.9268722127547878,516.1934698791994,52.291527707386265,0.739289765056145,6.756047552241011,E:\jupyter file\2_Optics\8821L\Utils\AutoZoom\lorenzt\光谱\lorentz_fit_output\cycle_0032_200744_449_spectrum\cycle_0032_200744_449_spectrum_lorentz_fit_curve.csv,E:\jupyter file\2_Optics\8821L\Utils\AutoZoom\lorenzt\光谱\lorentz_fit_output\cycle_0032_200744_449_spectrum\cycle_0032_200744_449_spectrum_lorentz_fit_params.json,E:\jupyter file\2_Optics\8821L\Utils\AutoZoom\lorenzt\光谱\lorentz_fit_output\cycle_0032_200744_449_spectrum\cycle_0032_200744_449_spectrum_lorentz_fit.png
E:\jupyter file\2_Optics\8821L\Utils\AutoZoom\lorenzt\光谱\cycle_0033_200915_187_spectrum.csv,E:\jupyter file\2_Optics\8821L\Utils\AutoZoom\lorenzt\光谱\lorentz_fit_output\cycle_0033_200915_187_spectrum,True,ok,wavelength,median_filtered_y,347,510.003,521.972,1117.066824118877,59.013508336208716,1.028653976603336,516.3364610231513,57.369640013519515,0.8298418124771612,5.872320026051385,E:\jupyter file\2_Optics\8821L\Utils\AutoZoom\lorenzt\光谱\lorentz_fit_output\cycle_0033_200915_187_spectrum\cycle_0033_200915_187_spectrum_lorentz_fit_curve.csv,E:\jupyter file\2_Optics\8821L\Utils\AutoZoom\lorenzt\光谱\lorentz_fit_output\cycle_0033_200915_187_spectrum\cycle_0033_200915_187_spectrum_lorentz_fit_params.json,E:\jupyter file\2_Optics\8821L\Utils\AutoZoom\lorenzt\光谱\lorentz_fit_output\cycle_0033_200915_187_spectrum\cycle_0033_200915_187_spectrum_lorentz_fit.png
E:\jupyter file\2_Optics\8821L\Utils\AutoZoom\lorenzt\光谱\cycle_0034_200945_779_spectrum.csv,E:\jupyter file\2_Optics\8821L\Utils\AutoZoom\lorenzt\光谱\lorentz_fit_output\cycle_0034_200945_779_spectrum,True,ok,wavelength,median_filtered_y,347,510.003,521.972,1114.159243748055,56.18704868672828,0.8857915609475887,516.3072743714915,63.43145629725954,0.8382244596436118,5.960326469604633,E:\jupyter file\2_Optics\8821L\Utils\AutoZoom\lorenzt\光谱\lorentz_fit_output\cycle_0034_200945_779_spectrum\cycle_0034_200945_779_spectrum_lorentz_fit_curve.csv,E:\jupyter file\2_Optics\8821L\Utils\AutoZoom\lorenzt\光谱\lorentz_fit_output\cycle_0034_200945_779_spectrum\cycle_0034_200945_779_spectrum_lorentz_fit_params.json,E:\jupyter file\2_Optics\8821L\Utils\AutoZoom\lorenzt\光谱\lorentz_fit_output\cycle_0034_200945_779_spectrum\cycle_0034_200945_779_spectrum_lorentz_fit.png
E:\jupyter file\2_Optics\8821L\Utils\AutoZoom\lorenzt\光谱\cycle_0035_201101_036_spectrum.csv,E:\jupyter file\2_Optics\8821L\Utils\AutoZoom\lorenzt\光谱\lorentz_fit_output\cycle_0035_201101_036_spectrum,True,ok,wavelength,median_filtered_y,347,510.003,521.972,1112.9877003235588,64.44162794541431,0.8906814669853231,516.2472433180764,72.35092491991438,0.8238719208922414,7.169936358680868,E:\jupyter file\2_Optics\8821L\Utils\AutoZoom\lorenzt\光谱\lorentz_fit_output\cycle_0035_201101_036_spectrum\cycle_0035_201101_036_spectrum_lorentz_fit_curve.csv,E:\jupyter file\2_Optics\8821L\Utils\AutoZoom\lorenzt\光谱\lorentz_fit_output\cycle_0035_201101_036_spectrum\cycle_0035_201101_036_spectrum_lorentz_fit_params.json,E:\jupyter file\2_Optics\8821L\Utils\AutoZoom\lorenzt\光谱\lorentz_fit_output\cycle_0035_201101_036_spectrum\cycle_0035_201101_036_spectrum_lorentz_fit.png
E:\jupyter file\2_Optics\8821L\Utils\AutoZoom\lorenzt\光谱\cycle_0036_201133_953_spectrum.csv,E:\jupyter file\2_Optics\8821L\Utils\AutoZoom\lorenzt\光谱\lorentz_fit_output\cycle_0036_201133_953_spectrum,True,ok,wavelength,median_filtered_y,347,510.003,521.972,1113.3257344277733,77.46792718970222,1.0780905147717381,516.3479263234601,71.85660770432095,0.899106528775945,5.532822310420777,E:\jupyter file\2_Optics\8821L\Utils\AutoZoom\lorenzt\光谱\lorentz_fit_output\cycle_0036_201133_953_spectrum\cycle_0036_201133_953_spectrum_lorentz_fit_curve.csv,E:\jupyter file\2_Optics\8821L\Utils\AutoZoom\lorenzt\光谱\lorentz_fit_output\cycle_0036_201133_953_spectrum\cycle_0036_201133_953_spectrum_lorentz_fit_params.json,E:\jupyter file\2_Optics\8821L\Utils\AutoZoom\lorenzt\光谱\lorentz_fit_output\cycle_0036_201133_953_spectrum\cycle_0036_201133_953_spectrum_lorentz_fit.png
E:\jupyter file\2_Optics\8821L\Utils\AutoZoom\lorenzt\光谱\cycle_0037_201258_959_spectrum.csv,E:\jupyter file\2_Optics\8821L\Utils\AutoZoom\lorenzt\光谱\lorentz_fit_output\cycle_0037_201258_959_spectrum,True,ok,wavelength,median_filtered_y,347,510.003,521.972,1113.4821069555035,71.96589366710688,0.9609830408460596,516.2061895201446,74.88778740959607,0.8818924356051212,6.043088364352966,E:\jupyter file\2_Optics\8821L\Utils\AutoZoom\lorenzt\光谱\lorentz_fit_output\cycle_0037_201258_959_spectrum\cycle_0037_201258_959_spectrum_lorentz_fit_curve.csv,E:\jupyter file\2_Optics\8821L\Utils\AutoZoom\lorenzt\光谱\lorentz_fit_output\cycle_0037_201258_959_spectrum\cycle_0037_201258_959_spectrum_lorentz_fit_params.json,E:\jupyter file\2_Optics\8821L\Utils\AutoZoom\lorenzt\光谱\lorentz_fit_output\cycle_0037_201258_959_spectrum\cycle_0037_201258_959_spectrum_lorentz_fit.png
E:\jupyter file\2_Optics\8821L\Utils\AutoZoom\lorenzt\光谱\cycle_0038_201332_377_spectrum.csv,E:\jupyter file\2_Optics\8821L\Utils\AutoZoom\lorenzt\光谱\lorentz_fit_output\cycle_0038_201332_377_spectrum,True,ok,wavelength,median_filtered_y,347,510.003,521.972,1114.8024824605845,67.75925714600996,0.892058160859145,516.3372943526069,75.95834007140378,0.8612004702649902,6.539933487197425,E:\jupyter file\2_Optics\8821L\Utils\AutoZoom\lorenzt\光谱\lorentz_fit_output\cycle_0038_201332_377_spectrum\cycle_0038_201332_377_spectrum_lorentz_fit_curve.csv,E:\jupyter file\2_Optics\8821L\Utils\AutoZoom\lorenzt\光谱\lorentz_fit_output\cycle_0038_201332_377_spectrum\cycle_0038_201332_377_spectrum_lorentz_fit_params.json,E:\jupyter file\2_Optics\8821L\Utils\AutoZoom\lorenzt\光谱\lorentz_fit_output\cycle_0038_201332_377_spectrum\cycle_0038_201332_377_spectrum_lorentz_fit.png
E:\jupyter file\2_Optics\8821L\Utils\AutoZoom\lorenzt\光谱\cycle_0039_201503_271_spectrum.csv,E:\jupyter file\2_Optics\8821L\Utils\AutoZoom\lorenzt\光谱\lorentz_fit_output\cycle_0039_201503_271_spectrum,True,ok,wavelength,median_filtered_y,347,510.003,521.972,1113.10197956045,70.36572825893766,0.8728148398495271,516.2316785764498,80.61930783746605,0.8909401788457165,5.999129017034375,E:\jupyter file\2_Optics\8821L\Utils\AutoZoom\lorenzt\光谱\lorentz_fit_output\cycle_0039_201503_271_spectrum\cycle_0039_201503_271_spectrum_lorentz_fit_curve.csv,E:\jupyter file\2_Optics\8821L\Utils\AutoZoom\lorenzt\光谱\lorentz_fit_output\cycle_0039_201503_271_spectrum\cycle_0039_201503_271_spectrum_lorentz_fit_params.json,E:\jupyter file\2_Optics\8821L\Utils\AutoZoom\lorenzt\光谱\lorentz_fit_output\cycle_0039_201503_271_spectrum\cycle_0039_201503_271_spectrum_lorentz_fit.png
E:\jupyter file\2_Optics\8821L\Utils\AutoZoom\lorenzt\光谱\cycle_0040_201619_052_spectrum.csv,E:\jupyter file\2_Optics\8821L\Utils\AutoZoom\lorenzt\光谱\lorentz_fit_output\cycle_0040_201619_052_spectrum,True,ok,wavelength,median_filtered_y,347,510.003,521.972,1111.7008706316808,69.13535201997661,0.9239056683397496,516.3240020529615,74.82944892438232,0.8601356189204036,6.557367980957464,E:\jupyter file\2_Optics\8821L\Utils\AutoZoom\lorenzt\光谱\lorentz_fit_output\cycle_0040_201619_052_spectrum\cycle_0040_201619_052_spectrum_lorentz_fit_curve.csv,E:\jupyter file\2_Optics\8821L\Utils\AutoZoom\lorenzt\光谱\lorentz_fit_output\cycle_0040_201619_052_spectrum\cycle_0040_201619_052_spectrum_lorentz_fit_params.json,E:\jupyter file\2_Optics\8821L\Utils\AutoZoom\lorenzt\光谱\lorentz_fit_output\cycle_0040_201619_052_spectrum\cycle_0040_201619_052_spectrum_lorentz_fit.png
E:\jupyter file\2_Optics\8821L\Utils\AutoZoom\lorenzt\光谱\cycle_0041_201651_861_spectrum.csv,E:\jupyter file\2_Optics\8821L\Utils\AutoZoom\lorenzt\光谱\lorentz_fit_output\cycle_0041_201651_861_spectrum,True,ok,wavelength,median_filtered_y,347,510.003,521.972,1113.2216262787542,66.26417724605332,0.8843611934196114,516.3170645593246,74.9288613511248,0.8780549159512885,5.968910076575683,E:\jupyter file\2_Optics\8821L\Utils\AutoZoom\lorenzt\光谱\lorentz_fit_output\cycle_0041_201651_861_spectrum\cycle_0041_201651_861_spectrum_lorentz_fit_curve.csv,E:\jupyter file\2_Optics\8821L\Utils\AutoZoom\lorenzt\光谱\lorentz_fit_output\cycle_0041_201651_861_spectrum\cycle_0041_201651_861_spectrum_lorentz_fit_params.json,E:\jupyter file\2_Optics\8821L\Utils\AutoZoom\lorenzt\光谱\lorentz_fit_output\cycle_0041_201651_861_spectrum\cycle_0041_201651_861_spectrum_lorentz_fit.png
E:\jupyter file\2_Optics\8821L\Utils\AutoZoom\lorenzt\光谱\cycle_0042_201801_515_spectrum.csv,E:\jupyter file\2_Optics\8821L\Utils\AutoZoom\lorenzt\光谱\lorentz_fit_output\cycle_0042_201801_515_spectrum,True,ok,wavelength,median_filtered_y,347,510.003,521.972,1112.1223315314073,72.47864058417497,0.9508315324146255,516.2627881974673,76.22658495571378,0.8881428699926626,5.94177393963616,E:\jupyter file\2_Optics\8821L\Utils\AutoZoom\lorenzt\光谱\lorentz_fit_output\cycle_0042_201801_515_spectrum\cycle_0042_201801_515_spectrum_lorentz_fit_curve.csv,E:\jupyter file\2_Optics\8821L\Utils\AutoZoom\lorenzt\光谱\lorentz_fit_output\cycle_0042_201801_515_spectrum\cycle_0042_201801_515_spectrum_lorentz_fit_params.json,E:\jupyter file\2_Optics\8821L\Utils\AutoZoom\lorenzt\光谱\lorentz_fit_output\cycle_0042_201801_515_spectrum\cycle_0042_201801_515_spectrum_lorentz_fit.png
E:\jupyter file\2_Optics\8821L\Utils\AutoZoom\lorenzt\光谱\cycle_0043_201835_662_spectrum.csv,E:\jupyter file\2_Optics\8821L\Utils\AutoZoom\lorenzt\光谱\lorentz_fit_output\cycle_0043_201835_662_spectrum,True,ok,wavelength,median_filtered_y,347,510.003,521.972,1113.6411587643215,66.180013368008,0.9785762102925003,516.2789440387143,67.62888027722086,0.8493284769698266,6.323133310257899,E:\jupyter file\2_Optics\8821L\Utils\AutoZoom\lorenzt\光谱\lorentz_fit_output\cycle_0043_201835_662_spectrum\cycle_0043_201835_662_spectrum_lorentz_fit_curve.csv,E:\jupyter file\2_Optics\8821L\Utils\AutoZoom\lorenzt\光谱\lorentz_fit_output\cycle_0043_201835_662_spectrum\cycle_0043_201835_662_spectrum_lorentz_fit_params.json,E:\jupyter file\2_Optics\8821L\Utils\AutoZoom\lorenzt\光谱\lorentz_fit_output\cycle_0043_201835_662_spectrum\cycle_0043_201835_662_spectrum_lorentz_fit.png
E:\jupyter file\2_Optics\8821L\Utils\AutoZoom\lorenzt\光谱\cycle_0044_201910_288_spectrum.csv,E:\jupyter file\2_Optics\8821L\Utils\AutoZoom\lorenzt\光谱\lorentz_fit_output\cycle_0044_201910_288_spectrum,True,ok,wavelength,median_filtered_y,347,510.003,521.972,1111.570138579134,148.75741639580718,1.0535661906360043,516.3425788969981,141.19418192985773,0.9328751028391504,8.634999667122312,E:\jupyter file\2_Optics\8821L\Utils\AutoZoom\lorenzt\光谱\lorentz_fit_output\cycle_0044_201910_288_spectrum\cycle_0044_201910_288_spectrum_lorentz_fit_curve.csv,E:\jupyter file\2_Optics\8821L\Utils\AutoZoom\lorenzt\光谱\lorentz_fit_output\cycle_0044_201910_288_spectrum\cycle_0044_201910_288_spectrum_lorentz_fit_params.json,E:\jupyter file\2_Optics\8821L\Utils\AutoZoom\lorenzt\光谱\lorentz_fit_output\cycle_0044_201910_288_spectrum\cycle_0044_201910_288_spectrum_lorentz_fit.png
E:\jupyter file\2_Optics\8821L\Utils\AutoZoom\lorenzt\光谱\cycle_0045_201940_709_spectrum.csv,E:\jupyter file\2_Optics\8821L\Utils\AutoZoom\lorenzt\光谱\lorentz_fit_output\cycle_0045_201940_709_spectrum,True,ok,wavelength,median_filtered_y,347,510.003,521.972,1114.2016541463777,149.2014338314644,0.9287910787021998,516.248764093132,160.64046829556509,0.9384840247546257,8.955000220158997,E:\jupyter file\2_Optics\8821L\Utils\AutoZoom\lorenzt\光谱\lorentz_fit_output\cycle_0045_201940_709_spectrum\cycle_0045_201940_709_spectrum_lorentz_fit_curve.csv,E:\jupyter file\2_Optics\8821L\Utils\AutoZoom\lorenzt\光谱\lorentz_fit_output\cycle_0045_201940_709_spectrum\cycle_0045_201940_709_spectrum_lorentz_fit_params.json,E:\jupyter file\2_Optics\8821L\Utils\AutoZoom\lorenzt\光谱\lorentz_fit_output\cycle_0045_201940_709_spectrum\cycle_0045_201940_709_spectrum_lorentz_fit.png
E:\jupyter file\2_Optics\8821L\Utils\AutoZoom\lorenzt\光谱\cycle_0046_202012_953_spectrum.csv,E:\jupyter file\2_Optics\8821L\Utils\AutoZoom\lorenzt\光谱\lorentz_fit_output\cycle_0046_202012_953_spectrum,True,ok,wavelength,median_filtered_y,347,510.003,521.972,1115.4182704539796,158.92830213724963,1.0781151745981878,516.3524468708976,147.41310194106302,0.9167941534439898,10.20788844099474,E:\jupyter file\2_Optics\8821L\Utils\AutoZoom\lorenzt\光谱\lorentz_fit_output\cycle_0046_202012_953_spectrum\cycle_0046_202012_953_spectrum_lorentz_fit_curve.csv,E:\jupyter file\2_Optics\8821L\Utils\AutoZoom\lorenzt\光谱\lorentz_fit_output\cycle_0046_202012_953_spectrum\cycle_0046_202012_953_spectrum_lorentz_fit_params.json,E:\jupyter file\2_Optics\8821L\Utils\AutoZoom\lorenzt\光谱\lorentz_fit_output\cycle_0046_202012_953_spectrum\cycle_0046_202012_953_spectrum_lorentz_fit.png
E:\jupyter file\2_Optics\8821L\Utils\AutoZoom\lorenzt\光谱\cycle_0047_202201_947_spectrum.csv,E:\jupyter file\2_Optics\8821L\Utils\AutoZoom\lorenzt\光谱\lorentz_fit_output\cycle_0047_202201_947_spectrum,True,ok,wavelength,median_filtered_y,347,510.003,521.972,1113.6697689624705,135.38235458907408,0.9959848555846013,516.1914241992104,135.9281256436478,0.920611912730647,8.917749994357543,E:\jupyter file\2_Optics\8821L\Utils\AutoZoom\lorenzt\光谱\lorentz_fit_output\cycle_0047_202201_947_spectrum\cycle_0047_202201_947_spectrum_lorentz_fit_curve.csv,E:\jupyter file\2_Optics\8821L\Utils\AutoZoom\lorenzt\光谱\lorentz_fit_output\cycle_0047_202201_947_spectrum\cycle_0047_202201_947_spectrum_lorentz_fit_params.json,E:\jupyter file\2_Optics\8821L\Utils\AutoZoom\lorenzt\光谱\lorentz_fit_output\cycle_0047_202201_947_spectrum\cycle_0047_202201_947_spectrum_lorentz_fit.png
E:\jupyter file\2_Optics\8821L\Utils\AutoZoom\lorenzt\光谱\cycle_0048_202232_821_spectrum.csv,E:\jupyter file\2_Optics\8821L\Utils\AutoZoom\lorenzt\光谱\lorentz_fit_output\cycle_0048_202232_821_spectrum,True,ok,wavelength,median_filtered_y,347,510.003,521.972,1114.152869215139,132.76486598881107,0.9893495218499728,516.3255822180876,134.19409728985934,0.9273693737761033,8.370228245400785,E:\jupyter file\2_Optics\8821L\Utils\AutoZoom\lorenzt\光谱\lorentz_fit_output\cycle_0048_202232_821_spectrum\cycle_0048_202232_821_spectrum_lorentz_fit_curve.csv,E:\jupyter file\2_Optics\8821L\Utils\AutoZoom\lorenzt\光谱\lorentz_fit_output\cycle_0048_202232_821_spectrum\cycle_0048_202232_821_spectrum_lorentz_fit_params.json,E:\jupyter file\2_Optics\8821L\Utils\AutoZoom\lorenzt\光谱\lorentz_fit_output\cycle_0048_202232_821_spectrum\cycle_0048_202232_821_spectrum_lorentz_fit.png
E:\jupyter file\2_Optics\8821L\Utils\AutoZoom\lorenzt\光谱\cycle_0049_202307_039_spectrum.csv,E:\jupyter file\2_Optics\8821L\Utils\AutoZoom\lorenzt\光谱\lorentz_fit_output\cycle_0049_202307_039_spectrum,True,ok,wavelength,median_filtered_y,347,510.003,521.972,1113.7196366813162,141.85902388293098,0.8926229260601701,516.2769345413398,158.92379608606257,0.9034292579597322,11.145849807166536,E:\jupyter file\2_Optics\8821L\Utils\AutoZoom\lorenzt\光谱\lorentz_fit_output\cycle_0049_202307_039_spectrum\cycle_0049_202307_039_spectrum_lorentz_fit_curve.csv,E:\jupyter file\2_Optics\8821L\Utils\AutoZoom\lorenzt\光谱\lorentz_fit_output\cycle_0049_202307_039_spectrum\cycle_0049_202307_039_spectrum_lorentz_fit_params.json,E:\jupyter file\2_Optics\8821L\Utils\AutoZoom\lorenzt\光谱\lorentz_fit_output\cycle_0049_202307_039_spectrum\cycle_0049_202307_039_spectrum_lorentz_fit.png
E:\jupyter file\2_Optics\8821L\Utils\AutoZoom\lorenzt\光谱\cycle_0050_202445_036_spectrum.csv,E:\jupyter file\2_Optics\8821L\Utils\AutoZoom\lorenzt\光谱\lorentz_fit_output\cycle_0050_202445_036_spectrum,True,ok,wavelength,median_filtered_y,347,510.003,521.972,1112.1933708012416,153.43487275449547,0.9445603463034944,516.3207733559944,162.4405188667487,0.9295291690327717,9.800133619322695,E:\jupyter file\2_Optics\8821L\Utils\AutoZoom\lorenzt\光谱\lorentz_fit_output\cycle_0050_202445_036_spectrum\cycle_0050_202445_036_spectrum_lorentz_fit_curve.csv,E:\jupyter file\2_Optics\8821L\Utils\AutoZoom\lorenzt\光谱\lorentz_fit_output\cycle_0050_202445_036_spectrum\cycle_0050_202445_036_spectrum_lorentz_fit_params.json,E:\jupyter file\2_Optics\8821L\Utils\AutoZoom\lorenzt\光谱\lorentz_fit_output\cycle_0050_202445_036_spectrum\cycle_0050_202445_036_spectrum_lorentz_fit.png
E:\jupyter file\2_Optics\8821L\Utils\AutoZoom\lorenzt\光谱\cycle_0051_202616_437_spectrum.csv,E:\jupyter file\2_Optics\8821L\Utils\AutoZoom\lorenzt\光谱\lorentz_fit_output\cycle_0051_202616_437_spectrum,True,ok,wavelength,median_filtered_y,347,510.003,521.972,1118.38742448646,167.48092308898953,0.8930803258408726,516.2955588247539,187.5317574948247,0.9632664477163843,7.857218131947675,E:\jupyter file\2_Optics\8821L\Utils\AutoZoom\lorenzt\光谱\lorentz_fit_output\cycle_0051_202616_437_spectrum\cycle_0051_202616_437_spectrum_lorentz_fit_curve.csv,E:\jupyter file\2_Optics\8821L\Utils\AutoZoom\lorenzt\光谱\lorentz_fit_output\cycle_0051_202616_437_spectrum\cycle_0051_202616_437_spectrum_lorentz_fit_params.json,E:\jupyter file\2_Optics\8821L\Utils\AutoZoom\lorenzt\光谱\lorentz_fit_output\cycle_0051_202616_437_spectrum\cycle_0051_202616_437_spectrum_lorentz_fit.png
E:\jupyter file\2_Optics\8821L\Utils\AutoZoom\lorenzt\光谱\cycle_0052_202810_479_spectrum.csv,E:\jupyter file\2_Optics\8821L\Utils\AutoZoom\lorenzt\光谱\lorentz_fit_output\cycle_0052_202810_479_spectrum,True,ok,wavelength,median_filtered_y,347,510.003,521.972,1115.1174466779823,115.51589443335433,0.9336260629628762,516.2618078320323,123.7282237674074,0.9271480758015381,7.566373011294859,E:\jupyter file\2_Optics\8821L\Utils\AutoZoom\lorenzt\光谱\lorentz_fit_output\cycle_0052_202810_479_spectrum\cycle_0052_202810_479_spectrum_lorentz_fit_curve.csv,E:\jupyter file\2_Optics\8821L\Utils\AutoZoom\lorenzt\光谱\lorentz_fit_output\cycle_0052_202810_479_spectrum\cycle_0052_202810_479_spectrum_lorentz_fit_params.json,E:\jupyter file\2_Optics\8821L\Utils\AutoZoom\lorenzt\光谱\lorentz_fit_output\cycle_0052_202810_479_spectrum\cycle_0052_202810_479_spectrum_lorentz_fit.png
E:\jupyter file\2_Optics\8821L\Utils\AutoZoom\lorenzt\光谱\cycle_0053_202942_203_spectrum.csv,E:\jupyter file\2_Optics\8821L\Utils\AutoZoom\lorenzt\光谱\lorentz_fit_output\cycle_0053_202942_203_spectrum,True,ok,wavelength,median_filtered_y,347,510.003,521.972,1110.467007010463,95.53142497435351,1.080870802230095,516.1373118452179,88.38375944400508,0.9011143945298209,6.735335910010713,E:\jupyter file\2_Optics\8821L\Utils\AutoZoom\lorenzt\光谱\lorentz_fit_output\cycle_0053_202942_203_spectrum\cycle_0053_202942_203_spectrum_lorentz_fit_curve.csv,E:\jupyter file\2_Optics\8821L\Utils\AutoZoom\lorenzt\光谱\lorentz_fit_output\cycle_0053_202942_203_spectrum\cycle_0053_202942_203_spectrum_lorentz_fit_params.json,E:\jupyter file\2_Optics\8821L\Utils\AutoZoom\lorenzt\光谱\lorentz_fit_output\cycle_0053_202942_203_spectrum\cycle_0053_202942_203_spectrum_lorentz_fit.png
E:\jupyter file\2_Optics\8821L\Utils\AutoZoom\lorenzt\光谱\cycle_0054_203102_212_spectrum.csv,E:\jupyter file\2_Optics\8821L\Utils\AutoZoom\lorenzt\光谱\lorentz_fit_output\cycle_0054_203102_212_spectrum,True,ok,wavelength,median_filtered_y,347,510.003,521.972,1112.9971204784947,83.83683941034042,0.9772366746379487,516.3164814257132,85.78969822371913,0.8956767052076569,6.496239199800381,E:\jupyter file\2_Optics\8821L\Utils\AutoZoom\lorenzt\光谱\lorentz_fit_output\cycle_0054_203102_212_spectrum\cycle_0054_203102_212_spectrum_lorentz_fit_curve.csv,E:\jupyter file\2_Optics\8821L\Utils\AutoZoom\lorenzt\光谱\lorentz_fit_output\cycle_0054_203102_212_spectrum\cycle_0054_203102_212_spectrum_lorentz_fit_params.json,E:\jupyter file\2_Optics\8821L\Utils\AutoZoom\lorenzt\光谱\lorentz_fit_output\cycle_0054_203102_212_spectrum\cycle_0054_203102_212_spectrum_lorentz_fit.png
E:\jupyter file\2_Optics\8821L\Utils\AutoZoom\lorenzt\光谱\cycle_0055_203140_218_spectrum.csv,E:\jupyter file\2_Optics\8821L\Utils\AutoZoom\lorenzt\光谱\lorentz_fit_output\cycle_0055_203140_218_spectrum,True,ok,wavelength,median_filtered_y,347,510.003,521.972,1111.112800295842,70.1425839731503,0.9445206943990863,516.2861393947538,74.26262271339192,0.832300464619765,7.303768310748276,E:\jupyter file\2_Optics\8821L\Utils\AutoZoom\lorenzt\光谱\lorentz_fit_output\cycle_0055_203140_218_spectrum\cycle_0055_203140_218_spectrum_lorentz_fit_curve.csv,E:\jupyter file\2_Optics\8821L\Utils\AutoZoom\lorenzt\光谱\lorentz_fit_output\cycle_0055_203140_218_spectrum\cycle_0055_203140_218_spectrum_lorentz_fit_params.json,E:\jupyter file\2_Optics\8821L\Utils\AutoZoom\lorenzt\光谱\lorentz_fit_output\cycle_0055_203140_218_spectrum\cycle_0055_203140_218_spectrum_lorentz_fit.png
E:\jupyter file\2_Optics\8821L\Utils\AutoZoom\lorenzt\光谱\cycle_0056_203237_459_spectrum.csv,E:\jupyter file\2_Optics\8821L\Utils\AutoZoom\lorenzt\光谱\lorentz_fit_output\cycle_0056_203237_459_spectrum,True,ok,wavelength,median_filtered_y,347,510.003,521.972,1113.3159916171471,59.55214121648151,0.8510852485190686,516.2939387252962,69.97200494322425,0.8701911198992848,5.6927982985943535,E:\jupyter file\2_Optics\8821L\Utils\AutoZoom\lorenzt\光谱\lorentz_fit_output\cycle_0056_203237_459_spectrum\cycle_0056_203237_459_spectrum_lorentz_fit_curve.csv,E:\jupyter file\2_Optics\8821L\Utils\AutoZoom\lorenzt\光谱\lorentz_fit_output\cycle_0056_203237_459_spectrum\cycle_0056_203237_459_spectrum_lorentz_fit_params.json,E:\jupyter file\2_Optics\8821L\Utils\AutoZoom\lorenzt\光谱\lorentz_fit_output\cycle_0056_203237_459_spectrum\cycle_0056_203237_459_spectrum_lorentz_fit.png
E:\jupyter file\2_Optics\8821L\Utils\AutoZoom\lorenzt\光谱\cycle_0057_203339_201_spectrum.csv,E:\jupyter file\2_Optics\8821L\Utils\AutoZoom\lorenzt\光谱\lorentz_fit_output\cycle_0057_203339_201_spectrum,True,ok,wavelength,median_filtered_y,347,510.003,521.972,1111.77080626705,50.3328968141415,1.0505313408652448,516.2345117734602,47.91184694469565,0.8000148551249343,5.455565238771427,E:\jupyter file\2_Optics\8821L\Utils\AutoZoom\lorenzt\光谱\lorentz_fit_output\cycle_0057_203339_201_spectrum\cycle_0057_203339_201_spectrum_lorentz_fit_curve.csv,E:\jupyter file\2_Optics\8821L\Utils\AutoZoom\lorenzt\光谱\lorentz_fit_output\cycle_0057_203339_201_spectrum\cycle_0057_203339_201_spectrum_lorentz_fit_params.json,E:\jupyter file\2_Optics\8821L\Utils\AutoZoom\lorenzt\光谱\lorentz_fit_output\cycle_0057_203339_201_spectrum\cycle_0057_203339_201_spectrum_lorentz_fit.png
E:\jupyter file\2_Optics\8821L\Utils\AutoZoom\lorenzt\光谱\cycle_0058_203459_209_spectrum.csv,E:\jupyter file\2_Optics\8821L\Utils\AutoZoom\lorenzt\光谱\lorentz_fit_output\cycle_0058_203459_209_spectrum,True,ok,wavelength,median_filtered_y,347,510.003,521.972,1113.2644643968836,34.54760310954805,0.8250761706504078,516.3308678643342,41.87201659492136,0.778035411717893,4.655042119207045,E:\jupyter file\2_Optics\8821L\Utils\AutoZoom\lorenzt\光谱\lorentz_fit_output\cycle_0058_203459_209_spectrum\cycle_0058_203459_209_spectrum_lorentz_fit_curve.csv,E:\jupyter file\2_Optics\8821L\Utils\AutoZoom\lorenzt\光谱\lorentz_fit_output\cycle_0058_203459_209_spectrum\cycle_0058_203459_209_spectrum_lorentz_fit_params.json,E:\jupyter file\2_Optics\8821L\Utils\AutoZoom\lorenzt\光谱\lorentz_fit_output\cycle_0058_203459_209_spectrum\cycle_0058_203459_209_spectrum_lorentz_fit.png
E:\jupyter file\2_Optics\8821L\Utils\AutoZoom\lorenzt\光谱\cycle_0059_203615_914_spectrum.csv,E:\jupyter file\2_Optics\8821L\Utils\AutoZoom\lorenzt\光谱\lorentz_fit_output\cycle_0059_203615_914_spectrum,True,ok,wavelength,median_filtered_y,347,510.003,521.972,1111.5666609698585,26.465444541126946,0.870847969284956,516.1449548814504,30.390430332928766,0.5736725458777259,5.567255211799249,E:\jupyter file\2_Optics\8821L\Utils\AutoZoom\lorenzt\光谱\lorentz_fit_output\cycle_0059_203615_914_spectrum\cycle_0059_203615_914_spectrum_lorentz_fit_curve.csv,E:\jupyter file\2_Optics\8821L\Utils\AutoZoom\lorenzt\光谱\lorentz_fit_output\cycle_0059_203615_914_spectrum\cycle_0059_203615_914_spectrum_lorentz_fit_params.json,E:\jupyter file\2_Optics\8821L\Utils\AutoZoom\lorenzt\光谱\lorentz_fit_output\cycle_0059_203615_914_spectrum\cycle_0059_203615_914_spectrum_lorentz_fit.png
E:\jupyter file\2_Optics\8821L\Utils\AutoZoom\lorenzt\光谱\cycle_0060_203732_492_spectrum.csv,E:\jupyter file\2_Optics\8821L\Utils\AutoZoom\lorenzt\光谱\lorentz_fit_output\cycle_0060_203732_492_spectrum,True,ok,wavelength,median_filtered_y,347,510.003,521.972,1111.899479242057,30.195333860659268,1.3979401310648982,516.2352360710157,21.59987626770368,0.5361676973519436,5.031003192064441,E:\jupyter file\2_Optics\8821L\Utils\AutoZoom\lorenzt\光谱\lorentz_fit_output\cycle_0060_203732_492_spectrum\cycle_0060_203732_492_spectrum_lorentz_fit_curve.csv,E:\jupyter file\2_Optics\8821L\Utils\AutoZoom\lorenzt\光谱\lorentz_fit_output\cycle_0060_203732_492_spectrum\cycle_0060_203732_492_spectrum_lorentz_fit_params.json,E:\jupyter file\2_Optics\8821L\Utils\AutoZoom\lorenzt\光谱\lorentz_fit_output\cycle_0060_203732_492_spectrum\cycle_0060_203732_492_spectrum_lorentz_fit.png
E:\jupyter file\2_Optics\8821L\Utils\AutoZoom\lorenzt\光谱\cycle_0061_203836_271_spectrum.csv,E:\jupyter file\2_Optics\8821L\Utils\AutoZoom\lorenzt\光谱\lorentz_fit_output\cycle_0061_203836_271_spectrum,True,ok,wavelength,median_filtered_y,347,510.003,521.972,1110.6218496735426,28.657001274557732,1.4116968410261979,516.2797165143201,20.299685061083114,0.503453650491166,5.06375444864936,E:\jupyter file\2_Optics\8821L\Utils\AutoZoom\lorenzt\光谱\lorentz_fit_output\cycle_0061_203836_271_spectrum\cycle_0061_203836_271_spectrum_lorentz_fit_curve.csv,E:\jupyter file\2_Optics\8821L\Utils\AutoZoom\lorenzt\光谱\lorentz_fit_output\cycle_0061_203836_271_spectrum\cycle_0061_203836_271_spectrum_lorentz_fit_params.json,E:\jupyter file\2_Optics\8821L\Utils\AutoZoom\lorenzt\光谱\lorentz_fit_output\cycle_0061_203836_271_spectrum\cycle_0061_203836_271_spectrum_lorentz_fit.png
E:\jupyter file\2_Optics\8821L\Utils\AutoZoom\lorenzt\光谱\cycle_0062_203944_963_spectrum.csv,E:\jupyter file\2_Optics\8821L\Utils\AutoZoom\lorenzt\光谱\lorentz_fit_output\cycle_0062_203944_963_spectrum,True,ok,wavelength,median_filtered_y,347,510.003,521.972,1113.0521562622366,17.75962564546605,0.8090063434486351,516.3022078317105,21.952393561909854,0.49367072491088915,4.592057924620628,E:\jupyter file\2_Optics\8821L\Utils\AutoZoom\lorenzt\光谱\lorentz_fit_output\cycle_0062_203944_963_spectrum\cycle_0062_203944_963_spectrum_lorentz_fit_curve.csv,E:\jupyter file\2_Optics\8821L\Utils\AutoZoom\lorenzt\光谱\lorentz_fit_output\cycle_0062_203944_963_spectrum\cycle_0062_203944_963_spectrum_lorentz_fit_params.json,E:\jupyter file\2_Optics\8821L\Utils\AutoZoom\lorenzt\光谱\lorentz_fit_output\cycle_0062_203944_963_spectrum\cycle_0062_203944_963_spectrum_lorentz_fit.png
E:\jupyter file\2_Optics\8821L\Utils\AutoZoom\lorenzt\光谱\cycle_0063_204040_032_spectrum.csv,E:\jupyter file\2_Optics\8821L\Utils\AutoZoom\lorenzt\光谱\lorentz_fit_output\cycle_0063_204040_032_spectrum,True,ok,wavelength,median_filtered_y,347,510.003,521.972,1115.7290846350995,33.1562617891993,1.07386805473498,516.0255224186953,30.875545317699146,0.6746263341726467,4.9212973317665405,E:\jupyter file\2_Optics\8821L\Utils\AutoZoom\lorenzt\光谱\lorentz_fit_output\cycle_0063_204040_032_spectrum\cycle_0063_204040_032_spectrum_lorentz_fit_curve.csv,E:\jupyter file\2_Optics\8821L\Utils\AutoZoom\lorenzt\光谱\lorentz_fit_output\cycle_0063_204040_032_spectrum\cycle_0063_204040_032_spectrum_lorentz_fit_params.json,E:\jupyter file\2_Optics\8821L\Utils\AutoZoom\lorenzt\光谱\lorentz_fit_output\cycle_0063_204040_032_spectrum\cycle_0063_204040_032_spectrum_lorentz_fit.png
E:\jupyter file\2_Optics\8821L\Utils\AutoZoom\lorenzt\光谱\cycle_0064_204110_917_spectrum.csv,E:\jupyter file\2_Optics\8821L\Utils\AutoZoom\lorenzt\光谱\lorentz_fit_output\cycle_0064_204110_917_spectrum,True,ok,wavelength,median_filtered_y,347,510.003,521.972,1120.0168447742221,26.860826497425293,0.782928044659656,516.3211256871363,34.308167501014566,0.5760958864997853,6.001152811693698,E:\jupyter file\2_Optics\8821L\Utils\AutoZoom\lorenzt\光谱\lorentz_fit_output\cycle_0064_204110_917_spectrum\cycle_0064_204110_917_spectrum_lorentz_fit_curve.csv,E:\jupyter file\2_Optics\8821L\Utils\AutoZoom\lorenzt\光谱\lorentz_fit_output\cycle_0064_204110_917_spectrum\cycle_0064_204110_917_spectrum_lorentz_fit_params.json,E:\jupyter file\2_Optics\8821L\Utils\AutoZoom\lorenzt\光谱\lorentz_fit_output\cycle_0064_204110_917_spectrum\cycle_0064_204110_917_spectrum_lorentz_fit.png
E:\jupyter file\2_Optics\8821L\Utils\AutoZoom\lorenzt\光谱\cycle_0065_204205_022_spectrum.csv,E:\jupyter file\2_Optics\8821L\Utils\AutoZoom\lorenzt\光谱\lorentz_fit_output\cycle_0065_204205_022_spectrum,True,ok,wavelength,median_filtered_y,347,510.003,521.972,1117.0786460491217,39.20711679228003,0.8876077446364006,516.2316344901815,44.17167045826175,0.7495308055614543,5.46565941897451,E:\jupyter file\2_Optics\8821L\Utils\AutoZoom\lorenzt\光谱\lorentz_fit_output\cycle_0065_204205_022_spectrum\cycle_0065_204205_022_spectrum_lorentz_fit_curve.csv,E:\jupyter file\2_Optics\8821L\Utils\AutoZoom\lorenzt\光谱\lorentz_fit_output\cycle_0065_204205_022_spectrum\cycle_0065_204205_022_spectrum_lorentz_fit_params.json,E:\jupyter file\2_Optics\8821L\Utils\AutoZoom\lorenzt\光谱\lorentz_fit_output\cycle_0065_204205_022_spectrum\cycle_0065_204205_022_spectrum_lorentz_fit.png
E:\jupyter file\2_Optics\8821L\Utils\AutoZoom\lorenzt\光谱\cycle_0066_204259_108_spectrum.csv,E:\jupyter file\2_Optics\8821L\Utils\AutoZoom\lorenzt\光谱\lorentz_fit_output\cycle_0066_204259_108_spectrum,True,ok,wavelength,median_filtered_y,347,510.003,521.972,1114.3783692999584,52.134903297656834,0.907269856931442,516.2426544447749,57.46350206540193,0.829083056560044,5.631161472824329,E:\jupyter file\2_Optics\8821L\Utils\AutoZoom\lorenzt\光谱\lorentz_fit_output\cycle_0066_204259_108_spectrum\cycle_0066_204259_108_spectrum_lorentz_fit_curve.csv,E:\jupyter file\2_Optics\8821L\Utils\AutoZoom\lorenzt\光谱\lorentz_fit_output\cycle_0066_204259_108_spectrum\cycle_0066_204259_108_spectrum_lorentz_fit_params.json,E:\jupyter file\2_Optics\8821L\Utils\AutoZoom\lorenzt\光谱\lorentz_fit_output\cycle_0066_204259_108_spectrum\cycle_0066_204259_108_spectrum_lorentz_fit.png
E:\jupyter file\2_Optics\8821L\Utils\AutoZoom\lorenzt\光谱\cycle_0067_204330_467_spectrum.csv,E:\jupyter file\2_Optics\8821L\Utils\AutoZoom\lorenzt\光谱\lorentz_fit_output\cycle_0067_204330_467_spectrum,True,ok,wavelength,median_filtered_y,347,510.003,521.972,1117.9068162973788,48.41015564434572,0.9447357074067424,516.2640433476209,51.242009024121096,0.7967926893329911,5.670314205311622,E:\jupyter file\2_Optics\8821L\Utils\AutoZoom\lorenzt\光谱\lorentz_fit_output\cycle_0067_204330_467_spectrum\cycle_0067_204330_467_spectrum_lorentz_fit_curve.csv,E:\jupyter file\2_Optics\8821L\Utils\AutoZoom\lorenzt\光谱\lorentz_fit_output\cycle_0067_204330_467_spectrum\cycle_0067_204330_467_spectrum_lorentz_fit_params.json,E:\jupyter file\2_Optics\8821L\Utils\AutoZoom\lorenzt\光谱\lorentz_fit_output\cycle_0067_204330_467_spectrum\cycle_0067_204330_467_spectrum_lorentz_fit.png
E:\jupyter file\2_Optics\8821L\Utils\AutoZoom\lorenzt\光谱\cycle_0068_204401_593_spectrum.csv,E:\jupyter file\2_Optics\8821L\Utils\AutoZoom\lorenzt\光谱\lorentz_fit_output\cycle_0068_204401_593_spectrum,True,ok,wavelength,median_filtered_y,347,510.003,521.972,1120.2386101188008,56.75191017851614,0.9813785496016546,516.2559077953823,57.8287656700383,0.79889203962913,6.4474480314622875,E:\jupyter file\2_Optics\8821L\Utils\AutoZoom\lorenzt\光谱\lorentz_fit_output\cycle_0068_204401_593_spectrum\cycle_0068_204401_593_spectrum_lorentz_fit_curve.csv,E:\jupyter file\2_Optics\8821L\Utils\AutoZoom\lorenzt\光谱\lorentz_fit_output\cycle_0068_204401_593_spectrum\cycle_0068_204401_593_spectrum_lorentz_fit_params.json,E:\jupyter file\2_Optics\8821L\Utils\AutoZoom\lorenzt\光谱\lorentz_fit_output\cycle_0068_204401_593_spectrum\cycle_0068_204401_593_spectrum_lorentz_fit.png
E:\jupyter file\2_Optics\8821L\Utils\AutoZoom\lorenzt\光谱\cycle_0069_204440_439_spectrum.csv,E:\jupyter file\2_Optics\8821L\Utils\AutoZoom\lorenzt\光谱\lorentz_fit_output\cycle_0069_204440_439_spectrum,True,ok,wavelength,median_filtered_y,347,510.003,521.972,1118.4362710572823,87.0871522865407,0.9692848386281874,516.3202358137303,89.84681160369091,0.8967950773520099,6.742428094390529,E:\jupyter file\2_Optics\8821L\Utils\AutoZoom\lorenzt\光谱\lorentz_fit_output\cycle_0069_204440_439_spectrum\cycle_0069_204440_439_spectrum_lorentz_fit_curve.csv,E:\jupyter file\2_Optics\8821L\Utils\AutoZoom\lorenzt\光谱\lorentz_fit_output\cycle_0069_204440_439_spectrum\cycle_0069_204440_439_spectrum_lorentz_fit_params.json,E:\jupyter file\2_Optics\8821L\Utils\AutoZoom\lorenzt\光谱\lorentz_fit_output\cycle_0069_204440_439_spectrum\cycle_0069_204440_439_spectrum_lorentz_fit.png
E:\jupyter file\2_Optics\8821L\Utils\AutoZoom\lorenzt\光谱\cycle_0070_204519_146_spectrum.csv,E:\jupyter file\2_Optics\8821L\Utils\AutoZoom\lorenzt\光谱\lorentz_fit_output\cycle_0070_204519_146_spectrum,True,ok,wavelength,median_filtered_y,347,510.003,521.972,1119.1796834815043,96.83379512996159,1.033548869947153,516.2509656723746,93.69058197984664,0.8856974534678832,7.620825830673799,E:\jupyter file\2_Optics\8821L\Utils\AutoZoom\lorenzt\光谱\lorentz_fit_output\cycle_0070_204519_146_spectrum\cycle_0070_204519_146_spectrum_lorentz_fit_curve.csv,E:\jupyter file\2_Optics\8821L\Utils\AutoZoom\lorenzt\光谱\lorentz_fit_output\cycle_0070_204519_146_spectrum\cycle_0070_204519_146_spectrum_lorentz_fit_params.json,E:\jupyter file\2_Optics\8821L\Utils\AutoZoom\lorenzt\光谱\lorentz_fit_output\cycle_0070_204519_146_spectrum\cycle_0070_204519_146_spectrum_lorentz_fit.png
E:\jupyter file\2_Optics\8821L\Utils\AutoZoom\lorenzt\光谱\cycle_0071_204550_043_spectrum.csv,E:\jupyter file\2_Optics\8821L\Utils\AutoZoom\lorenzt\光谱\lorentz_fit_output\cycle_0071_204550_043_spectrum,True,ok,wavelength,median_filtered_y,347,510.003,521.972,1124.0698193841697,100.32858444284616,0.9623051207927803,516.2763100885699,104.25859976739187,0.8975387373544836,7.771611258820056,E:\jupyter file\2_Optics\8821L\Utils\AutoZoom\lorenzt\光谱\lorentz_fit_output\cycle_0071_204550_043_spectrum\cycle_0071_204550_043_spectrum_lorentz_fit_curve.csv,E:\jupyter file\2_Optics\8821L\Utils\AutoZoom\lorenzt\光谱\lorentz_fit_output\cycle_0071_204550_043_spectrum\cycle_0071_204550_043_spectrum_lorentz_fit_params.json,E:\jupyter file\2_Optics\8821L\Utils\AutoZoom\lorenzt\光谱\lorentz_fit_output\cycle_0071_204550_043_spectrum\cycle_0071_204550_043_spectrum_lorentz_fit.png
E:\jupyter file\2_Optics\8821L\Utils\AutoZoom\lorenzt\光谱\cycle_0072_204643_916_spectrum.csv,E:\jupyter file\2_Optics\8821L\Utils\AutoZoom\lorenzt\光谱\lorentz_fit_output\cycle_0072_204643_916_spectrum,True,ok,wavelength,median_filtered_y,347,510.003,521.972,1118.2178578463897,95.0226155925217,1.0180643036466586,516.2770705965061,93.33655570886353,0.8986384434229842,7.059335544255233,E:\jupyter file\2_Optics\8821L\Utils\AutoZoom\lorenzt\光谱\lorentz_fit_output\cycle_0072_204643_916_spectrum\cycle_0072_204643_916_spectrum_lorentz_fit_curve.csv,E:\jupyter file\2_Optics\8821L\Utils\AutoZoom\lorenzt\光谱\lorentz_fit_output\cycle_0072_204643_916_spectrum\cycle_0072_204643_916_spectrum_lorentz_fit_params.json,E:\jupyter file\2_Optics\8821L\Utils\AutoZoom\lorenzt\光谱\lorentz_fit_output\cycle_0072_204643_916_spectrum\cycle_0072_204643_916_spectrum_lorentz_fit.png
E:\jupyter file\2_Optics\8821L\Utils\AutoZoom\lorenzt\光谱\cycle_0073_204737_856_spectrum.csv,E:\jupyter file\2_Optics\8821L\Utils\AutoZoom\lorenzt\光谱\lorentz_fit_output\cycle_0073_204737_856_spectrum,True,ok,wavelength,median_filtered_y,347,510.003,521.972,1115.6007737030966,98.18986539228052,0.9329012253114274,516.2706743389356,105.25215609991521,0.9019867523851229,7.566967633490659,E:\jupyter file\2_Optics\8821L\Utils\AutoZoom\lorenzt\光谱\lorentz_fit_output\cycle_0073_204737_856_spectrum\cycle_0073_204737_856_spectrum_lorentz_fit_curve.csv,E:\jupyter file\2_Optics\8821L\Utils\AutoZoom\lorenzt\光谱\lorentz_fit_output\cycle_0073_204737_856_spectrum\cycle_0073_204737_856_spectrum_lorentz_fit_params.json,E:\jupyter file\2_Optics\8821L\Utils\AutoZoom\lorenzt\光谱\lorentz_fit_output\cycle_0073_204737_856_spectrum\cycle_0073_204737_856_spectrum_lorentz_fit.png
E:\jupyter file\2_Optics\8821L\Utils\AutoZoom\lorenzt\光谱\cycle_0074_205026_304_spectrum.csv,E:\jupyter file\2_Optics\8821L\Utils\AutoZoom\lorenzt\光谱\lorentz_fit_output\cycle_0074_205026_304_spectrum,True,ok,wavelength,median_filtered_y,347,510.003,521.972,1115.134749034865,105.05058331713356,0.9386607701233972,516.1242346583481,111.91538696490268,0.9375316533159512,6.314795200057177,E:\jupyter file\2_Optics\8821L\Utils\AutoZoom\lorenzt\光谱\lorentz_fit_output\cycle_0074_205026_304_spectrum\cycle_0074_205026_304_spectrum_lorentz_fit_curve.csv,E:\jupyter file\2_Optics\8821L\Utils\AutoZoom\lorenzt\光谱\lorentz_fit_output\cycle_0074_205026_304_spectrum\cycle_0074_205026_304_spectrum_lorentz_fit_params.json,E:\jupyter file\2_Optics\8821L\Utils\AutoZoom\lorenzt\光谱\lorentz_fit_output\cycle_0074_205026_304_spectrum\cycle_0074_205026_304_spectrum_lorentz_fit.png
E:\jupyter file\2_Optics\8821L\Utils\AutoZoom\lorenzt\光谱\cycle_0075_205126_862_spectrum.csv,E:\jupyter file\2_Optics\8821L\Utils\AutoZoom\lorenzt\光谱\lorentz_fit_output\cycle_0075_205126_862_spectrum,True,ok,wavelength,median_filtered_y,347,510.003,521.972,1115.2759459253828,99.84481251522408,0.9817258573337131,516.3001579208131,101.7033541180166,0.8936353149140234,7.798143081763279,E:\jupyter file\2_Optics\8821L\Utils\AutoZoom\lorenzt\光谱\lorentz_fit_output\cycle_0075_205126_862_spectrum\cycle_0075_205126_862_spectrum_lorentz_fit_curve.csv,E:\jupyter file\2_Optics\8821L\Utils\AutoZoom\lorenzt\光谱\lorentz_fit_output\cycle_0075_205126_862_spectrum\cycle_0075_205126_862_spectrum_lorentz_fit_params.json,E:\jupyter file\2_Optics\8821L\Utils\AutoZoom\lorenzt\光谱\lorentz_fit_output\cycle_0075_205126_862_spectrum\cycle_0075_205126_862_spectrum_lorentz_fit.png
E:\jupyter file\2_Optics\8821L\Utils\AutoZoom\lorenzt\光谱\cycle_0076_205227_859_spectrum.csv,E:\jupyter file\2_Optics\8821L\Utils\AutoZoom\lorenzt\光谱\lorentz_fit_output\cycle_0076_205227_859_spectrum,True,ok,wavelength,median_filtered_y,347,510.003,521.972,1114.6352426424603,80.35390879210652,0.9330193602891689,516.2955216112608,86.12244526973437,0.9041676347721987,6.115348329082219,E:\jupyter file\2_Optics\8821L\Utils\AutoZoom\lorenzt\光谱\lorentz_fit_output\cycle_0076_205227_859_spectrum\cycle_0076_205227_859_spectrum_lorentz_fit_curve.csv,E:\jupyter file\2_Optics\8821L\Utils\AutoZoom\lorenzt\光谱\lorentz_fit_output\cycle_0076_205227_859_spectrum\cycle_0076_205227_859_spectrum_lorentz_fit_params.json,E:\jupyter file\2_Optics\8821L\Utils\AutoZoom\lorenzt\光谱\lorentz_fit_output\cycle_0076_205227_859_spectrum\cycle_0076_205227_859_spectrum_lorentz_fit.png
E:\jupyter file\2_Optics\8821L\Utils\AutoZoom\lorenzt\光谱\cycle_0077_205330_472_spectrum.csv,E:\jupyter file\2_Optics\8821L\Utils\AutoZoom\lorenzt\光谱\lorentz_fit_output\cycle_0077_205330_472_spectrum,True,ok,wavelength,median_filtered_y,347,510.003,521.972,1113.2592979804656,92.05847352083842,1.0319308210822469,516.2502633798995,89.20992729366418,0.9039213769418439,6.581698251622225,E:\jupyter file\2_Optics\8821L\Utils\AutoZoom\lorenzt\光谱\lorentz_fit_output\cycle_0077_205330_472_spectrum\cycle_0077_205330_472_spectrum_lorentz_fit_curve.csv,E:\jupyter file\2_Optics\8821L\Utils\AutoZoom\lorenzt\光谱\lorentz_fit_output\cycle_0077_205330_472_spectrum\cycle_0077_205330_472_spectrum_lorentz_fit_params.json,E:\jupyter file\2_Optics\8821L\Utils\AutoZoom\lorenzt\光谱\lorentz_fit_output\cycle_0077_205330_472_spectrum\cycle_0077_205330_472_spectrum_lorentz_fit.png
E:\jupyter file\2_Optics\8821L\Utils\AutoZoom\lorenzt\光谱\cycle_0078_205425_403_spectrum.csv,E:\jupyter file\2_Optics\8821L\Utils\AutoZoom\lorenzt\光谱\lorentz_fit_output\cycle_0078_205425_403_spectrum,True,ok,wavelength,median_filtered_y,347,510.003,521.972,1114.4276430432953,138.86038799308753,0.9884300080461615,516.2992929538983,140.4858076573111,0.9367193217153507,8.13543029923194,E:\jupyter file\2_Optics\8821L\Utils\AutoZoom\lorenzt\光谱\lorentz_fit_output\cycle_0078_205425_403_spectrum\cycle_0078_205425_403_spectrum_lorentz_fit_curve.csv,E:\jupyter file\2_Optics\8821L\Utils\AutoZoom\lorenzt\光谱\lorentz_fit_output\cycle_0078_205425_403_spectrum\cycle_0078_205425_403_spectrum_lorentz_fit_params.json,E:\jupyter file\2_Optics\8821L\Utils\AutoZoom\lorenzt\光谱\lorentz_fit_output\cycle_0078_205425_403_spectrum\cycle_0078_205425_403_spectrum_lorentz_fit.png
E:\jupyter file\2_Optics\8821L\Utils\AutoZoom\lorenzt\光谱\cycle_0079_205526_470_spectrum.csv,E:\jupyter file\2_Optics\8821L\Utils\AutoZoom\lorenzt\光谱\lorentz_fit_output\cycle_0079_205526_470_spectrum,True,ok,wavelength,median_filtered_y,347,510.003,521.972,1113.527913116533,131.53218204366027,0.8790247592982797,516.2669945608192,149.63421752609293,0.9453627155257844,7.671733318594905,E:\jupyter file\2_Optics\8821L\Utils\AutoZoom\lorenzt\光谱\lorentz_fit_output\cycle_0079_205526_470_spectrum\cycle_0079_205526_470_spectrum_lorentz_fit_curve.csv,E:\jupyter file\2_Optics\8821L\Utils\AutoZoom\lorenzt\光谱\lorentz_fit_output\cycle_0079_205526_470_spectrum\cycle_0079_205526_470_spectrum_lorentz_fit_params.json,E:\jupyter file\2_Optics\8821L\Utils\AutoZoom\lorenzt\光谱\lorentz_fit_output\cycle_0079_205526_470_spectrum\cycle_0079_205526_470_spectrum_lorentz_fit.png
E:\jupyter file\2_Optics\8821L\Utils\AutoZoom\lorenzt\光谱\cycle_0080_205629_471_spectrum.csv,E:\jupyter file\2_Optics\8821L\Utils\AutoZoom\lorenzt\光谱\lorentz_fit_output\cycle_0080_205629_471_spectrum,True,ok,wavelength,median_filtered_y,347,510.003,521.972,1117.0053268654035,139.54478894630842,0.916443340413786,516.3050052142283,152.26777564153846,0.9555455410387753,7.1154680957910035,E:\jupyter file\2_Optics\8821L\Utils\AutoZoom\lorenzt\光谱\lorentz_fit_output\cycle_0080_205629_471_spectrum\cycle_0080_205629_471_spectrum_lorentz_fit_curve.csv,E:\jupyter file\2_Optics\8821L\Utils\AutoZoom\lorenzt\光谱\lorentz_fit_output\cycle_0080_205629_471_spectrum\cycle_0080_205629_471_spectrum_lorentz_fit_params.json,E:\jupyter file\2_Optics\8821L\Utils\AutoZoom\lorenzt\光谱\lorentz_fit_output\cycle_0080_205629_471_spectrum\cycle_0080_205629_471_spectrum_lorentz_fit.png
E:\jupyter file\2_Optics\8821L\Utils\AutoZoom\lorenzt\光谱\cycle_0081_205730_452_spectrum.csv,E:\jupyter file\2_Optics\8821L\Utils\AutoZoom\lorenzt\光谱\lorentz_fit_output\cycle_0081_205730_452_spectrum,True,ok,wavelength,median_filtered_y,347,510.003,521.972,1116.0494398519863,128.68637649632686,0.8458140502481397,516.2862604079356,152.14499742416626,0.9266986107773929,8.992114032919881,E:\jupyter file\2_Optics\8821L\Utils\AutoZoom\lorenzt\光谱\lorentz_fit_output\cycle_0081_205730_452_spectrum\cycle_0081_205730_452_spectrum_lorentz_fit_curve.csv,E:\jupyter file\2_Optics\8821L\Utils\AutoZoom\lorenzt\光谱\lorentz_fit_output\cycle_0081_205730_452_spectrum\cycle_0081_205730_452_spectrum_lorentz_fit_params.json,E:\jupyter file\2_Optics\8821L\Utils\AutoZoom\lorenzt\光谱\lorentz_fit_output\cycle_0081_205730_452_spectrum\cycle_0081_205730_452_spectrum_lorentz_fit.png
E:\jupyter file\2_Optics\8821L\Utils\AutoZoom\lorenzt\光谱\cycle_0082_205901_592_spectrum.csv,E:\jupyter file\2_Optics\8821L\Utils\AutoZoom\lorenzt\光谱\lorentz_fit_output\cycle_0082_205901_592_spectrum,True,ok,wavelength,median_filtered_y,347,510.003,521.972,1110.9821347400552,96.69336956121784,0.9273310319810842,516.2988358897175,104.27060696399751,0.9155718859170027,6.890359185229467,E:\jupyter file\2_Optics\8821L\Utils\AutoZoom\lorenzt\光谱\lorentz_fit_output\cycle_0082_205901_592_spectrum\cycle_0082_205901_592_spectrum_lorentz_fit_curve.csv,E:\jupyter file\2_Optics\8821L\Utils\AutoZoom\lorenzt\光谱\lorentz_fit_output\cycle_0082_205901_592_spectrum\cycle_0082_205901_592_spectrum_lorentz_fit_params.json,E:\jupyter file\2_Optics\8821L\Utils\AutoZoom\lorenzt\光谱\lorentz_fit_output\cycle_0082_205901_592_spectrum\cycle_0082_205901_592_spectrum_lorentz_fit.png
E:\jupyter file\2_Optics\8821L\Utils\AutoZoom\lorenzt\光谱\cycle_0083_205933_516_spectrum.csv,E:\jupyter file\2_Optics\8821L\Utils\AutoZoom\lorenzt\光谱\lorentz_fit_output\cycle_0083_205933_516_spectrum,True,ok,wavelength,median_filtered_y,347,510.003,521.972,1111.9895132877175,88.05713405159833,0.8738178056970707,516.2090077146639,100.77287676846149,0.9127932086546843,6.627692038726153,E:\jupyter file\2_Optics\8821L\Utils\AutoZoom\lorenzt\光谱\lorentz_fit_output\cycle_0083_205933_516_spectrum\cycle_0083_205933_516_spectrum_lorentz_fit_curve.csv,E:\jupyter file\2_Optics\8821L\Utils\AutoZoom\lorenzt\光谱\lorentz_fit_output\cycle_0083_205933_516_spectrum\cycle_0083_205933_516_spectrum_lorentz_fit_params.json,E:\jupyter file\2_Optics\8821L\Utils\AutoZoom\lorenzt\光谱\lorentz_fit_output\cycle_0083_205933_516_spectrum\cycle_0083_205933_516_spectrum_lorentz_fit.png
E:\jupyter file\2_Optics\8821L\Utils\AutoZoom\lorenzt\光谱\cycle_0084_210119_261_spectrum.csv,E:\jupyter file\2_Optics\8821L\Utils\AutoZoom\lorenzt\光谱\lorentz_fit_output\cycle_0084_210119_261_spectrum,True,ok,wavelength,median_filtered_y,347,510.003,521.972,1112.4984944298817,68.25899523612586,0.9236341836972793,516.2872447176007,73.90262989497334,0.8882011089231774,5.697114644183114,E:\jupyter file\2_Optics\8821L\Utils\AutoZoom\lorenzt\光谱\lorentz_fit_output\cycle_0084_210119_261_spectrum\cycle_0084_210119_261_spectrum_lorentz_fit_curve.csv,E:\jupyter file\2_Optics\8821L\Utils\AutoZoom\lorenzt\光谱\lorentz_fit_output\cycle_0084_210119_261_spectrum\cycle_0084_210119_261_spectrum_lorentz_fit_params.json,E:\jupyter file\2_Optics\8821L\Utils\AutoZoom\lorenzt\光谱\lorentz_fit_output\cycle_0084_210119_261_spectrum\cycle_0084_210119_261_spectrum_lorentz_fit.png
E:\jupyter file\2_Optics\8821L\Utils\AutoZoom\lorenzt\光谱\cycle_0085_210227_301_spectrum.csv,E:\jupyter file\2_Optics\8821L\Utils\AutoZoom\lorenzt\光谱\lorentz_fit_output\cycle_0085_210227_301_spectrum,True,ok,wavelength,median_filtered_y,347,510.003,521.972,1115.159247331369,59.635380078797304,0.957475526530863,516.2814216949259,62.28397324667811,0.8607580595511495,5.516470781086508,E:\jupyter file\2_Optics\8821L\Utils\AutoZoom\lorenzt\光谱\lorentz_fit_output\cycle_0085_210227_301_spectrum\cycle_0085_210227_301_spectrum_lorentz_fit_curve.csv,E:\jupyter file\2_Optics\8821L\Utils\AutoZoom\lorenzt\光谱\lorentz_fit_output\cycle_0085_210227_301_spectrum\cycle_0085_210227_301_spectrum_lorentz_fit_params.json,E:\jupyter file\2_Optics\8821L\Utils\AutoZoom\lorenzt\光谱\lorentz_fit_output\cycle_0085_210227_301_spectrum\cycle_0085_210227_301_spectrum_lorentz_fit.png
E:\jupyter file\2_Optics\8821L\Utils\AutoZoom\lorenzt\光谱\cycle_0086_210330_840_spectrum.csv,E:\jupyter file\2_Optics\8821L\Utils\AutoZoom\lorenzt\光谱\lorentz_fit_output\cycle_0086_210330_840_spectrum,True,ok,wavelength,median_filtered_y,347,510.003,521.972,1114.992452462021,60.401474941545075,1.0001481052217025,516.2013512570016,60.39253049242732,0.886396015377931,4.837624758382519,E:\jupyter file\2_Optics\8821L\Utils\AutoZoom\lorenzt\光谱\lorentz_fit_output\cycle_0086_210330_840_spectrum\cycle_0086_210330_840_spectrum_lorentz_fit_curve.csv,E:\jupyter file\2_Optics\8821L\Utils\AutoZoom\lorenzt\光谱\lorentz_fit_output\cycle_0086_210330_840_spectrum\cycle_0086_210330_840_spectrum_lorentz_fit_params.json,E:\jupyter file\2_Optics\8821L\Utils\AutoZoom\lorenzt\光谱\lorentz_fit_output\cycle_0086_210330_840_spectrum\cycle_0086_210330_840_spectrum_lorentz_fit.png
E:\jupyter file\2_Optics\8821L\Utils\AutoZoom\lorenzt\光谱\cycle_0087_210439_160_spectrum.csv,E:\jupyter file\2_Optics\8821L\Utils\AutoZoom\lorenzt\光谱\lorentz_fit_output\cycle_0087_210439_160_spectrum,True,ok,wavelength,median_filtered_y,347,510.003,521.972,1115.5267541219027,38.6764718118642,0.7317390386859849,516.198560158653,52.85555336956901,0.8044692402710479,5.172619083038873,E:\jupyter file\2_Optics\8821L\Utils\AutoZoom\lorenzt\光谱\lorentz_fit_output\cycle_0087_210439_160_spectrum\cycle_0087_210439_160_spectrum_lorentz_fit_curve.csv,E:\jupyter file\2_Optics\8821L\Utils\AutoZoom\lorenzt\光谱\lorentz_fit_output\cycle_0087_210439_160_spectrum\cycle_0087_210439_160_spectrum_lorentz_fit_params.json,E:\jupyter file\2_Optics\8821L\Utils\AutoZoom\lorenzt\光谱\lorentz_fit_output\cycle_0087_210439_160_spectrum\cycle_0087_210439_160_spectrum_lorentz_fit.png
E:\jupyter file\2_Optics\8821L\Utils\AutoZoom\lorenzt\光谱\cycle_0088_210619_394_spectrum.csv,E:\jupyter file\2_Optics\8821L\Utils\AutoZoom\lorenzt\光谱\lorentz_fit_output\cycle_0088_210619_394_spectrum,True,ok,wavelength,median_filtered_y,347,510.003,521.972,1113.7016022140865,48.34455984337121,1.021837739578061,516.3061058699207,47.311386114329395,0.7972674233973496,5.379951599056401,E:\jupyter file\2_Optics\8821L\Utils\AutoZoom\lorenzt\光谱\lorentz_fit_output\cycle_0088_210619_394_spectrum\cycle_0088_210619_394_spectrum_lorentz_fit_curve.csv,E:\jupyter file\2_Optics\8821L\Utils\AutoZoom\lorenzt\光谱\lorentz_fit_output\cycle_0088_210619_394_spectrum\cycle_0088_210619_394_spectrum_lorentz_fit_params.json,E:\jupyter file\2_Optics\8821L\Utils\AutoZoom\lorenzt\光谱\lorentz_fit_output\cycle_0088_210619_394_spectrum\cycle_0088_210619_394_spectrum_lorentz_fit.png
E:\jupyter file\2_Optics\8821L\Utils\AutoZoom\lorenzt\光谱\cycle_0089_210730_423_spectrum.csv,E:\jupyter file\2_Optics\8821L\Utils\AutoZoom\lorenzt\光谱\lorentz_fit_output\cycle_0089_210730_423_spectrum,True,ok,wavelength,median_filtered_y,347,510.003,521.972,1117.0773285473292,40.87695721275522,0.9671042317209682,516.278322332908,42.267374986059586,0.7872118412753073,4.857079273795131,E:\jupyter file\2_Optics\8821L\Utils\AutoZoom\lorenzt\光谱\lorentz_fit_output\cycle_0089_210730_423_spectrum\cycle_0089_210730_423_spectrum_lorentz_fit_curve.csv,E:\jupyter file\2_Optics\8821L\Utils\AutoZoom\lorenzt\光谱\lorentz_fit_output\cycle_0089_210730_423_spectrum\cycle_0089_210730_423_spectrum_lorentz_fit_params.json,E:\jupyter file\2_Optics\8821L\Utils\AutoZoom\lorenzt\光谱\lorentz_fit_output\cycle_0089_210730_423_spectrum\cycle_0089_210730_423_spectrum_lorentz_fit.png
E:\jupyter file\2_Optics\8821L\Utils\AutoZoom\lorenzt\光谱\cycle_0090_210918_079_spectrum.csv,E:\jupyter file\2_Optics\8821L\Utils\AutoZoom\lorenzt\光谱\lorentz_fit_output\cycle_0090_210918_079_spectrum,True,ok,wavelength,median_filtered_y,347,510.003,521.972,1115.274936692588,36.62514465378881,0.8805302571020713,516.1785428878434,41.59441922453235,0.733553884984459,5.34955065762435,E:\jupyter file\2_Optics\8821L\Utils\AutoZoom\lorenzt\光谱\lorentz_fit_output\cycle_0090_210918_079_spectrum\cycle_0090_210918_079_spectrum_lorentz_fit_curve.csv,E:\jupyter file\2_Optics\8821L\Utils\AutoZoom\lorenzt\光谱\lorentz_fit_output\cycle_0090_210918_079_spectrum\cycle_0090_210918_079_spectrum_lorentz_fit_params.json,E:\jupyter file\2_Optics\8821L\Utils\AutoZoom\lorenzt\光谱\lorentz_fit_output\cycle_0090_210918_079_spectrum\cycle_0090_210918_079_spectrum_lorentz_fit.png
E:\jupyter file\2_Optics\8821L\Utils\AutoZoom\lorenzt\光谱\cycle_0091_211034_063_spectrum.csv,E:\jupyter file\2_Optics\8821L\Utils\AutoZoom\lorenzt\光谱\lorentz_fit_output\cycle_0091_211034_063_spectrum,True,ok,wavelength,median_filtered_y,347,510.003,521.972,1114.75993758271,26.21469471912342,1.0811888655049695,516.1878449425844,24.24617525715994,0.4755094017232757,5.858594627356043,E:\jupyter file\2_Optics\8821L\Utils\AutoZoom\lorenzt\光谱\lorentz_fit_output\cycle_0091_211034_063_spectrum\cycle_0091_211034_063_spectrum_lorentz_fit_curve.csv,E:\jupyter file\2_Optics\8821L\Utils\AutoZoom\lorenzt\光谱\lorentz_fit_output\cycle_0091_211034_063_spectrum\cycle_0091_211034_063_spectrum_lorentz_fit_params.json,E:\jupyter file\2_Optics\8821L\Utils\AutoZoom\lorenzt\光谱\lorentz_fit_output\cycle_0091_211034_063_spectrum\cycle_0091_211034_063_spectrum_lorentz_fit.png
E:\jupyter file\2_Optics\8821L\Utils\AutoZoom\lorenzt\光谱\cycle_0092_211116_317_spectrum.csv,E:\jupyter file\2_Optics\8821L\Utils\AutoZoom\lorenzt\光谱\lorentz_fit_output\cycle_0092_211116_317_spectrum,True,ok,wavelength,median_filtered_y,347,510.003,521.972,1116.2553992402832,25.186565784804078,1.0961558469947452,516.2387232859285,22.977175968049018,0.5736729052399907,4.579285072902329,E:\jupyter file\2_Optics\8821L\Utils\AutoZoom\lorenzt\光谱\lorentz_fit_output\cycle_0092_211116_317_spectrum\cycle_0092_211116_317_spectrum_lorentz_fit_curve.csv,E:\jupyter file\2_Optics\8821L\Utils\AutoZoom\lorenzt\光谱\lorentz_fit_output\cycle_0092_211116_317_spectrum\cycle_0092_211116_317_spectrum_lorentz_fit_params.json,E:\jupyter file\2_Optics\8821L\Utils\AutoZoom\lorenzt\光谱\lorentz_fit_output\cycle_0092_211116_317_spectrum\cycle_0092_211116_317_spectrum_lorentz_fit.png
E:\jupyter file\2_Optics\8821L\Utils\AutoZoom\lorenzt\光谱\cycle_0093_211217_564_spectrum.csv,E:\jupyter file\2_Optics\8821L\Utils\AutoZoom\lorenzt\光谱\lorentz_fit_output\cycle_0093_211217_564_spectrum,True,ok,wavelength,median_filtered_y,347,510.003,521.972,1115.4248139811116,26.51045227172518,1.1500469871519083,516.2387310200086,23.05162534043789,0.49872293325289074,5.4322262990012495,E:\jupyter file\2_Optics\8821L\Utils\AutoZoom\lorenzt\光谱\lorentz_fit_output\cycle_0093_211217_564_spectrum\cycle_0093_211217_564_spectrum_lorentz_fit_curve.csv,E:\jupyter file\2_Optics\8821L\Utils\AutoZoom\lorenzt\光谱\lorentz_fit_output\cycle_0093_211217_564_spectrum\cycle_0093_211217_564_spectrum_lorentz_fit_params.json,E:\jupyter file\2_Optics\8821L\Utils\AutoZoom\lorenzt\光谱\lorentz_fit_output\cycle_0093_211217_564_spectrum\cycle_0093_211217_564_spectrum_lorentz_fit.png
E:\jupyter file\2_Optics\8821L\Utils\AutoZoom\lorenzt\光谱\cycle_0094_211258_468_spectrum.csv,E:\jupyter file\2_Optics\8821L\Utils\AutoZoom\lorenzt\光谱\lorentz_fit_output\cycle_0094_211258_468_spectrum,True,ok,wavelength,median_filtered_y,347,510.003,521.972,1116.1519089150972,17.8460480982675,0.8177307950827406,516.2668202132041,21.823866981139897,0.47386506492931213,4.769699630714961,E:\jupyter file\2_Optics\8821L\Utils\AutoZoom\lorenzt\光谱\lorentz_fit_output\cycle_0094_211258_468_spectrum\cycle_0094_211258_468_spectrum_lorentz_fit_curve.csv,E:\jupyter file\2_Optics\8821L\Utils\AutoZoom\lorenzt\光谱\lorentz_fit_output\cycle_0094_211258_468_spectrum\cycle_0094_211258_468_spectrum_lorentz_fit_params.json,E:\jupyter file\2_Optics\8821L\Utils\AutoZoom\lorenzt\光谱\lorentz_fit_output\cycle_0094_211258_468_spectrum\cycle_0094_211258_468_spectrum_lorentz_fit.png
E:\jupyter file\2_Optics\8821L\Utils\AutoZoom\lorenzt\光谱\cycle_0095_211336_709_spectrum.csv,E:\jupyter file\2_Optics\8821L\Utils\AutoZoom\lorenzt\光谱\lorentz_fit_output\cycle_0095_211336_709_spectrum,True,ok,wavelength,median_filtered_y,347,510.003,521.972,1114.8107074060392,24.902786271602935,0.9877940198153828,516.2999572827218,25.210505198500012,0.5418914608403121,5.163271119694128,E:\jupyter file\2_Optics\8821L\Utils\AutoZoom\lorenzt\光谱\lorentz_fit_output\cycle_0095_211336_709_spectrum\cycle_0095_211336_709_spectrum_lorentz_fit_curve.csv,E:\jupyter file\2_Optics\8821L\Utils\AutoZoom\lorenzt\光谱\lorentz_fit_output\cycle_0095_211336_709_spectrum\cycle_0095_211336_709_spectrum_lorentz_fit_params.json,E:\jupyter file\2_Optics\8821L\Utils\AutoZoom\lorenzt\光谱\lorentz_fit_output\cycle_0095_211336_709_spectrum\cycle_0095_211336_709_spectrum_lorentz_fit.png
E:\jupyter file\2_Optics\8821L\Utils\AutoZoom\lorenzt\光谱\cycle_0096_211415_148_spectrum.csv,E:\jupyter file\2_Optics\8821L\Utils\AutoZoom\lorenzt\光谱\lorentz_fit_output\cycle_0096_211415_148_spectrum,True,ok,wavelength,median_filtered_y,347,510.003,521.972,1114.226559821395,25.394146494022124,0.9954538472665502,516.1862327802826,25.510119393031385,0.5328248399814064,5.3355848054982795,E:\jupyter file\2_Optics\8821L\Utils\AutoZoom\lorenzt\光谱\lorentz_fit_output\cycle_0096_211415_148_spectrum\cycle_0096_211415_148_spectrum_lorentz_fit_curve.csv,E:\jupyter file\2_Optics\8821L\Utils\AutoZoom\lorenzt\光谱\lorentz_fit_output\cycle_0096_211415_148_spectrum\cycle_0096_211415_148_spectrum_lorentz_fit_params.json,E:\jupyter file\2_Optics\8821L\Utils\AutoZoom\lorenzt\光谱\lorentz_fit_output\cycle_0096_211415_148_spectrum\cycle_0096_211415_148_spectrum_lorentz_fit.png
E:\jupyter file\2_Optics\8821L\Utils\AutoZoom\lorenzt\光谱\cycle_0097_211523_255_spectrum.csv,E:\jupyter file\2_Optics\8821L\Utils\AutoZoom\lorenzt\光谱\lorentz_fit_output\cycle_0097_211523_255_spectrum,True,ok,wavelength,median_filtered_y,347,510.003,521.972,1114.9133219212256,31.508501015716234,1.7193772809295769,515.9812269411697,18.325530623901955,0.48838346906377383,4.979832538898329,E:\jupyter file\2_Optics\8821L\Utils\AutoZoom\lorenzt\光谱\lorentz_fit_output\cycle_0097_211523_255_spectrum\cycle_0097_211523_255_spectrum_lorentz_fit_curve.csv,E:\jupyter file\2_Optics\8821L\Utils\AutoZoom\lorenzt\光谱\lorentz_fit_output\cycle_0097_211523_255_spectrum\cycle_0097_211523_255_spectrum_lorentz_fit_params.json,E:\jupyter file\2_Optics\8821L\Utils\AutoZoom\lorenzt\光谱\lorentz_fit_output\cycle_0097_211523_255_spectrum\cycle_0097_211523_255_spectrum_lorentz_fit.png
E:\jupyter file\2_Optics\8821L\Utils\AutoZoom\lorenzt\光谱\cycle_0098_211646_207_spectrum.csv,E:\jupyter file\2_Optics\8821L\Utils\AutoZoom\lorenzt\光谱\lorentz_fit_output\cycle_0098_211646_207_spectrum,True,ok,wavelength,median_filtered_y,347,510.003,521.972,1113.6201411918264,29.333311536995755,1.4816714321480844,516.1788658112945,19.797446924159946,0.5027865973571989,5.016743328458293,E:\jupyter file\2_Optics\8821L\Utils\AutoZoom\lorenzt\光谱\lorentz_fit_output\cycle_0098_211646_207_spectrum\cycle_0098_211646_207_spectrum_lorentz_fit_curve.csv,E:\jupyter file\2_Optics\8821L\Utils\AutoZoom\lorenzt\光谱\lorentz_fit_output\cycle_0098_211646_207_spectrum\cycle_0098_211646_207_spectrum_lorentz_fit_params.json,E:\jupyter file\2_Optics\8821L\Utils\AutoZoom\lorenzt\光谱\lorentz_fit_output\cycle_0098_211646_207_spectrum\cycle_0098_211646_207_spectrum_lorentz_fit.png
E:\jupyter file\2_Optics\8821L\Utils\AutoZoom\lorenzt\光谱\cycle_0099_211717_467_spectrum.csv,E:\jupyter file\2_Optics\8821L\Utils\AutoZoom\lorenzt\光谱\lorentz_fit_output\cycle_0099_211717_467_spectrum,True,ok,wavelength,median_filtered_y,347,510.003,521.972,1115.4899072548067,21.900968387646223,0.8450123023914492,516.325791409274,25.917928443958523,0.6008029725470905,4.438064997238243,E:\jupyter file\2_Optics\8821L\Utils\AutoZoom\lorenzt\光谱\lorentz_fit_output\cycle_0099_211717_467_spectrum\cycle_0099_211717_467_spectrum_lorentz_fit_curve.csv,E:\jupyter file\2_Optics\8821L\Utils\AutoZoom\lorenzt\光谱\lorentz_fit_output\cycle_0099_211717_467_spectrum\cycle_0099_211717_467_spectrum_lorentz_fit_params.json,E:\jupyter file\2_Optics\8821L\Utils\AutoZoom\lorenzt\光谱\lorentz_fit_output\cycle_0099_211717_467_spectrum\cycle_0099_211717_467_spectrum_lorentz_fit.png
E:\jupyter file\2_Optics\8821L\Utils\AutoZoom\lorenzt\光谱\cycle_0100_211841_160_spectrum.csv,E:\jupyter file\2_Optics\8821L\Utils\AutoZoom\lorenzt\光谱\lorentz_fit_output\cycle_0100_211841_160_spectrum,True,ok,wavelength,median_filtered_y,347,510.003,521.972,1114.200234409039,22.516738941562295,0.8673729877762316,516.1962296305497,25.959695838915444,0.5503829667094959,4.978412730726824,E:\jupyter file\2_Optics\8821L\Utils\AutoZoom\lorenzt\光谱\lorentz_fit_output\cycle_0100_211841_160_spectrum\cycle_0100_211841_160_spectrum_lorentz_fit_curve.csv,E:\jupyter file\2_Optics\8821L\Utils\AutoZoom\lorenzt\光谱\lorentz_fit_output\cycle_0100_211841_160_spectrum\cycle_0100_211841_160_spectrum_lorentz_fit_params.json,E:\jupyter file\2_Optics\8821L\Utils\AutoZoom\lorenzt\光谱\lorentz_fit_output\cycle_0100_211841_160_spectrum\cycle_0100_211841_160_spectrum_lorentz_fit.png
E:\jupyter file\2_Optics\8821L\Utils\AutoZoom\lorenzt\光谱\cycle_0101_211912_449_spectrum.csv,E:\jupyter file\2_Optics\8821L\Utils\AutoZoom\lorenzt\光谱\lorentz_fit_output\cycle_0101_211912_449_spectrum,True,ok,wavelength,median_filtered_y,347,510.003,521.972,1114.2647675574544,22.28481229943054,0.8363120734161223,516.2795784128147,26.646527065432338,0.5593472027826674,4.94847721934946,E:\jupyter file\2_Optics\8821L\Utils\AutoZoom\lorenzt\光谱\lorentz_fit_output\cycle_0101_211912_449_spectrum\cycle_0101_211912_449_spectrum_lorentz_fit_curve.csv,E:\jupyter file\2_Optics\8821L\Utils\AutoZoom\lorenzt\光谱\lorentz_fit_output\cycle_0101_211912_449_spectrum\cycle_0101_211912_449_spectrum_lorentz_fit_params.json,E:\jupyter file\2_Optics\8821L\Utils\AutoZoom\lorenzt\光谱\lorentz_fit_output\cycle_0101_211912_449_spectrum\cycle_0101_211912_449_spectrum_lorentz_fit.png
E:\jupyter file\2_Optics\8821L\Utils\AutoZoom\lorenzt\光谱\cycle_0102_212055_913_spectrum.csv,E:\jupyter file\2_Optics\8821L\Utils\AutoZoom\lorenzt\光谱\lorentz_fit_output\cycle_0102_212055_913_spectrum,True,ok,wavelength,median_filtered_y,347,510.003,521.972,1113.2968112648587,38.436324879197635,1.1729455708786005,516.3465188281701,32.7690609295764,0.6516426446283747,5.669937532571788,E:\jupyter file\2_Optics\8821L\Utils\AutoZoom\lorenzt\光谱\lorentz_fit_output\cycle_0102_212055_913_spectrum\cycle_0102_212055_913_spectrum_lorentz_fit_curve.csv,E:\jupyter file\2_Optics\8821L\Utils\AutoZoom\lorenzt\光谱\lorentz_fit_output\cycle_0102_212055_913_spectrum\cycle_0102_212055_913_spectrum_lorentz_fit_params.json,E:\jupyter file\2_Optics\8821L\Utils\AutoZoom\lorenzt\光谱\lorentz_fit_output\cycle_0102_212055_913_spectrum\cycle_0102_212055_913_spectrum_lorentz_fit.png
E:\jupyter file\2_Optics\8821L\Utils\AutoZoom\lorenzt\光谱\cycle_0103_212234_609_spectrum.csv,E:\jupyter file\2_Optics\8821L\Utils\AutoZoom\lorenzt\光谱\lorentz_fit_output\cycle_0103_212234_609_spectrum,True,ok,wavelength,median_filtered_y,347,510.003,521.972,1115.2647001509335,33.58176107405168,0.9263660854680306,516.2227143227101,36.251069205631666,0.7253121088035952,4.852676968336149,E:\jupyter file\2_Optics\8821L\Utils\AutoZoom\lorenzt\光谱\lorentz_fit_output\cycle_0103_212234_609_spectrum\cycle_0103_212234_609_spectrum_lorentz_fit_curve.csv,E:\jupyter file\2_Optics\8821L\Utils\AutoZoom\lorenzt\光谱\lorentz_fit_output\cycle_0103_212234_609_spectrum\cycle_0103_212234_609_spectrum_lorentz_fit_params.json,E:\jupyter file\2_Optics\8821L\Utils\AutoZoom\lorenzt\光谱\lorentz_fit_output\cycle_0103_212234_609_spectrum\cycle_0103_212234_609_spectrum_lorentz_fit.png
E:\jupyter file\2_Optics\8821L\Utils\AutoZoom\lorenzt\光谱\cycle_0104_212305_228_spectrum.csv,E:\jupyter file\2_Optics\8821L\Utils\AutoZoom\lorenzt\光谱\lorentz_fit_output\cycle_0104_212305_228_spectrum,True,ok,wavelength,median_filtered_y,347,510.003,521.972,1115.1760087746807,34.73913078001837,0.8807936615686709,516.2072830463496,39.440713864980445,0.7420339541962018,4.963158602360124,E:\jupyter file\2_Optics\8821L\Utils\AutoZoom\lorenzt\光谱\lorentz_fit_output\cycle_0104_212305_228_spectrum\cycle_0104_212305_228_spectrum_lorentz_fit_curve.csv,E:\jupyter file\2_Optics\8821L\Utils\AutoZoom\lorenzt\光谱\lorentz_fit_output\cycle_0104_212305_228_spectrum\cycle_0104_212305_228_spectrum_lorentz_fit_params.json,E:\jupyter file\2_Optics\8821L\Utils\AutoZoom\lorenzt\光谱\lorentz_fit_output\cycle_0104_212305_228_spectrum\cycle_0104_212305_228_spectrum_lorentz_fit.png
E:\jupyter file\2_Optics\8821L\Utils\AutoZoom\lorenzt\光谱\cycle_0105_212413_279_spectrum.csv,E:\jupyter file\2_Optics\8821L\Utils\AutoZoom\lorenzt\光谱\lorentz_fit_output\cycle_0105_212413_279_spectrum,True,ok,wavelength,median_filtered_y,347,510.003,521.972,1114.2933395110606,39.11649024626922,0.9148602706047236,516.3019913948807,42.75679194202321,0.7940619582454598,4.7144100896026195,E:\jupyter file\2_Optics\8821L\Utils\AutoZoom\lorenzt\光谱\lorentz_fit_output\cycle_0105_212413_279_spectrum\cycle_0105_212413_279_spectrum_lorentz_fit_curve.csv,E:\jupyter file\2_Optics\8821L\Utils\AutoZoom\lorenzt\光谱\lorentz_fit_output\cycle_0105_212413_279_spectrum\cycle_0105_212413_279_spectrum_lorentz_fit_params.json,E:\jupyter file\2_Optics\8821L\Utils\AutoZoom\lorenzt\光谱\lorentz_fit_output\cycle_0105_212413_279_spectrum\cycle_0105_212413_279_spectrum_lorentz_fit.png
E:\jupyter file\2_Optics\8821L\Utils\AutoZoom\lorenzt\光谱\cycle_0106_212445_249_spectrum.csv,E:\jupyter file\2_Optics\8821L\Utils\AutoZoom\lorenzt\光谱\lorentz_fit_output\cycle_0106_212445_249_spectrum,True,ok,wavelength,median_filtered_y,347,510.003,521.972,1114.1250668899202,44.83718433273612,1.0714792786789202,516.2217531771275,41.84605827190434,0.7786450426155888,5.116990828364848,E:\jupyter file\2_Optics\8821L\Utils\AutoZoom\lorenzt\光谱\lorentz_fit_output\cycle_0106_212445_249_spectrum\cycle_0106_212445_249_spectrum_lorentz_fit_curve.csv,E:\jupyter file\2_Optics\8821L\Utils\AutoZoom\lorenzt\光谱\lorentz_fit_output\cycle_0106_212445_249_spectrum\cycle_0106_212445_249_spectrum_lorentz_fit_params.json,E:\jupyter file\2_Optics\8821L\Utils\AutoZoom\lorenzt\光谱\lorentz_fit_output\cycle_0106_212445_249_spectrum\cycle_0106_212445_249_spectrum_lorentz_fit.png
E:\jupyter file\2_Optics\8821L\Utils\AutoZoom\lorenzt\光谱\cycle_0107_212538_725_spectrum.csv,E:\jupyter file\2_Optics\8821L\Utils\AutoZoom\lorenzt\光谱\lorentz_fit_output\cycle_0107_212538_725_spectrum,True,ok,wavelength,median_filtered_y,347,510.003,521.972,1115.2045262466384,40.462629846664015,0.7950160876097176,516.2621139127322,50.89535982638829,0.7901791122041262,5.3801932178650445,E:\jupyter file\2_Optics\8821L\Utils\AutoZoom\lorenzt\光谱\lorentz_fit_output\cycle_0107_212538_725_spectrum\cycle_0107_212538_725_spectrum_lorentz_fit_curve.csv,E:\jupyter file\2_Optics\8821L\Utils\AutoZoom\lorenzt\光谱\lorentz_fit_output\cycle_0107_212538_725_spectrum\cycle_0107_212538_725_spectrum_lorentz_fit_params.json,E:\jupyter file\2_Optics\8821L\Utils\AutoZoom\lorenzt\光谱\lorentz_fit_output\cycle_0107_212538_725_spectrum\cycle_0107_212538_725_spectrum_lorentz_fit.png
E:\jupyter file\2_Optics\8821L\Utils\AutoZoom\lorenzt\光谱\cycle_0108_212702_518_spectrum.csv,E:\jupyter file\2_Optics\8821L\Utils\AutoZoom\lorenzt\光谱\lorentz_fit_output\cycle_0108_212702_518_spectrum,True,ok,wavelength,median_filtered_y,347,510.003,521.972,1114.0753637827986,63.515938813641064,1.0965295136351645,516.2904074102989,57.92451368050818,0.8410083329636078,5.823352883997949,E:\jupyter file\2_Optics\8821L\Utils\AutoZoom\lorenzt\光谱\lorentz_fit_output\cycle_0108_212702_518_spectrum\cycle_0108_212702_518_spectrum_lorentz_fit_curve.csv,E:\jupyter file\2_Optics\8821L\Utils\AutoZoom\lorenzt\光谱\lorentz_fit_output\cycle_0108_212702_518_spectrum\cycle_0108_212702_518_spectrum_lorentz_fit_params.json,E:\jupyter file\2_Optics\8821L\Utils\AutoZoom\lorenzt\光谱\lorentz_fit_output\cycle_0108_212702_518_spectrum\cycle_0108_212702_518_spectrum_lorentz_fit.png
E:\jupyter file\2_Optics\8821L\Utils\AutoZoom\lorenzt\光谱\cycle_0109_212734_421_spectrum.csv,E:\jupyter file\2_Optics\8821L\Utils\AutoZoom\lorenzt\光谱\lorentz_fit_output\cycle_0109_212734_421_spectrum,True,ok,wavelength,median_filtered_y,347,510.003,521.972,1115.0871947548032,57.98805865796161,0.863864472225585,516.3048135122044,67.12633812635706,0.8612977163501285,5.706879566901929,E:\jupyter file\2_Optics\8821L\Utils\AutoZoom\lorenzt\光谱\lorentz_fit_output\cycle_0109_212734_421_spectrum\cycle_0109_212734_421_spectrum_lorentz_fit_curve.csv,E:\jupyter file\2_Optics\8821L\Utils\AutoZoom\lorenzt\光谱\lorentz_fit_output\cycle_0109_212734_421_spectrum\cycle_0109_212734_421_spectrum_lorentz_fit_params.json,E:\jupyter file\2_Optics\8821L\Utils\AutoZoom\lorenzt\光谱\lorentz_fit_output\cycle_0109_212734_421_spectrum\cycle_0109_212734_421_spectrum_lorentz_fit.png
E:\jupyter file\2_Optics\8821L\Utils\AutoZoom\lorenzt\光谱\cycle_0110_212828_409_spectrum.csv,E:\jupyter file\2_Optics\8821L\Utils\AutoZoom\lorenzt\光谱\lorentz_fit_output\cycle_0110_212828_409_spectrum,True,ok,wavelength,median_filtered_y,347,510.003,521.972,1114.3605581129516,71.72448096169391,1.1024931302953975,516.3289515355385,65.05662392878253,0.876128508902965,5.666941863050735,E:\jupyter file\2_Optics\8821L\Utils\AutoZoom\lorenzt\光谱\lorentz_fit_output\cycle_0110_212828_409_spectrum\cycle_0110_212828_409_spectrum_lorentz_fit_curve.csv,E:\jupyter file\2_Optics\8821L\Utils\AutoZoom\lorenzt\光谱\lorentz_fit_output\cycle_0110_212828_409_spectrum\cycle_0110_212828_409_spectrum_lorentz_fit_params.json,E:\jupyter file\2_Optics\8821L\Utils\AutoZoom\lorenzt\光谱\lorentz_fit_output\cycle_0110_212828_409_spectrum\cycle_0110_212828_409_spectrum_lorentz_fit.png
E:\jupyter file\2_Optics\8821L\Utils\AutoZoom\lorenzt\光谱\cycle_0111_212908_755_spectrum.csv,E:\jupyter file\2_Optics\8821L\Utils\AutoZoom\lorenzt\光谱\lorentz_fit_output\cycle_0111_212908_755_spectrum,True,ok,wavelength,median_filtered_y,347,510.003,521.972,1114.7965125426638,72.86966390056092,0.9380264164861413,516.0767564836581,77.6840210679051,0.8671332403832102,6.64535976898563,E:\jupyter file\2_Optics\8821L\Utils\AutoZoom\lorenzt\光谱\lorentz_fit_output\cycle_0111_212908_755_spectrum\cycle_0111_212908_755_spectrum_lorentz_fit_curve.csv,E:\jupyter file\2_Optics\8821L\Utils\AutoZoom\lorenzt\光谱\lorentz_fit_output\cycle_0111_212908_755_spectrum\cycle_0111_212908_755_spectrum_lorentz_fit_params.json,E:\jupyter file\2_Optics\8821L\Utils\AutoZoom\lorenzt\光谱\lorentz_fit_output\cycle_0111_212908_755_spectrum\cycle_0111_212908_755_spectrum_lorentz_fit.png
E:\jupyter file\2_Optics\8821L\Utils\AutoZoom\lorenzt\光谱\cycle_0112_212939_709_spectrum.csv,E:\jupyter file\2_Optics\8821L\Utils\AutoZoom\lorenzt\光谱\lorentz_fit_output\cycle_0112_212939_709_spectrum,True,ok,wavelength,median_filtered_y,347,510.003,521.972,1117.6501086569317,81.13245613906201,0.9061503384739076,516.2913096110652,89.53531516161124,0.9045171477487236,6.275752636147746,E:\jupyter file\2_Optics\8821L\Utils\AutoZoom\lorenzt\光谱\lorentz_fit_output\cycle_0112_212939_709_spectrum\cycle_0112_212939_709_spectrum_lorentz_fit_curve.csv,E:\jupyter file\2_Optics\8821L\Utils\AutoZoom\lorenzt\光谱\lorentz_fit_output\cycle_0112_212939_709_spectrum\cycle_0112_212939_709_spectrum_lorentz_fit_params.json,E:\jupyter file\2_Optics\8821L\Utils\AutoZoom\lorenzt\光谱\lorentz_fit_output\cycle_0112_212939_709_spectrum\cycle_0112_212939_709_spectrum_lorentz_fit.png
E:\jupyter file\2_Optics\8821L\Utils\AutoZoom\lorenzt\光谱\cycle_0113_213111_792_spectrum.csv,E:\jupyter file\2_Optics\8821L\Utils\AutoZoom\lorenzt\光谱\lorentz_fit_output\cycle_0113_213111_792_spectrum,True,ok,wavelength,median_filtered_y,347,510.003,521.972,1116.178809673325,59.16210067351195,1.0095419772940772,516.2821260689691,58.602913008220725,0.8150490786934446,6.267658209840714,E:\jupyter file\2_Optics\8821L\Utils\AutoZoom\lorenzt\光谱\lorentz_fit_output\cycle_0113_213111_792_spectrum\cycle_0113_213111_792_spectrum_lorentz_fit_curve.csv,E:\jupyter file\2_Optics\8821L\Utils\AutoZoom\lorenzt\光谱\lorentz_fit_output\cycle_0113_213111_792_spectrum\cycle_0113_213111_792_spectrum_lorentz_fit_params.json,E:\jupyter file\2_Optics\8821L\Utils\AutoZoom\lorenzt\光谱\lorentz_fit_output\cycle_0113_213111_792_spectrum\cycle_0113_213111_792_spectrum_lorentz_fit.png
E:\jupyter file\2_Optics\8821L\Utils\AutoZoom\lorenzt\光谱\cycle_0114_213142_550_spectrum.csv,E:\jupyter file\2_Optics\8821L\Utils\AutoZoom\lorenzt\光谱\lorentz_fit_output\cycle_0114_213142_550_spectrum,True,ok,wavelength,median_filtered_y,347,510.003,521.972,1114.3189308442747,19.894564450151194,0.8167181722312488,516.2532734985796,24.359154879338437,0.49694365957438347,5.080943932509974,E:\jupyter file\2_Optics\8821L\Utils\AutoZoom\lorenzt\光谱\lorentz_fit_output\cycle_0114_213142_550_spectrum\cycle_0114_213142_550_spectrum_lorentz_fit_curve.csv,E:\jupyter file\2_Optics\8821L\Utils\AutoZoom\lorenzt\光谱\lorentz_fit_output\cycle_0114_213142_550_spectrum\cycle_0114_213142_550_spectrum_lorentz_fit_params.json,E:\jupyter file\2_Optics\8821L\Utils\AutoZoom\lorenzt\光谱\lorentz_fit_output\cycle_0114_213142_550_spectrum\cycle_0114_213142_550_spectrum_lorentz_fit.png
